ISO-10303-21;
HEADER;
FILE_DESCRIPTION (( 'STEP AP214' ),
    '1' );
FILE_NAME ('BD9E201FP4-ZTL.STEP',
    '2024-02-12T23:42:14',
    ( '' ),
    ( '' ),
    'SwSTEP 2.0',
    'SolidWorks 2022',
    '' );
FILE_SCHEMA (( 'AUTOMOTIVE_DESIGN' ));
ENDSEC;

DATA;
#1 =( NAMED_UNIT ( * ) SI_UNIT ( $, .STERADIAN. ) SOLID_ANGLE_UNIT ( ) );
#2 = ORIENTED_EDGE ( 'NONE', *, *, #4840, .T. ) ;
#3 = DIRECTION ( 'NONE',  ( 1.000000000000000000, 0.000000000000000000, 0.000000000000000000 ) ) ;
#4 = FILL_AREA_STYLE_COLOUR ( '', #4020 ) ;
#5 = CYLINDRICAL_SURFACE ( 'NONE', #5268, 0.09999999999999993616 ) ;
#6 = ADVANCED_FACE ( 'NONE', ( #3948 ), #307, .T. ) ;
#7 = EDGE_CURVE ( 'NONE', #971, #2571, #3202, .T. ) ;
#8 = DIRECTION ( 'NONE',  ( 0.000000000000000000, 1.351951388106424944E-15, -1.000000000000000000 ) ) ;
#9 = VECTOR ( 'NONE', #3757, 1000.000000000000000 ) ;
#10 = DIRECTION ( 'NONE',  ( 0.000000000000000000, 1.351951388106424944E-15, -1.000000000000000000 ) ) ;
#11 = FACE_OUTER_BOUND ( 'NONE', #859, .T. ) ;
#12 = ORIENTED_EDGE ( 'NONE', *, *, #660, .F. ) ;
#13 = ORIENTED_EDGE ( 'NONE', *, *, #4861, .T. ) ;
#14 = CARTESIAN_POINT ( 'NONE',  ( 0.2199999999999996125, 1.186048705251175006, -0.4850390680470285654 ) ) ;
#15 = COLOUR_RGB ( '',0.8039215686274510109, 0.8039215686274510109, 0.8039215686274510109 ) ;
#16 = ORIENTED_EDGE ( 'NONE', *, *, #4178, .F. ) ;
#17 = LINE ( 'NONE', #3244, #4081 ) ;
#18 = VECTOR ( 'NONE', #2812, 1000.000000000000000 ) ;
#19 = DIRECTION ( 'NONE',  ( 1.000000000000000000, 0.000000000000000000, 0.000000000000000000 ) ) ;
#20 =( GEOMETRIC_REPRESENTATION_CONTEXT ( 3 ) GLOBAL_UNCERTAINTY_ASSIGNED_CONTEXT ( ( #4168 ) ) GLOBAL_UNIT_ASSIGNED_CONTEXT ( ( #4771, #1106, #4361 ) ) REPRESENTATION_CONTEXT ( 'NONE', 'WORKASPACE' ) );
#21 = CARTESIAN_POINT ( 'NONE',  ( -1.449998880753508468, -0.7254097386008874215, 0.08001064891903693355 ) ) ;
#22 =( NAMED_UNIT ( * ) PLANE_ANGLE_UNIT ( ) SI_UNIT ( $, .RADIAN. ) );
#23 = VERTEX_POINT ( 'NONE', #5191 ) ;
#24 = CARTESIAN_POINT ( 'NONE',  ( 0.7299999999999995381, 0.8999999999999999112, -0.1800000000000000211 ) ) ;
#25 = SURFACE_STYLE_FILL_AREA ( #417 ) ;
#26 =( NAMED_UNIT ( * ) PLANE_ANGLE_UNIT ( ) SI_UNIT ( $, .RADIAN. ) );
#27 =( NAMED_UNIT ( * ) PLANE_ANGLE_UNIT ( ) SI_UNIT ( $, .RADIAN. ) );
#28 = CARTESIAN_POINT ( 'NONE',  ( -0.2200000000000004730, -0.8999999999999999112, -0.08000000000000000167 ) ) ;
#29 = PRESENTATION_LAYER_ASSIGNMENT (  '', '', ( #5144 ) ) ;
#30 = PRODUCT_DEFINITION_SHAPE ( 'NONE', 'NONE',  #4610 ) ;
#31 = ADVANCED_FACE ( 'NONE', ( #649 ), #2683, .T. ) ;
#32 = DIRECTION ( 'NONE',  ( 1.000000000000000000, 0.000000000000000000, 0.000000000000000000 ) ) ;
#33 = EDGE_LOOP ( 'NONE', ( #4474, #1524, #4672, #4394 ) ) ;
#34 = ORIENTED_EDGE ( 'NONE', *, *, #163, .F. ) ;
#35 = FILL_AREA_STYLE_COLOUR ( '', #4623 ) ;
#36 = FILL_AREA_STYLE_COLOUR ( '', #4155 ) ;
#37 = PLANE ( 'NONE',  #647 ) ;
#38 = EDGE_CURVE ( 'NONE', #2612, #4221, #3058, .T. ) ;
#39 = PRESENTATION_LAYER_ASSIGNMENT (  '', '', ( #4293 ) ) ;
#40 = ORIENTED_EDGE ( 'NONE', *, *, #2248, .F. ) ;
#41 =( GEOMETRIC_REPRESENTATION_CONTEXT ( 3 ) GLOBAL_UNCERTAINTY_ASSIGNED_CONTEXT ( ( #5015 ) ) GLOBAL_UNIT_ASSIGNED_CONTEXT ( ( #437, #4139, #4599 ) ) REPRESENTATION_CONTEXT ( 'NONE', 'WORKASPACE' ) );
#42 = CARTESIAN_POINT ( 'NONE',  ( 0.2199999999999996125, 0.9599999999999994094, 0.07999999999999998779 ) ) ;
#43 = SURFACE_STYLE_USAGE ( .BOTH. , #3295 ) ;
#44 = LINE ( 'NONE', #1654, #2324 ) ;
#45 = VECTOR ( 'NONE', #4091, 1000.000000000000000 ) ;
#46 = LINE ( 'NONE', #4453, #3142 ) ;
#47 = VERTEX_POINT ( 'NONE', #3856 ) ;
#48 = DIRECTION ( 'NONE',  ( 0.9945218953682732899, 0.000000000000000000, -0.1045284632676538178 ) ) ;
#49 = VECTOR ( 'NONE', #2570, 1000.000000000000000 ) ;
#50 = CYLINDRICAL_SURFACE ( 'NONE', #3056, 0.09999999999999985290 ) ;
#51 = EDGE_CURVE ( 'NONE', #3162, #5048, #4300, .T. ) ;
#52 = CARTESIAN_POINT ( 'NONE',  ( 0.7299999999999995381, 1.000000000000000000, -0.2855262579950638147 ) ) ;
#53 = VECTOR ( 'NONE', #2250, 1000.000000000000000 ) ;
#54 = DIRECTION ( 'NONE',  ( 0.000000000000000000, 0.000000000000000000, -1.000000000000000000 ) ) ;
#55 = DIRECTION ( 'NONE',  ( 0.9945218953682732899, 0.000000000000000000, -0.1045284632676538178 ) ) ;
#56 = FACE_OUTER_BOUND ( 'NONE', #1997, .T. ) ;
#57 = DIRECTION ( 'NONE',  ( 0.000000000000000000, 0.000000000000000000, -1.000000000000000000 ) ) ;
#58 = ORIENTED_EDGE ( 'NONE', *, *, #4465, .T. ) ;
#59 =( NAMED_UNIT ( * ) SI_UNIT ( $, .STERADIAN. ) SOLID_ANGLE_UNIT ( ) );
#60 = AXIS2_PLACEMENT_3D ( 'NONE', #3351, #3753, #4176 ) ;
#61 = CARTESIAN_POINT ( 'NONE',  ( 0.2199999999999996125, -1.159999999999999032, -0.1199999999999997735 ) ) ;
#62 = AXIS2_PLACEMENT_3D ( 'NONE', #4313, #1848, #3961 ) ;
#63 = DIRECTION ( 'NONE',  ( 1.000000000000000000, 0.000000000000000000, 0.000000000000000000 ) ) ;
#64 = VERTEX_POINT ( 'NONE', #3106 ) ;
#65 = UNCERTAINTY_MEASURE_WITH_UNIT (LENGTH_MEASURE( 1.000000000000000082E-05 ), #4618, 'distance_accuracy_value', 'NONE');
#66 = VERTEX_POINT ( 'NONE', #4767 ) ;
#67 = ADVANCED_FACE ( 'NONE', ( #592 ), #4274, .T. ) ;
#68 = ADVANCED_FACE ( 'NONE', ( #3661 ), #2817, .T. ) ;
#69 = CARTESIAN_POINT ( 'NONE',  ( 0.7299999999999995381, 0.8999999999999999112, -0.08000000000000000167 ) ) ;
#70 = DIRECTION ( 'NONE',  ( -1.000000000000000000, -0.000000000000000000, 0.000000000000000000 ) ) ;
#71 = CARTESIAN_POINT ( 'NONE',  ( -1.449998880753508468, 0.7254097386008878656, -0.08001064891903697518 ) ) ;
#72 = VECTOR ( 'NONE', #2614, 1000.000000000000000 ) ;
#73 = CARTESIAN_POINT ( 'NONE',  ( -1.343581129629361604, 0.6935811296293619144, -0.3750000000000000000 ) ) ;
#74 = DIRECTION ( 'NONE',  ( 1.000000000000000000, 0.000000000000000000, 0.000000000000000000 ) ) ;
#75 = ORIENTED_EDGE ( 'NONE', *, *, #481, .T. ) ;
#76 = SURFACE_STYLE_FILL_AREA ( #3374 ) ;
#77 = FILL_AREA_STYLE ('',( #3695 ) ) ;
#78 =( GEOMETRIC_REPRESENTATION_CONTEXT ( 3 ) GLOBAL_UNCERTAINTY_ASSIGNED_CONTEXT ( ( #1370 ) ) GLOBAL_UNIT_ASSIGNED_CONTEXT ( ( #175, #2287, #4633 ) ) REPRESENTATION_CONTEXT ( 'NONE', 'WORKASPACE' ) );
#79 = CARTESIAN_POINT ( 'NONE',  ( -1.450806167510463984, 0.7262170253578437151, -0.07232982849429266115 ) ) ;
#80 = PLANE ( 'NONE',  #60 ) ;
#81 = PRESENTATION_STYLE_ASSIGNMENT (( #4915 ) ) ;
#82 = SURFACE_STYLE_FILL_AREA ( #556 ) ;
#83 = EDGE_CURVE ( 'NONE', #3262, #4188, #806, .T. ) ;
#84 = MECHANICAL_DESIGN_GEOMETRIC_PRESENTATION_REPRESENTATION (  '', ( #4858 ), #3128 ) ;
#85 = VECTOR ( 'NONE', #921, 1000.000000000000000 ) ;
#86 = STYLED_ITEM ( 'NONE', ( #2960 ), #5197 ) ;
#87 =( NAMED_UNIT ( * ) PLANE_ANGLE_UNIT ( ) SI_UNIT ( $, .RADIAN. ) );
#88 = FACE_OUTER_BOUND ( 'NONE', #3034, .T. ) ;
#89 = VERTEX_POINT ( 'NONE', #1542 ) ;
#90 = AXIS2_PLACEMENT_3D ( 'NONE', #3992, #3442, #3122 ) ;
#91 = DIRECTION ( 'NONE',  ( 0.000000000000000000, 0.1045284632676537068, 0.9945218953682734009 ) ) ;
#92 = DIRECTION ( 'NONE',  ( -1.000000000000000000, 0.000000000000000000, 0.000000000000000000 ) ) ;
#93 = ORIENTED_EDGE ( 'NONE', *, *, #4104, .T. ) ;
#94 = VECTOR ( 'NONE', #2393, 1000.000000000000114 ) ;
#95 = VERTEX_POINT ( 'NONE', #426 ) ;
#96 = ORIENTED_EDGE ( 'NONE', *, *, #1421, .T. ) ;
#97 = DIRECTION ( 'NONE',  ( -1.000000000000000000, 0.000000000000000000, -0.000000000000000000 ) ) ;
#98 = CARTESIAN_POINT ( 'NONE',  ( -0.7300000000000004263, 0.9599999999999994094, -0.1199999999999999956 ) ) ;
#99 = VECTOR ( 'NONE', #3868, 1000.000000000000000 ) ;
#100 = ADVANCED_FACE ( 'NONE', ( #4868 ), #3182, .T. ) ;
#101 = EDGE_CURVE ( 'NONE', #3143, #563, #2746, .T. ) ;
#102 = SURFACE_SIDE_STYLE ('',( #4119 ) ) ;
#103 = ORIENTED_EDGE ( 'NONE', *, *, #163, .T. ) ;
#104 = STYLED_ITEM ( 'NONE', ( #4375 ), #2024 ) ;
#105 = EDGE_CURVE ( 'NONE', #744, #2370, #4820, .T. ) ;
#106 = CIRCLE ( 'NONE', #2304, 0.09999999999999993616 ) ;
#107 = LINE ( 'NONE', #79, #4228 ) ;
#108 = PRESENTATION_STYLE_ASSIGNMENT (( #850 ) ) ;
#109 = CARTESIAN_POINT ( 'NONE',  ( 1.418170271781981739, -0.7611114329516994736, 0.3828396347450740422 ) ) ;
#110 = DIRECTION ( 'NONE',  ( 1.000000000000000000, 0.000000000000000000, 0.000000000000000000 ) ) ;
#111 = VECTOR ( 'NONE', #1564, 1000.000000000000000 ) ;
#112 = FILL_AREA_STYLE_COLOUR ( '', #1775 ) ;
#113 = DIRECTION ( 'NONE',  ( -1.000000000000000000, 0.000000000000000000, -0.000000000000000000 ) ) ;
#114 = FACE_OUTER_BOUND ( 'NONE', #4736, .T. ) ;
#115 = UNCERTAINTY_MEASURE_WITH_UNIT (LENGTH_MEASURE( 1.000000000000000082E-05 ), #387, 'distance_accuracy_value', 'NONE');
#116 = VERTEX_POINT ( 'NONE', #733 ) ;
#117 = LINE ( 'NONE', #1386, #3231 ) ;
#118 = LINE ( 'NONE', #61, #675 ) ;
#119 = VERTEX_POINT ( 'NONE', #403 ) ;
#120 = ORIENTED_EDGE ( 'NONE', *, *, #3654, .T. ) ;
#121 = ORIENTED_EDGE ( 'NONE', *, *, #2042, .T. ) ;
#122 =( LENGTH_UNIT ( ) NAMED_UNIT ( * ) SI_UNIT ( .MILLI., .METRE. ) );
#123 = PLANE ( 'NONE',  #306 ) ;
#124 =( LENGTH_UNIT ( ) NAMED_UNIT ( * ) SI_UNIT ( .MILLI., .METRE. ) );
#125 = UNCERTAINTY_MEASURE_WITH_UNIT (LENGTH_MEASURE( 1.000000000000000082E-05 ), #1324, 'distance_accuracy_value', 'NONE');
#126 = CARTESIAN_POINT ( 'NONE',  ( -1.170000000000000373, 0.9599999999999994094, 0.07999999999999998779 ) ) ;
#127 = ORIENTED_EDGE ( 'NONE', *, *, #2900, .F. ) ;
#128 = SURFACE_STYLE_FILL_AREA ( #5032 ) ;
#129 = LINE ( 'NONE', #4609, #3723 ) ;
#130 = EDGE_CURVE ( 'NONE', #4596, #4135, #333, .T. ) ;
#131 = PRESENTATION_LAYER_ASSIGNMENT (  '', '', ( #976 ) ) ;
#132 = ORIENTED_EDGE ( 'NONE', *, *, #4268, .F. ) ;
#133 = CARTESIAN_POINT ( 'NONE',  ( 1.449998880753507580, 0.7254097386008874215, 0.08001064891904102749 ) ) ;
#134 = CARTESIAN_POINT ( 'NONE',  ( 0.7299999999999995381, -1.259999999999999343, -0.2295753528268036636 ) ) ;
#135 = PRESENTATION_LAYER_ASSIGNMENT (  '', '', ( #1315 ) ) ;
#136 = EDGE_CURVE ( 'NONE', #5285, #4199, #5011, .T. ) ;
#137 = LINE ( 'NONE', #1740, #4348 ) ;
#138 = CARTESIAN_POINT ( 'NONE',  ( 1.169999999999999707, -0.7999999999999998224, 0.08000000000000000167 ) ) ;
#139 = STYLED_ITEM ( 'NONE', ( #530 ), #4235 ) ;
#140 = FILL_AREA_STYLE_COLOUR ( '', #3893 ) ;
#141 =( NAMED_UNIT ( * ) SI_UNIT ( $, .STERADIAN. ) SOLID_ANGLE_UNIT ( ) );
#142 = ORIENTED_EDGE ( 'NONE', *, *, #4267, .F. ) ;
#143 = CARTESIAN_POINT ( 'NONE',  ( 0.2199999999999996125, 0.8999999999999999112, -0.08000000000000000167 ) ) ;
#144 = DIRECTION ( 'NONE',  ( 0.000000000000000000, 1.000000000000000000, -8.470329472543026810E-17 ) ) ;
#145 = ORIENTED_EDGE ( 'NONE', *, *, #2248, .T. ) ;
#146 = EDGE_LOOP ( 'NONE', ( #1637, #385, #1083, #3336 ) ) ;
#147 = VERTEX_POINT ( 'NONE', #760 ) ;
#148 = COLOUR_RGB ( '',0.8039215686274510109, 0.8039215686274510109, 0.8039215686274510109 ) ;
#149 = EDGE_CURVE ( 'NONE', #1363, #303, #2355, .T. ) ;
#150 = DIRECTION ( 'NONE',  ( 0.000000000000000000, 0.9945218953682734009, 0.1045284632676537068 ) ) ;
#151 = LINE ( 'NONE', #407, #680 ) ;
#152 = CARTESIAN_POINT ( 'NONE',  ( -0.2200000000000004730, 1.399999999999999911, -0.5000000000000000000 ) ) ;
#153 = UNCERTAINTY_MEASURE_WITH_UNIT (LENGTH_MEASURE( 1.000000000000000082E-05 ), #3736, 'distance_accuracy_value', 'NONE');
#154 = PRESENTATION_LAYER_ASSIGNMENT (  '', '', ( #3353 ) ) ;
#155 = LINE ( 'NONE', #4636, #4947 ) ;
#156 = ORIENTED_EDGE ( 'NONE', *, *, #3684, .F. ) ;
#157 = CARTESIAN_POINT ( 'NONE',  ( 0.7299999999999995381, -0.9999999999999997780, -0.2855262579950638147 ) ) ;
#158 = AXIS2_PLACEMENT_3D ( 'NONE', #1269, #1295, #3726 ) ;
#159 = ORIENTED_EDGE ( 'NONE', *, *, #4740, .T. ) ;
#160 = DIRECTION ( 'NONE',  ( 0.000000000000000000, 1.000000000000000000, -8.470329472543026810E-17 ) ) ;
#161 = UNCERTAINTY_MEASURE_WITH_UNIT (LENGTH_MEASURE( 1.000000000000000082E-05 ), #1089, 'distance_accuracy_value', 'NONE');
#162 = EDGE_CURVE ( 'NONE', #5066, #4794, #4030, .T. ) ;
#163 = EDGE_CURVE ( 'NONE', #2314, #3739, #3609, .T. ) ;
#164 = DIRECTION ( 'NONE',  ( 0.000000000000000000, -1.000000000000000000, -4.109696271182928860E-15 ) ) ;
#165 =( LENGTH_UNIT ( ) NAMED_UNIT ( * ) SI_UNIT ( .MILLI., .METRE. ) );
#166 = AXIS2_PLACEMENT_3D ( 'NONE', #1999, #764, #5227 ) ;
#167 = ORIENTED_EDGE ( 'NONE', *, *, #4899, .F. ) ;
#168 = PLANE ( 'NONE',  #868 ) ;
#169 = FACE_OUTER_BOUND ( 'NONE', #3101, .T. ) ;
#170 = ORIENTED_EDGE ( 'NONE', *, *, #481, .F. ) ;
#171 = ORIENTED_EDGE ( 'NONE', *, *, #1673, .T. ) ;
#172 = EDGE_LOOP ( 'NONE', ( #5092, #3190, #2082, #4996, #1941, #13, #2332, #897, #3003, #5081, #696, #1214 ) ) ;
#173 = AXIS2_PLACEMENT_3D ( 'NONE', #3180, #1486, #1123 ) ;
#174 = DIRECTION ( 'NONE',  ( 0.000000000000000000, -0.9975640502598243087, 0.06975647374412440038 ) ) ;
#175 =( LENGTH_UNIT ( ) NAMED_UNIT ( * ) SI_UNIT ( .MILLI., .METRE. ) );
#176 = DIRECTION ( 'NONE',  ( 0.000000000000000000, 0.000000000000000000, -1.000000000000000000 ) ) ;
#177 = LINE ( 'NONE', #5062, #2043 ) ;
#178 = ORIENTED_EDGE ( 'NONE', *, *, #4629, .F. ) ;
#179 = VECTOR ( 'NONE', #4169, 1000.000000000000000 ) ;
#180 =( NAMED_UNIT ( * ) PLANE_ANGLE_UNIT ( ) SI_UNIT ( $, .RADIAN. ) );
#181 = DIRECTION ( 'NONE',  ( 0.000000000000000000, 1.000000000000000000, 0.000000000000000000 ) ) ;
#182 = CARTESIAN_POINT ( 'NONE',  ( -1.450000000000000178, -0.7999999999999998224, 0.08000000000000000167 ) ) ;
#183 = PRESENTATION_LAYER_ASSIGNMENT (  '', '', ( #3391 ) ) ;
#184 = ORIENTED_EDGE ( 'NONE', *, *, #3015, .T. ) ;
#185 =( NAMED_UNIT ( * ) PLANE_ANGLE_UNIT ( ) SI_UNIT ( $, .RADIAN. ) );
#186 = DIRECTION ( 'NONE',  ( 0.000000000000000000, 1.445602896647339508E-15, -1.000000000000000000 ) ) ;
#187 = CARTESIAN_POINT ( 'NONE',  ( -1.170000000000000373, 1.399999999999999689, -0.3396092963070124204 ) ) ;
#188 = MECHANICAL_DESIGN_GEOMETRIC_PRESENTATION_REPRESENTATION (  '', ( #438 ), #1792 ) ;
#189 = MECHANICAL_DESIGN_GEOMETRIC_PRESENTATION_REPRESENTATION (  '', ( #4273 ), #1705 ) ;
#190 =( NAMED_UNIT ( * ) PLANE_ANGLE_UNIT ( ) SI_UNIT ( $, .RADIAN. ) );
#191 = DIRECTION ( 'NONE',  ( 0.000000000000000000, 4.109696271182928860E-15, 1.000000000000000000 ) ) ;
#192 = AXIS2_PLACEMENT_3D ( 'NONE', #4385, #4001, #5221 ) ;
#193 = ORIENTED_EDGE ( 'NONE', *, *, #721, .T. ) ;
#194 = CARTESIAN_POINT ( 'NONE',  ( 0.7299999999999995381, 1.186048705251175006, -0.4850390680470285654 ) ) ;
#195 = EDGE_CURVE ( 'NONE', #766, #4589, #4964, .T. ) ;
#196 = CARTESIAN_POINT ( 'NONE',  ( -1.170000000000000373, 0.7999999999999998224, 0.08000000000000000167 ) ) ;
#197 = ORIENTED_EDGE ( 'NONE', *, *, #3966, .F. ) ;
#198 = AXIS2_PLACEMENT_3D ( 'NONE', #2411, #5234, #2027 ) ;
#199 = EDGE_LOOP ( 'NONE', ( #3776, #34, #3218, #4312 ) ) ;
#200 = CARTESIAN_POINT ( 'NONE',  ( 0.2199999999999996125, -1.399999999999999911, -0.5000000000000000000 ) ) ;
#201 = VECTOR ( 'NONE', #3676, 1000.000000000000000 ) ;
#202 = FILL_AREA_STYLE_COLOUR ( '', #4587 ) ;
#203 = ADVANCED_FACE ( 'NONE', ( #1693 ), #2454, .T. ) ;
#204 = CARTESIAN_POINT ( 'NONE',  ( 1.418963392251840760, -0.7997609356944457293, 0.08227454493103544819 ) ) ;
#205 = CARTESIAN_POINT ( 'NONE',  ( 1.374999999999999334, 0.8000000000000002665, 0.08000000000000000167 ) ) ;
#206 = ORIENTED_EDGE ( 'NONE', *, *, #4202, .T. ) ;
#207 = CARTESIAN_POINT ( 'NONE',  ( -0.2200000000000004730, -1.159999999999999032, -0.1199999999999997735 ) ) ;
#208 = CARTESIAN_POINT ( 'NONE',  ( -1.170000000000000373, -0.7999999999999998224, 0.08000000000000000167 ) ) ;
#209 = ORIENTED_EDGE ( 'NONE', *, *, #1845, .F. ) ;
#210 =( NAMED_UNIT ( * ) PLANE_ANGLE_UNIT ( ) SI_UNIT ( $, .RADIAN. ) );
#211 = CIRCLE ( 'NONE', #3423, 0.2000000000000000389 ) ;
#212 = DIRECTION ( 'NONE',  ( -0.000000000000000000, 0.000000000000000000, -1.000000000000000000 ) ) ;
#213 = DIRECTION ( 'NONE',  ( 0.000000000000000000, 0.000000000000000000, -1.000000000000000000 ) ) ;
#214 = ADVANCED_FACE ( 'NONE', ( #56 ), #2069, .T. ) ;
#215 = SURFACE_SIDE_STYLE ('',( #2168 ) ) ;
#216 = CARTESIAN_POINT ( 'NONE',  ( 0.7299999999999995381, 0.9999999999999997780, -0.2855262579950638147 ) ) ;
#217 = DIRECTION ( 'NONE',  ( 0.000000000000000000, 4.109696271182928860E-15, 1.000000000000000000 ) ) ;
#218 = FILL_AREA_STYLE_COLOUR ( '', #2909 ) ;
#219 =( GEOMETRIC_REPRESENTATION_CONTEXT ( 3 ) GLOBAL_UNCERTAINTY_ASSIGNED_CONTEXT ( ( #2539 ) ) GLOBAL_UNIT_ASSIGNED_CONTEXT ( ( #289, #1896, #1973 ) ) REPRESENTATION_CONTEXT ( 'NONE', 'WORKASPACE' ) );
#220 = DIRECTION ( 'NONE',  ( 0.000000000000000000, 0.000000000000000000, 1.000000000000000000 ) ) ;
#221 = FACE_OUTER_BOUND ( 'NONE', #1885, .T. ) ;
#222 = FILL_AREA_STYLE ('',( #5075 ) ) ;
#223 = ORIENTED_EDGE ( 'NONE', *, *, #4495, .F. ) ;
#224 = DIRECTION ( 'NONE',  ( 1.000000000000000000, 0.000000000000000000, 0.000000000000000000 ) ) ;
#225 = CIRCLE ( 'NONE', #4308, 0.1999999999999998723 ) ;
#226 = SURFACE_SIDE_STYLE ('',( #3031 ) ) ;
#227 = SURFACE_STYLE_FILL_AREA ( #621 ) ;
#228 = ORIENTED_EDGE ( 'NONE', *, *, #3078, .F. ) ;
#229 = ORIENTED_EDGE ( 'NONE', *, *, #5260, .F. ) ;
#230 = CARTESIAN_POINT ( 'NONE',  ( -0.2200000000000004730, 1.399999999999999911, -0.5000000000000000000 ) ) ;
#231 = CARTESIAN_POINT ( 'NONE',  ( -1.343581129629361604, -0.7681702717819820503, 0.3828396347450740422 ) ) ;
#232 = CARTESIAN_POINT ( 'NONE',  ( 0.7299999999999995381, -1.399999999999999689, -0.3396092963070124204 ) ) ;
#233 = EDGE_CURVE ( 'NONE', #2406, #286, #1195, .T. ) ;
#234 = EDGE_CURVE ( 'NONE', #822, #2665, #501, .T. ) ;
#235 = COLOUR_RGB ( '',0.8039215686274510109, 0.8039215686274510109, 0.8039215686274510109 ) ;
#236 = ORIENTED_EDGE ( 'NONE', *, *, #3828, .T. ) ;
#237 = CARTESIAN_POINT ( 'NONE',  ( 0.2199999999999996125, -0.9599999999999994094, -0.1199999999999999956 ) ) ;
#238 = DIRECTION ( 'NONE',  ( 0.000000000000000000, 1.000000000000000000, 0.000000000000000000 ) ) ;
#239 = CARTESIAN_POINT ( 'NONE',  ( 0.7299999999999995381, -1.399999999999999689, -0.3396092963070124204 ) ) ;
#240 = VECTOR ( 'NONE', #1220, 1000.000000000000000 ) ;
#241 = VECTOR ( 'NONE', #3553, 1000.000000000000114 ) ;
#242 = ORIENTED_EDGE ( 'NONE', *, *, #2162, .T. ) ;
#243 =( NAMED_UNIT ( * ) SI_UNIT ( $, .STERADIAN. ) SOLID_ANGLE_UNIT ( ) );
#244 = DIRECTION ( 'NONE',  ( 0.9945218953682734009, 0.000000000000000000, -0.1045284632676537068 ) ) ;
#245 = LINE ( 'NONE', #1460, #5252 ) ;
#246 = CARTESIAN_POINT ( 'NONE',  ( -1.375409738600887888, -0.7999988807535080015, 0.08001064891903697518 ) ) ;
#247 = FACE_OUTER_BOUND ( 'NONE', #4800, .T. ) ;
#248 = EDGE_CURVE ( 'NONE', #815, #1528, #2022, .T. ) ;
#249 = DIRECTION ( 'NONE',  ( 1.000000000000000000, 0.000000000000000000, 0.000000000000000000 ) ) ;
#250 = DIRECTION ( 'NONE',  ( 1.000000000000000000, 0.000000000000000000, 0.000000000000000000 ) ) ;
#251 = ORIENTED_EDGE ( 'NONE', *, *, #1259, .T. ) ;
#252 = DIRECTION ( 'NONE',  ( 1.000000000000000000, 0.000000000000000000, 0.000000000000000000 ) ) ;
#253 = CARTESIAN_POINT ( 'NONE',  ( 0.7299999999999995381, 1.259999999999999343, -0.2295753528268036636 ) ) ;
#254 = MECHANICAL_DESIGN_GEOMETRIC_PRESENTATION_REPRESENTATION (  '', ( #1180 ), #3804 ) ;
#255 = ORIENTED_EDGE ( 'NONE', *, *, #3660, .T. ) ;
#256 = VERTEX_POINT ( 'NONE', #3286 ) ;
#257 = VERTEX_POINT ( 'NONE', #561 ) ;
#258 = PLANE ( 'NONE',  #853 ) ;
#259 = CARTESIAN_POINT ( 'NONE',  ( 0.7299999999999995381, -1.186048705251175006, -0.4850390680470285654 ) ) ;
#260 = VECTOR ( 'NONE', #2464, 1000.000000000000000 ) ;
#261 = LINE ( 'NONE', #3065, #4704 ) ;
#262 = AXIS2_PLACEMENT_3D ( 'NONE', #2472, #3464, #1056 ) ;
#263 = ORIENTED_EDGE ( 'NONE', *, *, #2446, .T. ) ;
#264 = DIRECTION ( 'NONE',  ( 0.000000000000000000, -1.000000000000000000, 0.000000000000000000 ) ) ;
#265 = PLANE ( 'NONE',  #2437 ) ;
#266 = ADVANCED_FACE ( 'NONE', ( #2943 ), #934, .F. ) ;
#267 = ADVANCED_FACE ( 'NONE', ( #4129 ), #3760, .T. ) ;
#268 = STYLED_ITEM ( 'NONE', ( #3371 ), #1359 ) ;
#269 = ORIENTED_EDGE ( 'NONE', *, *, #3654, .F. ) ;
#270 = PLANE ( 'NONE',  #779 ) ;
#271 = CARTESIAN_POINT ( 'NONE',  ( -0.7300000000000004263, -1.399999999999999689, -0.3396092963070124204 ) ) ;
#272 = ORIENTED_EDGE ( 'NONE', *, *, #3203, .F. ) ;
#273 = CARTESIAN_POINT ( 'NONE',  ( -1.450000000000000178, -0.7999999999999998224, -0.08000000000000000167 ) ) ;
#274 = VECTOR ( 'NONE', #1621, 1000.000000000000000 ) ;
#275 = EDGE_CURVE ( 'NONE', #1309, #5151, #3701, .T. ) ;
#276 =( GEOMETRIC_REPRESENTATION_CONTEXT ( 3 ) GLOBAL_UNCERTAINTY_ASSIGNED_CONTEXT ( ( #305 ) ) GLOBAL_UNIT_ASSIGNED_CONTEXT ( ( #3420, #2200, #3054 ) ) REPRESENTATION_CONTEXT ( 'NONE', 'WORKASPACE' ) );
#277 =( NAMED_UNIT ( * ) PLANE_ANGLE_UNIT ( ) SI_UNIT ( $, .RADIAN. ) );
#278 = FACE_OUTER_BOUND ( 'NONE', #346, .T. ) ;
#279 = LINE ( 'NONE', #2761, #4059 ) ;
#280 = ORIENTED_EDGE ( 'NONE', *, *, #2922, .T. ) ;
#281 = AXIS2_PLACEMENT_3D ( 'NONE', #665, #3073, #3473 ) ;
#282 = CARTESIAN_POINT ( 'NONE',  ( 0.7299999999999995381, 1.399999999999999689, -0.3396092963070124204 ) ) ;
#283 = AXIS2_PLACEMENT_3D ( 'NONE', #1804, #2979, #3795 ) ;
#284 = ORIENTED_EDGE ( 'NONE', *, *, #2784, .T. ) ;
#285 = ORIENTED_EDGE ( 'NONE', *, *, #3829, .F. ) ;
#286 = VERTEX_POINT ( 'NONE', #5012 ) ;
#287 = CYLINDRICAL_SURFACE ( 'NONE', #2048, 0.07500000000000002498 ) ;
#288 = LINE ( 'NONE', #3111, #5287 ) ;
#289 =( LENGTH_UNIT ( ) NAMED_UNIT ( * ) SI_UNIT ( .MILLI., .METRE. ) );
#290 = FILL_AREA_STYLE ('',( #2187 ) ) ;
#291 = ORIENTED_EDGE ( 'NONE', *, *, #4565, .F. ) ;
#292 = CARTESIAN_POINT ( 'NONE',  ( 0.7299999999999995381, 1.186048705251175006, -0.4850390680470285654 ) ) ;
#293 = AXIS2_PLACEMENT_3D ( 'NONE', #961, #3028, #5097 ) ;
#294 = ORIENTED_EDGE ( 'NONE', *, *, #4494, .T. ) ;
#295 = ADVANCED_FACE ( 'NONE', ( #114 ), #1718, .T. ) ;
#296 = PLANE ( 'NONE',  #4002 ) ;
#297 = CIRCLE ( 'NONE', #3674, 0.07500000000000002498 ) ;
#298 = LINE ( 'NONE', #3098, #1125 ) ;
#299 = CARTESIAN_POINT ( 'NONE',  ( -0.2200000000000004730, 1.399999999999999689, -0.3396092963070124204 ) ) ;
#300 = PRESENTATION_STYLE_ASSIGNMENT (( #4734 ) ) ;
#301 = EDGE_CURVE ( 'NONE', #3810, #3611, #992, .T. ) ;
#302 = ADVANCED_FACE ( 'NONE', ( #221 ), #4761, .T. ) ;
#303 = VERTEX_POINT ( 'NONE', #4321 ) ;
#304 = SURFACE_SIDE_STYLE ('',( #3947 ) ) ;
#305 = UNCERTAINTY_MEASURE_WITH_UNIT (LENGTH_MEASURE( 1.000000000000000082E-05 ), #3420, 'distance_accuracy_value', 'NONE');
#306 = AXIS2_PLACEMENT_3D ( 'NONE', #1653, #2906, #488 ) ;
#307 = CYLINDRICAL_SURFACE ( 'NONE', #926, 0.07500000000000002498 ) ;
#308 = EDGE_LOOP ( 'NONE', ( #4454, #3294, #3871, #5105 ) ) ;
#309 = VERTEX_POINT ( 'NONE', #4707 ) ;
#310 = COLOUR_RGB ( '',0.8039215686274510109, 0.8039215686274510109, 0.8039215686274510109 ) ;
#311 = DIRECTION ( 'NONE',  ( 1.000000000000000000, 0.000000000000000000, 0.000000000000000000 ) ) ;
#312 = CARTESIAN_POINT ( 'NONE',  ( -0.7300000000000004263, 0.8999999999999999112, -0.08000000000000000167 ) ) ;
#313 = AXIS2_PLACEMENT_3D ( 'NONE', #2115, #4963, #498 ) ;
#314 = EDGE_CURVE ( 'NONE', #671, #815, #4655, .T. ) ;
#315 = ORIENTED_EDGE ( 'NONE', *, *, #1983, .F. ) ;
#316 = PRESENTATION_STYLE_ASSIGNMENT (( #1924 ) ) ;
#317 =( BOUNDED_CURVE ( )  B_SPLINE_CURVE ( 3, ( #3897, #2160, #3375, #3779 ),
 .UNSPECIFIED., .F., .T. ) 
 B_SPLINE_CURVE_WITH_KNOTS ( ( 4, 4 ),
 ( 5.503250352303679982, 7.063120262055496923 ),
 .UNSPECIFIED. ) 
 CURVE ( )  GEOMETRIC_REPRESENTATION_ITEM ( )  RATIONAL_B_SPLINE_CURVE ( ( 1.000000000000000000, 0.8073061876036314866, 0.8073061876036314866, 1.000000000000000000 ) ) 
 REPRESENTATION_ITEM ( '' )  );
#318 = EDGE_LOOP ( 'NONE', ( #1916, #2259, #2285, #4080 ) ) ;
#319 = LINE ( 'NONE', #5148, #397 ) ;
#320 = DIRECTION ( 'NONE',  ( -1.000000000000000000, 3.038779738999316822E-16, -2.891205793294679411E-15 ) ) ;
#321 = DIRECTION ( 'NONE',  ( -1.000000000000000000, -0.000000000000000000, 0.000000000000000000 ) ) ;
#322 = AXIS2_PLACEMENT_3D ( 'NONE', #984, #4373, #4728 ) ;
#323 = PRESENTATION_LAYER_ASSIGNMENT (  '', '', ( #1921 ) ) ;
#324 = DIRECTION ( 'NONE',  ( 1.000000000000000000, 0.000000000000000000, 0.000000000000000000 ) ) ;
#325 = SURFACE_STYLE_FILL_AREA ( #4784 ) ;
#326 = DIRECTION ( 'NONE',  ( -0.1039620511844979306, -0.1039620511844979306, -0.9891328443778538704 ) ) ;
#327 = ORIENTED_EDGE ( 'NONE', *, *, #376, .F. ) ;
#328 = FILL_AREA_STYLE_COLOUR ( '', #3306 ) ;
#329 = PLANE ( 'NONE',  #4368 ) ;
#330 = EDGE_CURVE ( 'NONE', #4351, #3087, #5038, .T. ) ;
#331 = ADVANCED_FACE ( 'NONE', ( #3389 ), #4269, .T. ) ;
#332 = STYLED_ITEM ( 'NONE', ( #391 ), #682 ) ;
#333 = LINE ( 'NONE', #1939, #4583 ) ;
#334 = VERTEX_POINT ( 'NONE', #3479 ) ;
#335 = ORIENTED_EDGE ( 'NONE', *, *, #1092, .F. ) ;
#336 = DIRECTION ( 'NONE',  ( 0.000000000000000000, 1.000000000000000000, 0.000000000000000000 ) ) ;
#337 = CARTESIAN_POINT ( 'NONE',  ( 1.449999999999999956, -0.7251365803828910828, -0.07999999999999990452 ) ) ;
#338 = VECTOR ( 'NONE', #4847, 1000.000000000000000 ) ;
#339 = ORIENTED_EDGE ( 'NONE', *, *, #4591, .F. ) ;
#340 = APPLICATION_PROTOCOL_DEFINITION ( 'draft international standard', 'automotive_design', 1998, #3833 ) ;
#341 = VECTOR ( 'NONE', #5058, 1000.000000000000000 ) ;
#342 = SURFACE_SIDE_STYLE ('',( #410 ) ) ;
#343 = DIRECTION ( 'NONE',  ( 0.000000000000000000, 0.000000000000000000, -1.000000000000000000 ) ) ;
#344 = MECHANICAL_DESIGN_GEOMETRIC_PRESENTATION_REPRESENTATION (  '', ( #4345 ), #4162 ) ;
#345 = PRESENTATION_LAYER_ASSIGNMENT (  '', '', ( #1605 ) ) ;
#346 = EDGE_LOOP ( 'NONE', ( #1376, #1239, #3987, #4570 ) ) ;
#347 = CARTESIAN_POINT ( 'NONE',  ( 1.343581129629361159, 0.7611114329516998067, 0.4500000000000000111 ) ) ;
#348 = VECTOR ( 'NONE', #1365, 1000.000000000000000 ) ;
#349 =( GEOMETRIC_REPRESENTATION_CONTEXT ( 3 ) GLOBAL_UNCERTAINTY_ASSIGNED_CONTEXT ( ( #1256 ) ) GLOBAL_UNIT_ASSIGNED_CONTEXT ( ( #1502, #4774, #5282 ) ) REPRESENTATION_CONTEXT ( 'NONE', 'WORKASPACE' ) );
#350 = CARTESIAN_POINT ( 'NONE',  ( 0.2199999999999996125, 1.253024352625586868, -0.3293317578527860667 ) ) ;
#351 = DIRECTION ( 'NONE',  ( 0.000000000000000000, 1.000000000000000000, 0.000000000000000000 ) ) ;
#352 = FACE_OUTER_BOUND ( 'NONE', #1763, .T. ) ;
#353 =( GEOMETRIC_REPRESENTATION_CONTEXT ( 3 ) GLOBAL_UNCERTAINTY_ASSIGNED_CONTEXT ( ( #1379 ) ) GLOBAL_UNIT_ASSIGNED_CONTEXT ( ( #2106, #2521, #5141 ) ) REPRESENTATION_CONTEXT ( 'NONE', 'WORKASPACE' ) );
#354 = DIRECTION ( 'NONE',  ( 0.000000000000000000, 0.000000000000000000, -1.000000000000000000 ) ) ;
#355 = PRESENTATION_LAYER_ASSIGNMENT (  '', '', ( #2116 ) ) ;
#356 = PRESENTATION_STYLE_ASSIGNMENT (( #757 ) ) ;
#357 = ORIENTED_EDGE ( 'NONE', *, *, #1338, .F. ) ;
#358 = VECTOR ( 'NONE', #1262, 1000.000000000000000 ) ;
#359 = EDGE_LOOP ( 'NONE', ( #4005, #1600, #4715, #1474 ) ) ;
#360 = EDGE_CURVE ( 'NONE', #5086, #3324, #3850, .T. ) ;
#361 = FILL_AREA_STYLE ('',( #4 ) ) ;
#362 = CARTESIAN_POINT ( 'NONE',  ( 1.375409738600887444, 0.7999988807535084456, -0.08001064891903696130 ) ) ;
#363 = FILL_AREA_STYLE ('',( #1179 ) ) ;
#364 = PRESENTATION_LAYER_ASSIGNMENT (  '', '', ( #3733 ) ) ;
#365 = ORIENTED_EDGE ( 'NONE', *, *, #4164, .T. ) ;
#366 = EDGE_CURVE ( 'NONE', #4589, #1567, #1558, .T. ) ;
#367 = COLOUR_RGB ( '',0.8039215686274510109, 0.8039215686274510109, 0.8039215686274510109 ) ;
#368 = DIRECTION ( 'NONE',  ( 0.000000000000000000, 0.000000000000000000, -1.000000000000000000 ) ) ;
#369 = ORIENTED_EDGE ( 'NONE', *, *, #4861, .F. ) ;
#370 = LINE ( 'NONE', #3247, #1779 ) ;
#371 = LINE ( 'NONE', #1984, #1755 ) ;
#372 = LINE ( 'NONE', #1986, #94 ) ;
#373 =( NAMED_UNIT ( * ) PLANE_ANGLE_UNIT ( ) SI_UNIT ( $, .RADIAN. ) );
#374 = PRESENTATION_STYLE_ASSIGNMENT (( #1961 ) ) ;
#375 = CARTESIAN_POINT ( 'NONE',  ( -1.170000000000000373, 1.199999999999999956, -0.2855262579950635371 ) ) ;
#376 = EDGE_CURVE ( 'NONE', #1187, #116, #211, .T. ) ;
#377 = CARTESIAN_POINT ( 'NONE',  ( -0.2200000000000004730, -1.253024352625586868, -0.3293317578527861222 ) ) ;
#378 =( NAMED_UNIT ( * ) PLANE_ANGLE_UNIT ( ) SI_UNIT ( $, .RADIAN. ) );
#379 = CARTESIAN_POINT ( 'NONE',  ( -1.170000000000000373, -0.7999999999999998224, 0.08000000000000000167 ) ) ;
#380 = ORIENTED_EDGE ( 'NONE', *, *, #832, .T. ) ;
#381 = ORIENTED_EDGE ( 'NONE', *, *, #4036, .F. ) ;
#382 = AXIS2_PLACEMENT_3D ( 'NONE', #4063, #2777, #368 ) ;
#383 = DIRECTION ( 'NONE',  ( 1.000000000000000000, 0.000000000000000000, 0.000000000000000000 ) ) ;
#384 = DIRECTION ( 'NONE',  ( 0.000000000000000000, 0.000000000000000000, -1.000000000000000000 ) ) ;
#385 = ORIENTED_EDGE ( 'NONE', *, *, #2132, .F. ) ;
#386 = CARTESIAN_POINT ( 'NONE',  ( 0.7299999999999995381, 1.159999999999999032, -0.1199999999999997735 ) ) ;
#387 =( LENGTH_UNIT ( ) NAMED_UNIT ( * ) SI_UNIT ( .MILLI., .METRE. ) );
#388 = AXIS2_PLACEMENT_3D ( 'NONE', #3487, #3084, #2999 ) ;
#389 = ADVANCED_FACE ( 'NONE', ( #4430 ), #2328, .T. ) ;
#390 = ORIENTED_EDGE ( 'NONE', *, *, #660, .T. ) ;
#391 = PRESENTATION_STYLE_ASSIGNMENT (( #4452 ) ) ;
#392 = VERTEX_POINT ( 'NONE', #1511 ) ;
#393 = DIRECTION ( 'NONE',  ( -1.000000000000000000, -0.000000000000000000, -0.000000000000000000 ) ) ;
#394 = UNCERTAINTY_MEASURE_WITH_UNIT (LENGTH_MEASURE( 1.000000000000000082E-05 ), #2709, 'distance_accuracy_value', 'NONE');
#395 = CYLINDRICAL_SURFACE ( 'NONE', #4377, 0.07499999999999998335 ) ;
#396 = FILL_AREA_STYLE_COLOUR ( '', #1577 ) ;
#397 = VECTOR ( 'NONE', #1454, 1000.000000000000000 ) ;
#398 = VECTOR ( 'NONE', #3154, 1000.000000000000000 ) ;
#399 = CARTESIAN_POINT ( 'NONE',  ( -1.375409738600887888, -0.7999988807535080015, -0.08001064891903696130 ) ) ;
#400 = LINE ( 'NONE', #3679, #2799 ) ;
#401 = EDGE_CURVE ( 'NONE', #5052, #4680, #544, .T. ) ;
#402 = VECTOR ( 'NONE', #4183, 1000.000000000000000 ) ;
#403 = CARTESIAN_POINT ( 'NONE',  ( -1.263581129629361754, -0.5335811296293614392, 0.4500000000000000111 ) ) ;
#404 = PRESENTATION_STYLE_ASSIGNMENT (( #4894 ) ) ;
#405 = ORIENTED_EDGE ( 'NONE', *, *, #2387, .T. ) ;
#406 = ORIENTED_EDGE ( 'NONE', *, *, #2687, .F. ) ;
#407 = CARTESIAN_POINT ( 'NONE',  ( -1.170000000000000373, -1.399999999999999689, -0.3396092963070124204 ) ) ;
#408 = DIRECTION ( 'NONE',  ( 0.000000000000000000, 0.000000000000000000, 1.000000000000000000 ) ) ;
#409 = ORIENTED_EDGE ( 'NONE', *, *, #4084, .T. ) ;
#410 = SURFACE_STYLE_FILL_AREA ( #4422 ) ;
#411 = AXIS2_PLACEMENT_3D ( 'NONE', #2536, #3680, #1666 ) ;
#412 = CARTESIAN_POINT ( 'NONE',  ( -1.375409738600887888, -0.7999988807535080015, 0.08001064891903697518 ) ) ;
#413 = DIRECTION ( 'NONE',  ( 1.000000000000000000, 0.000000000000000000, 0.000000000000000000 ) ) ;
#414 = ORIENTED_EDGE ( 'NONE', *, *, #3535, .F. ) ;
#415 = EDGE_CURVE ( 'NONE', #4438, #766, #297, .T. ) ;
#416 = VECTOR ( 'NONE', #1972, 1000.000000000000000 ) ;
#417 = FILL_AREA_STYLE ('',( #4071 ) ) ;
#418 = DIRECTION ( 'NONE',  ( 1.000000000000000000, 0.000000000000000000, 0.000000000000000000 ) ) ;
#419 = AXIS2_PLACEMENT_3D ( 'NONE', #569, #1414, #3035 ) ;
#420 =( NAMED_UNIT ( * ) PLANE_ANGLE_UNIT ( ) SI_UNIT ( $, .RADIAN. ) );
#421 = PRESENTATION_LAYER_ASSIGNMENT (  '', '', ( #2716 ) ) ;
#422 = LINE ( 'NONE', #1589, #4092 ) ;
#423 = EDGE_CURVE ( 'NONE', #3163, #4161, #3967, .T. ) ;
#424 = DIRECTION ( 'NONE',  ( 0.000000000000000000, 1.000000000000000000, 1.351951388106424944E-15 ) ) ;
#425 = AXIS2_PLACEMENT_3D ( 'NONE', #2452, #2066, #55 ) ;
#426 = CARTESIAN_POINT ( 'NONE',  ( 0.7299999999999995381, -0.8999999999999999112, -0.08000000000000000167 ) ) ;
#427 = SURFACE_SIDE_STYLE ('',( #3261 ) ) ;
#428 = ORIENTED_EDGE ( 'NONE', *, *, #4469, .T. ) ;
#429 = VECTOR ( 'NONE', #4954, 1000.000000000000000 ) ;
#430 = EDGE_LOOP ( 'NONE', ( #4115, #1652, #242, #4547 ) ) ;
#431 = DIRECTION ( 'NONE',  ( 0.000000000000000000, -1.000000000000000000, 1.351951388106424944E-15 ) ) ;
#432 =( GEOMETRIC_REPRESENTATION_CONTEXT ( 3 ) GLOBAL_UNCERTAINTY_ASSIGNED_CONTEXT ( ( #4456 ) ) GLOBAL_UNIT_ASSIGNED_CONTEXT ( ( #2894, #1247, #4540 ) ) REPRESENTATION_CONTEXT ( 'NONE', 'WORKASPACE' ) );
#433 = MECHANICAL_DESIGN_GEOMETRIC_PRESENTATION_REPRESENTATION (  '', ( #5132 ), #955 ) ;
#434 = STYLED_ITEM ( 'NONE', ( #2652 ), #331 ) ;
#435 = ORIENTED_EDGE ( 'NONE', *, *, #1839, .F. ) ;
#436 = ADVANCED_FACE ( 'NONE', ( #3125 ), #1171, .F. ) ;
#437 =( LENGTH_UNIT ( ) NAMED_UNIT ( * ) SI_UNIT ( .MILLI., .METRE. ) );
#438 = STYLED_ITEM ( 'NONE', ( #2023 ), #2415 ) ;
#439 = LINE ( 'NONE', #4118, #2402 ) ;
#440 =( LENGTH_UNIT ( ) NAMED_UNIT ( * ) SI_UNIT ( .MILLI., .METRE. ) );
#441 = VECTOR ( 'NONE', #4272, 1000.000000000000000 ) ;
#442 = ORIENTED_EDGE ( 'NONE', *, *, #2616, .T. ) ;
#443 = DIRECTION ( 'NONE',  ( 0.000000000000000000, 1.000000000000000000, 0.000000000000000000 ) ) ;
#444 = FILL_AREA_STYLE_COLOUR ( '', #2289 ) ;
#445 = CARTESIAN_POINT ( 'NONE',  ( -1.170000000000000373, 0.8999999999999999112, -0.1800000000000000211 ) ) ;
#446 = SURFACE_STYLE_FILL_AREA ( #3254 ) ;
#447 =( GEOMETRIC_REPRESENTATION_CONTEXT ( 3 ) GLOBAL_UNCERTAINTY_ASSIGNED_CONTEXT ( ( #3103 ) ) GLOBAL_UNIT_ASSIGNED_CONTEXT ( ( #3975, #2431, #1565 ) ) REPRESENTATION_CONTEXT ( 'NONE', 'WORKASPACE' ) );
#448 = SURFACE_STYLE_FILL_AREA ( #929 ) ;
#449 = SURFACE_STYLE_FILL_AREA ( #3699 ) ;
#450 = VECTOR ( 'NONE', #5154, 1000.000000000000000 ) ;
#451 = CARTESIAN_POINT ( 'NONE',  ( 0.7299999999999995381, -0.9999999999999995559, -0.1799999999999999378 ) ) ;
#452 = PRODUCT ( 'BD9E201FP4-ZTL', 'BD9E201FP4-ZTL', '', ( #1574 ) ) ;
#453 = ADVANCED_FACE ( 'NONE', ( #1931 ), #1222, .T. ) ;
#454 = EDGE_CURVE ( 'NONE', #2679, #3858, #2087, .T. ) ;
#455 = PLANE ( 'NONE',  #2538 ) ;
#456 = ORIENTED_EDGE ( 'NONE', *, *, #586, .T. ) ;
#457 = PLANE ( 'NONE',  #3632 ) ;
#458 = SURFACE_STYLE_USAGE ( .BOTH. , #3640 ) ;
#459 = VECTOR ( 'NONE', #4026, 1000.000000000000000 ) ;
#460 = ORIENTED_EDGE ( 'NONE', *, *, #4249, .F. ) ;
#461 = LINE ( 'NONE', #4904, #3212 ) ;
#462 = CARTESIAN_POINT ( 'NONE',  ( -0.2200000000000004730, 1.159999999999999476, -0.2295753528268036636 ) ) ;
#463 = PLANE ( 'NONE',  #4790 ) ;
#464 = LINE ( 'NONE', #3301, #3493 ) ;
#465 = VERTEX_POINT ( 'NONE', #2476 ) ;
#466 = DIRECTION ( 'NONE',  ( 0.000000000000000000, 1.000000000000000000, 0.000000000000000000 ) ) ;
#467 = FACE_OUTER_BOUND ( 'NONE', #1806, .T. ) ;
#468 = CARTESIAN_POINT ( 'NONE',  ( 1.169999999999999707, -0.7999999999999998224, -0.08000000000000000167 ) ) ;
#469 = CIRCLE ( 'NONE', #4401, 0.07499999999999998335 ) ;
#470 = CARTESIAN_POINT ( 'NONE',  ( -1.170000000000000373, 1.000000000000000000, -0.2855262579950638147 ) ) ;
#471 = FILL_AREA_STYLE ('',( #4960 ) ) ;
#472 = DIRECTION ( 'NONE',  ( 1.000000000000000000, 0.000000000000000000, 0.000000000000000000 ) ) ;
#473 = FILL_AREA_STYLE ('',( #805 ) ) ;
#474 =( BOUNDED_CURVE ( )  B_SPLINE_CURVE ( 3, ( #3206, #4865, #4937, #1272 ),
 .UNSPECIFIED., .F., .T. ) 
 B_SPLINE_CURVE_WITH_KNOTS ( ( 4, 4 ),
 ( 5.503250352303679982, 7.063120262055498699 ),
 .UNSPECIFIED. ) 
 CURVE ( )  GEOMETRIC_REPRESENTATION_ITEM ( )  RATIONAL_B_SPLINE_CURVE ( ( 1.000000000000000000, 0.8073061876036310425, 0.8073061876036310425, 1.000000000000000000 ) ) 
 REPRESENTATION_ITEM ( '' )  );
#475 = DIRECTION ( 'NONE',  ( 0.1045284632676537068, 0.000000000000000000, -0.9945218953682734009 ) ) ;
#476 = CARTESIAN_POINT ( 'NONE',  ( -1.170000000000000373, 0.8999999999999999112, -0.08000000000000000167 ) ) ;
#477 = ORIENTED_EDGE ( 'NONE', *, *, #149, .F. ) ;
#478 = SURFACE_STYLE_USAGE ( .BOTH. , #810 ) ;
#479 = COLOUR_RGB ( '',0.8039215686274510109, 0.8039215686274510109, 0.8039215686274510109 ) ;
#480 = EDGE_CURVE ( 'NONE', #3194, #2991, #4101, .T. ) ;
#481 = EDGE_CURVE ( 'NONE', #1753, #1218, #2113, .T. ) ;
#482 = CIRCLE ( 'NONE', #4411, 0.09999999999999993616 ) ;
#483 = ORIENTED_EDGE ( 'NONE', *, *, #2416, .F. ) ;
#484 = ORIENTED_EDGE ( 'NONE', *, *, #4528, .F. ) ;
#485 = UNCERTAINTY_MEASURE_WITH_UNIT (LENGTH_MEASURE( 1.000000000000000082E-05 ), #4791, 'distance_accuracy_value', 'NONE');
#486 = ORIENTED_EDGE ( 'NONE', *, *, #3534, .F. ) ;
#487 = SURFACE_STYLE_USAGE ( .BOTH. , #4138 ) ;
#488 = DIRECTION ( 'NONE',  ( 0.000000000000000000, -1.000000000000000000, -8.470329472543025577E-17 ) ) ;
#489 = EDGE_CURVE ( 'NONE', #3905, #1231, #3698, .T. ) ;
#490 = LINE ( 'NONE', #2957, #85 ) ;
#491 = ORIENTED_EDGE ( 'NONE', *, *, #4037, .T. ) ;
#492 = AXIS2_PLACEMENT_3D ( 'NONE', #2185, #599, #3429 ) ;
#493 = LINE ( 'NONE', #4145, #1550 ) ;
#494 = DIRECTION ( 'NONE',  ( 1.000000000000000000, -0.000000000000000000, -0.000000000000000000 ) ) ;
#495 =( LENGTH_UNIT ( ) NAMED_UNIT ( * ) SI_UNIT ( .MILLI., .METRE. ) );
#496 = LINE ( 'NONE', #3331, #3973 ) ;
#497 = VECTOR ( 'NONE', #3840, 1000.000000000000000 ) ;
#498 = DIRECTION ( 'NONE',  ( -0.9945218953682732899, 0.000000000000000000, 0.1045284632676538178 ) ) ;
#499 = CIRCLE ( 'NONE', #1523, 0.07999999999999998779 ) ;
#500 = STYLED_ITEM ( 'NONE', ( #3409 ), #5266 ) ;
#501 = LINE ( 'NONE', #532, #1343 ) ;
#502 = CARTESIAN_POINT ( 'NONE',  ( -0.2200000000000004730, -1.186048705251175006, -0.4850390680470285654 ) ) ;
#503 = ORIENTED_EDGE ( 'NONE', *, *, #2823, .F. ) ;
#504 = MECHANICAL_DESIGN_GEOMETRIC_PRESENTATION_REPRESENTATION (  '', ( #1027 ), #2882 ) ;
#505 = CARTESIAN_POINT ( 'NONE',  ( -1.170000000000000373, 0.7999999999999998224, -0.08000000000000000167 ) ) ;
#506 =( BOUNDED_CURVE ( )  B_SPLINE_CURVE ( 3, ( #1235, #870, #2466, #71 ),
 .UNSPECIFIED., .F., .T. ) 
 B_SPLINE_CURVE_WITH_KNOTS ( ( 4, 4 ),
 ( 5.503250352303679982, 7.063120262055498699 ),
 .UNSPECIFIED. ) 
 CURVE ( )  GEOMETRIC_REPRESENTATION_ITEM ( )  RATIONAL_B_SPLINE_CURVE ( ( 1.000000000000000000, 0.8073061876036310425, 0.8073061876036310425, 1.000000000000000000 ) ) 
 REPRESENTATION_ITEM ( '' )  );
#507 = DIRECTION ( 'NONE',  ( 0.000000000000000000, 1.000000000000000000, -8.470329472543025577E-17 ) ) ;
#508 = MANIFOLD_SOLID_BREP ( 'Cut-Extrude1', #3193 ) ;
#509 = DIRECTION ( 'NONE',  ( 1.000000000000000000, 0.000000000000000000, 0.000000000000000000 ) ) ;
#510 = CIRCLE ( 'NONE', #939, 0.09999999999999993616 ) ;
#511 = EDGE_LOOP ( 'NONE', ( #3408, #4463, #3672, #3108 ) ) ;
#512 = STYLED_ITEM ( 'NONE', ( #1539 ), #3138 ) ;
#513 = ORIENTED_EDGE ( 'NONE', *, *, #2480, .T. ) ;
#514 = ADVANCED_FACE ( 'NONE', ( #3309 ), #4534, .T. ) ;
#515 = VERTEX_POINT ( 'NONE', #2142 ) ;
#516 = SURFACE_STYLE_FILL_AREA ( #4193 ) ;
#517 = PRESENTATION_STYLE_ASSIGNMENT (( #3744 ) ) ;
#518 = CIRCLE ( 'NONE', #1353, 0.1999999999999998723 ) ;
#519 = EDGE_CURVE ( 'NONE', #2050, #3087, #2529, .T. ) ;
#520 = ORIENTED_EDGE ( 'NONE', *, *, #4702, .T. ) ;
#521 = DIRECTION ( 'NONE',  ( -0.1039620511844980416, -0.1039620511844980416, 0.9891328443778539814 ) ) ;
#522 = VECTOR ( 'NONE', #4120, 1000.000000000000000 ) ;
#523 = LINE ( 'NONE', #377, #4608 ) ;
#524 = COLOUR_RGB ( '',0.8039215686274510109, 0.8039215686274510109, 0.8039215686274510109 ) ;
#525 = FACE_OUTER_BOUND ( 'NONE', #839, .T. ) ;
#526 = CARTESIAN_POINT ( 'NONE',  ( 0.7299999999999995381, 1.253024352625586868, -0.3293317578527860667 ) ) ;
#527 =( NAMED_UNIT ( * ) SI_UNIT ( $, .STERADIAN. ) SOLID_ANGLE_UNIT ( ) );
#528 = SURFACE_SIDE_STYLE ('',( #82 ) ) ;
#529 = UNCERTAINTY_MEASURE_WITH_UNIT (LENGTH_MEASURE( 1.000000000000000082E-05 ), #3323, 'distance_accuracy_value', 'NONE');
#530 = PRESENTATION_STYLE_ASSIGNMENT (( #906 ) ) ;
#531 = EDGE_CURVE ( 'NONE', #5048, #4438, #3255, .T. ) ;
#532 = CARTESIAN_POINT ( 'NONE',  ( 0.7299999999999995381, -1.000000000000000000, -0.2855262579950638147 ) ) ;
#533 = LINE ( 'NONE', #1384, #402 ) ;
#534 = UNCERTAINTY_MEASURE_WITH_UNIT (LENGTH_MEASURE( 1.000000000000000082E-05 ), #995, 'distance_accuracy_value', 'NONE');
#535 = ORIENTED_EDGE ( 'NONE', *, *, #4899, .T. ) ;
#536 = CYLINDRICAL_SURFACE ( 'NONE', #3405, 0.09999999999999993616 ) ;
#537 = VERTEX_POINT ( 'NONE', #133 ) ;
#538 = VERTEX_POINT ( 'NONE', #3754 ) ;
#539 = ORIENTED_EDGE ( 'NONE', *, *, #914, .T. ) ;
#540 = FILL_AREA_STYLE_COLOUR ( '', #4780 ) ;
#541 = DIRECTION ( 'NONE',  ( 0.1039620511844979445, 0.1039620511844979445, -0.9891328443778539814 ) ) ;
#542 = PRESENTATION_STYLE_ASSIGNMENT (( #43 ) ) ;
#543 = CARTESIAN_POINT ( 'NONE',  ( -0.2200000000000004730, -0.9999999999999995559, -0.1799999999999999378 ) ) ;
#544 = CIRCLE ( 'NONE', #3250, 0.2000000000000000389 ) ;
#545 = UNCERTAINTY_MEASURE_WITH_UNIT (LENGTH_MEASURE( 1.000000000000000082E-05 ), #3639, 'distance_accuracy_value', 'NONE');
#546 =( NAMED_UNIT ( * ) SI_UNIT ( $, .STERADIAN. ) SOLID_ANGLE_UNIT ( ) );
#547 = ORIENTED_EDGE ( 'NONE', *, *, #4297, .T. ) ;
#548 = CARTESIAN_POINT ( 'NONE',  ( -1.263581129629361754, -0.5335811296293614392, 0.4500000000000000111 ) ) ;
#549 = CARTESIAN_POINT ( 'NONE',  ( 1.169999999999999707, -0.8999999999999999112, -0.08000000000000000167 ) ) ;
#550 = DIRECTION ( 'NONE',  ( 1.000000000000000000, 0.000000000000000000, 0.000000000000000000 ) ) ;
#551 = COLOUR_RGB ( '',0.8039215686274510109, 0.8039215686274510109, 0.8039215686274510109 ) ;
#552 = ADVANCED_FACE ( 'NONE', ( #4616 ), #1012, .T. ) ;
#553 = EDGE_CURVE ( 'NONE', #2596, #538, #555, .T. ) ;
#554 = VERTEX_POINT ( 'NONE', #3845 ) ;
#555 = LINE ( 'NONE', #3873, #4496 ) ;
#556 = FILL_AREA_STYLE ('',( #4207 ) ) ;
#557 = AXIS2_PLACEMENT_3D ( 'NONE', #232, #1838, #656 ) ;
#558 = CARTESIAN_POINT ( 'NONE',  ( -1.375273160256225147, 0.7999996269169085128, -0.08000354964850761585 ) ) ;
#559 = COLOUR_RGB ( '',0.8039215686274510109, 0.8039215686274510109, 0.8039215686274510109 ) ;
#560 = PLANE ( 'NONE',  #4192 ) ;
#561 = CARTESIAN_POINT ( 'NONE',  ( -0.7300000000000004263, 1.159999999999999032, -0.1199999999999997735 ) ) ;
#562 = PRESENTATION_STYLE_ASSIGNMENT (( #4586 ) ) ;
#563 = VERTEX_POINT ( 'NONE', #1765 ) ;
#564 = LINE ( 'NONE', #5077, #1540 ) ;
#565 = ORIENTED_EDGE ( 'NONE', *, *, #3892, .F. ) ;
#566 = ORIENTED_EDGE ( 'NONE', *, *, #314, .F. ) ;
#567 = ORIENTED_EDGE ( 'NONE', *, *, #234, .F. ) ;
#568 =( GEOMETRIC_REPRESENTATION_CONTEXT ( 3 ) GLOBAL_UNCERTAINTY_ASSIGNED_CONTEXT ( ( #2165 ) ) GLOBAL_UNIT_ASSIGNED_CONTEXT ( ( #3412, #185, #2475 ) ) REPRESENTATION_CONTEXT ( 'NONE', 'WORKASPACE' ) );
#569 = CARTESIAN_POINT ( 'NONE',  ( -0.2200000000000004730, -0.8999999999999999112, -0.1800000000000000211 ) ) ;
#570 = FACE_OUTER_BOUND ( 'NONE', #2386, .T. ) ;
#571 = CARTESIAN_POINT ( 'NONE',  ( -0.7300000000000004263, 0.8999999999999999112, -0.1800000000000000211 ) ) ;
#572 = UNCERTAINTY_MEASURE_WITH_UNIT (LENGTH_MEASURE( 1.000000000000000082E-05 ), #1570, 'distance_accuracy_value', 'NONE');
#573 = COLOUR_RGB ( '',0.8039215686274510109, 0.8039215686274510109, 0.8039215686274510109 ) ;
#574 =( NAMED_UNIT ( * ) PLANE_ANGLE_UNIT ( ) SI_UNIT ( $, .RADIAN. ) );
#575 = VERTEX_POINT ( 'NONE', #4232 ) ;
#576 = PLANE ( 'NONE',  #1109 ) ;
#577 = DIRECTION ( 'NONE',  ( 0.000000000000000000, -3.957832284416030179E-15, -1.000000000000000000 ) ) ;
#578 = STYLED_ITEM ( 'NONE', ( #4673 ), #648 ) ;
#579 = VERTEX_POINT ( 'NONE', #3413 ) ;
#580 = SURFACE_STYLE_FILL_AREA ( #4204 ) ;
#581 = FILL_AREA_STYLE ('',( #3472 ) ) ;
#582 = EDGE_CURVE ( 'NONE', #4060, #4256, #5069, .T. ) ;
#583 = FILL_AREA_STYLE ('',( #112 ) ) ;
#584 = AXIS2_PLACEMENT_3D ( 'NONE', #3164, #336, #1496 ) ;
#585 = FILL_AREA_STYLE ('',( #1801 ) ) ;
#586 = EDGE_CURVE ( 'NONE', #309, #971, #1878, .T. ) ;
#587 = CIRCLE ( 'NONE', #3372, 0.07999999999999998779 ) ;
#588 = ORIENTED_EDGE ( 'NONE', *, *, #2166, .F. ) ;
#589 = CARTESIAN_POINT ( 'NONE',  ( -1.343581129629361604, 0.8000000000000002665, -0.3750000000000000000 ) ) ;
#590 = CARTESIAN_POINT ( 'NONE',  ( -0.2200000000000004730, -1.159999999999999032, -0.1199999999999997735 ) ) ;
#591 =( GEOMETRIC_REPRESENTATION_CONTEXT ( 3 ) GLOBAL_UNCERTAINTY_ASSIGNED_CONTEXT ( ( #1728 ) ) GLOBAL_UNIT_ASSIGNED_CONTEXT ( ( #2083, #180, #1292 ) ) REPRESENTATION_CONTEXT ( 'NONE', 'WORKASPACE' ) );
#592 = FACE_OUTER_BOUND ( 'NONE', #1830, .T. ) ;
#593 = ORIENTED_EDGE ( 'NONE', *, *, #1259, .F. ) ;
#594 = AXIS2_PLACEMENT_3D ( 'NONE', #1837, #150, #5057 ) ;
#595 = ORIENTED_EDGE ( 'NONE', *, *, #1112, .T. ) ;
#596 =( GEOMETRIC_REPRESENTATION_CONTEXT ( 3 ) GLOBAL_UNCERTAINTY_ASSIGNED_CONTEXT ( ( #2156 ) ) GLOBAL_UNIT_ASSIGNED_CONTEXT ( ( #714, #604, #1397 ) ) REPRESENTATION_CONTEXT ( 'NONE', 'WORKASPACE' ) );
#597 =( LENGTH_UNIT ( ) NAMED_UNIT ( * ) SI_UNIT ( .MILLI., .METRE. ) );
#598 = DIRECTION ( 'NONE',  ( -0.9945218953682732899, 0.000000000000000000, -0.1045284632676536235 ) ) ;
#599 = DIRECTION ( 'NONE',  ( 1.000000000000000000, 0.000000000000000000, 0.000000000000000000 ) ) ;
#600 = DIRECTION ( 'NONE',  ( 0.000000000000000000, 0.000000000000000000, 1.000000000000000000 ) ) ;
#601 = EDGE_CURVE ( 'NONE', #4438, #1060, #1456, .T. ) ;
#602 = ORIENTED_EDGE ( 'NONE', *, *, #3937, .T. ) ;
#603 = PRESENTATION_LAYER_ASSIGNMENT (  '', '', ( #692 ) ) ;
#604 =( NAMED_UNIT ( * ) PLANE_ANGLE_UNIT ( ) SI_UNIT ( $, .RADIAN. ) );
#605 = AXIS2_PLACEMENT_3D ( 'NONE', #829, #2428, #2842 ) ;
#606 = DIRECTION ( 'NONE',  ( 1.453565681539901511E-15, -1.000000000000000000, 0.000000000000000000 ) ) ;
#607 = VERTEX_POINT ( 'NONE', #958 ) ;
#608 = DIRECTION ( 'NONE',  ( -1.000000000000000000, -0.000000000000000000, 0.000000000000000000 ) ) ;
#609 = CARTESIAN_POINT ( 'NONE',  ( 0.7299999999999995381, 0.9599999999999994094, -0.1199999999999999956 ) ) ;
#610 = LINE ( 'NONE', #4179, #4697 ) ;
#611 = VECTOR ( 'NONE', #2177, 1000.000000000000000 ) ;
#612 = LINE ( 'NONE', #2675, #1699 ) ;
#613 = SURFACE_STYLE_FILL_AREA ( #585 ) ;
#614 = DIRECTION ( 'NONE',  ( 0.000000000000000000, -4.109696271182928860E-15, 1.000000000000000000 ) ) ;
#615 = COLOUR_RGB ( '',0.8039215686274510109, 0.8039215686274510109, 0.8039215686274510109 ) ;
#616 = VERTEX_POINT ( 'NONE', #5149 ) ;
#617 = CARTESIAN_POINT ( 'NONE',  ( 0.7299999999999995381, 1.253024352625586868, -0.3293317578527860667 ) ) ;
#618 = LINE ( 'NONE', #2255, #2076 ) ;
#619 = EDGE_CURVE ( 'NONE', #911, #4247, #3380, .T. ) ;
#620 = EDGE_CURVE ( 'NONE', #2071, #3662, #5039, .T. ) ;
#621 = FILL_AREA_STYLE ('',( #1103 ) ) ;
#622 = EDGE_LOOP ( 'NONE', ( #4692, #4571, #1487, #1996 ) ) ;
#623 = VECTOR ( 'NONE', #2791, 1000.000000000000000 ) ;
#624 = ORIENTED_EDGE ( 'NONE', *, *, #2885, .F. ) ;
#625 = PRESENTATION_STYLE_ASSIGNMENT (( #1471 ) ) ;
#626 = DIRECTION ( 'NONE',  ( 0.000000000000000000, 1.000000000000000000, 0.000000000000000000 ) ) ;
#627 = DIRECTION ( 'NONE',  ( 0.000000000000000000, -0.06975647374412512203, 0.9975640502598243087 ) ) ;
#628 = ORIENTED_EDGE ( 'NONE', *, *, #2866, .T. ) ;
#629 = CARTESIAN_POINT ( 'NONE',  ( -0.2200000000000004730, -1.199999999999999956, -0.2855262579950635371 ) ) ;
#630 = CARTESIAN_POINT ( 'NONE',  ( 1.418963392251840760, 0.7997609356944461734, 0.08227454493103764088 ) ) ;
#631 = FACE_OUTER_BOUND ( 'NONE', #2834, .T. ) ;
#632 = DIRECTION ( 'NONE',  ( -1.000000000000000000, 0.000000000000000000, 0.000000000000000000 ) ) ;
#633 = ADVANCED_FACE ( 'NONE', ( #3023 ), #3072, .F. ) ;
#634 = EDGE_LOOP ( 'NONE', ( #2188, #2819, #2952, #484 ) ) ;
#635 = CARTESIAN_POINT ( 'NONE',  ( 0.7299999999999995381, -0.7999999999999998224, 0.08000000000000000167 ) ) ;
#636 = AXIS2_PLACEMENT_3D ( 'NONE', #1585, #4785, #2785 ) ;
#637 = PRESENTATION_STYLE_ASSIGNMENT (( #1402 ) ) ;
#638 = AXIS2_PLACEMENT_3D ( 'NONE', #4520, #70, #2465 ) ;
#639 = CARTESIAN_POINT ( 'NONE',  ( 1.449999999999999734, -0.7999999999999998224, 0.08000000000000000167 ) ) ;
#640 = CARTESIAN_POINT ( 'NONE',  ( -0.2200000000000004730, 1.399999999999999911, -0.5000000000000000000 ) ) ;
#641 = FACE_OUTER_BOUND ( 'NONE', #4642, .T. ) ;
#642 = VECTOR ( 'NONE', #4223, 1000.000000000000000 ) ;
#643 =( NAMED_UNIT ( * ) SI_UNIT ( $, .STERADIAN. ) SOLID_ANGLE_UNIT ( ) );
#644 = VERTEX_POINT ( 'NONE', #3501 ) ;
#645 = FACE_OUTER_BOUND ( 'NONE', #3694, .T. ) ;
#646 = SURFACE_STYLE_USAGE ( .BOTH. , #304 ) ;
#647 = AXIS2_PLACEMENT_3D ( 'NONE', #2074, #63, #2849 ) ;
#648 = MANIFOLD_SOLID_BREP ( 'LPattern1[3]', #920 ) ;
#649 = FACE_OUTER_BOUND ( 'NONE', #3946, .T. ) ;
#650 = ORIENTED_EDGE ( 'NONE', *, *, #4955, .T. ) ;
#651 = ORIENTED_EDGE ( 'NONE', *, *, #691, .F. ) ;
#652 = EDGE_CURVE ( 'NONE', #4419, #4438, #2184, .T. ) ;
#653 = ADVANCED_FACE ( 'NONE', ( #1579 ), #5263, .T. ) ;
#654 = LINE ( 'NONE', #4250, #348 ) ;
#655 = DIRECTION ( 'NONE',  ( -1.000000000000000000, -0.000000000000000000, -0.000000000000000000 ) ) ;
#656 = DIRECTION ( 'NONE',  ( 0.000000000000000000, -1.351951388106424944E-15, -1.000000000000000000 ) ) ;
#657 = DIRECTION ( 'NONE',  ( 1.000000000000000000, -0.000000000000000000, 0.000000000000000000 ) ) ;
#658 = AXIS2_PLACEMENT_3D ( 'NONE', #959, #2589, #110 ) ;
#659 = ORIENTED_EDGE ( 'NONE', *, *, #101, .F. ) ;
#660 = EDGE_CURVE ( 'NONE', #1075, #147, #1059, .T. ) ;
#661 = DIRECTION ( 'NONE',  ( 0.000000000000000000, 0.9975640502598243087, -0.06975647374412512203 ) ) ;
#662 = ORIENTED_EDGE ( 'NONE', *, *, #3570, .F. ) ;
#663 = FILL_AREA_STYLE_COLOUR ( '', #479 ) ;
#664 = CARTESIAN_POINT ( 'NONE',  ( 1.344873511907027641, -0.7694626540596480879, -0.3705434387411802311 ) ) ;
#665 = CARTESIAN_POINT ( 'NONE',  ( 1.374999999999999778, -0.7249999999999998668, 0.08000000000000000167 ) ) ;
#666 = CARTESIAN_POINT ( 'NONE',  ( -1.449999626916908646, -0.7252731602562244584, 0.08000354964850751871 ) ) ;
#667 = FACE_OUTER_BOUND ( 'NONE', #2410, .T. ) ;
#668 = DIRECTION ( 'NONE',  ( 0.000000000000000000, -0.9975640502598243087, -0.06975647374412512203 ) ) ;
#669 = FILL_AREA_STYLE_COLOUR ( '', #3781 ) ;
#670 =( LENGTH_UNIT ( ) NAMED_UNIT ( * ) SI_UNIT ( .MILLI., .METRE. ) );
#671 = VERTEX_POINT ( 'NONE', #5178 ) ;
#672 = DIRECTION ( 'NONE',  ( 0.000000000000000000, 1.000000000000000000, 0.000000000000000000 ) ) ;
#673 = CARTESIAN_POINT ( 'NONE',  ( -1.170000000000000373, -0.8999999999999999112, -0.08000000000000000167 ) ) ;
#674 = UNCERTAINTY_MEASURE_WITH_UNIT (LENGTH_MEASURE( 1.000000000000000082E-05 ), #1090, 'distance_accuracy_value', 'NONE');
#675 = VECTOR ( 'NONE', #4544, 1000.000000000000000 ) ;
#676 = CARTESIAN_POINT ( 'NONE',  ( -1.170000000000000373, -1.399999999999999689, -0.3396092963070124204 ) ) ;
#677 = ORIENTED_EDGE ( 'NONE', *, *, #2331, .T. ) ;
#678 = EDGE_LOOP ( 'NONE', ( #2523, #4137, #3319, #2433 ) ) ;
#679 = SURFACE_SIDE_STYLE ('',( #3803 ) ) ;
#680 = VECTOR ( 'NONE', #4514, 1000.000000000000000 ) ;
#681 = FACE_OUTER_BOUND ( 'NONE', #983, .T. ) ;
#682 = ADVANCED_FACE ( 'NONE', ( #719 ), #2780, .T. ) ;
#683 = PRESENTATION_LAYER_ASSIGNMENT (  '', '', ( #4345 ) ) ;
#684 = CARTESIAN_POINT ( 'NONE',  ( -1.418963392251840983, -0.7997609356944459513, -0.08227454493103668332 ) ) ;
#685 = AXIS2_PLACEMENT_3D ( 'NONE', #4382, #443, #5188 ) ;
#686 = EDGE_LOOP ( 'NONE', ( #1752, #2685, #5176 ) ) ;
#687 = DIRECTION ( 'NONE',  ( 1.000000000000000000, 0.000000000000000000, 0.000000000000000000 ) ) ;
#688 = CARTESIAN_POINT ( 'NONE',  ( -1.263581129629361754, -0.5335811296293614392, 0.4399999999999999467 ) ) ;
#689 = SURFACE_SIDE_STYLE ('',( #2641 ) ) ;
#690 = AXIS2_PLACEMENT_3D ( 'NONE', #4483, #2865, #4106 ) ;
#691 = EDGE_CURVE ( 'NONE', #5151, #4594, #371, .T. ) ;
#692 = STYLED_ITEM ( 'NONE', ( #2496 ), #1394 ) ;
#693 = ORIENTED_EDGE ( 'NONE', *, *, #5091, .T. ) ;
#694 = PLANE ( 'NONE',  #3719 ) ;
#695 = AXIS2_PLACEMENT_3D ( 'NONE', #1959, #1584, #3 ) ;
#696 = ORIENTED_EDGE ( 'NONE', *, *, #2686, .T. ) ;
#697 = CARTESIAN_POINT ( 'NONE',  ( -0.2200000000000004730, 0.9999999999999997780, -0.2855262579950638147 ) ) ;
#698 = AXIS2_PLACEMENT_3D ( 'NONE', #2262, #600, #3894 ) ;
#699 = VECTOR ( 'NONE', #4779, 1000.000000000000000 ) ;
#700 = AXIS2_PLACEMENT_3D ( 'NONE', #2173, #3260, #4917 ) ;
#701 = CARTESIAN_POINT ( 'NONE',  ( -0.2200000000000004730, 1.259999999999999343, -0.2295753528268036636 ) ) ;
#702 = PLANE ( 'NONE',  #4016 ) ;
#703 = CARTESIAN_POINT ( 'NONE',  ( -0.2200000000000004730, -0.9599999999999994094, 0.07999999999999998779 ) ) ;
#704 = ORIENTED_EDGE ( 'NONE', *, *, #3015, .F. ) ;
#705 = MECHANICAL_DESIGN_GEOMETRIC_PRESENTATION_REPRESENTATION (  '', ( #3733 ), #5042 ) ;
#706 = COLOUR_RGB ( '',0.8039215686274510109, 0.8039215686274510109, 0.8039215686274510109 ) ;
#707 = SURFACE_STYLE_FILL_AREA ( #4765 ) ;
#708 = EDGE_CURVE ( 'NONE', #3490, #256, #2057, .T. ) ;
#709 = ORIENTED_EDGE ( 'NONE', *, *, #4103, .F. ) ;
#710 = ORIENTED_EDGE ( 'NONE', *, *, #2353, .F. ) ;
#711 = FACE_OUTER_BOUND ( 'NONE', #4716, .T. ) ;
#712 = DIRECTION ( 'NONE',  ( 0.000000000000000000, -0.9975640502598243087, 0.06975647374412440038 ) ) ;
#713 = VERTEX_POINT ( 'NONE', #2033 ) ;
#714 =( LENGTH_UNIT ( ) NAMED_UNIT ( * ) SI_UNIT ( .MILLI., .METRE. ) );
#715 = MECHANICAL_DESIGN_GEOMETRIC_PRESENTATION_REPRESENTATION (  '', ( #5144 ), #2826 ) ;
#716 = PLANE ( 'NONE',  #1562 ) ;
#717 = ORIENTED_EDGE ( 'NONE', *, *, #5010, .F. ) ;
#718 = FACE_OUTER_BOUND ( 'NONE', #2742, .T. ) ;
#719 = FACE_OUTER_BOUND ( 'NONE', #3225, .T. ) ;
#720 =( NAMED_UNIT ( * ) PLANE_ANGLE_UNIT ( ) SI_UNIT ( $, .RADIAN. ) );
#721 = EDGE_CURVE ( 'NONE', #2718, #1424, #3383, .T. ) ;
#722 = EDGE_CURVE ( 'NONE', #1153, #2234, #4881, .T. ) ;
#723 = CARTESIAN_POINT ( 'NONE',  ( -1.449998880753508468, 0.7254097386008878656, -0.08001064891903697518 ) ) ;
#724 = MECHANICAL_DESIGN_GEOMETRIC_PRESENTATION_REPRESENTATION (  '', ( #2663 ), #4205 ) ;
#725 = SPHERICAL_SURFACE ( 'NONE', #3940, 0.07499999999999999722 ) ;
#726 = CARTESIAN_POINT ( 'NONE',  ( 1.374999999999999778, -0.7999999999999998224, 0.08000000000000000167 ) ) ;
#727 = CARTESIAN_POINT ( 'NONE',  ( -0.7300000000000004263, 1.199999999999999956, -0.2855262579950635371 ) ) ;
#728 = CARTESIAN_POINT ( 'NONE',  ( -1.170000000000000373, 1.253024352625586868, -0.3293317578527861222 ) ) ;
#729 = ORIENTED_EDGE ( 'NONE', *, *, #2166, .T. ) ;
#730 = CYLINDRICAL_SURFACE ( 'NONE', #1691, 0.1999999999999998723 ) ;
#731 = FILL_AREA_STYLE ('',( #3158 ) ) ;
#732 = AXIS2_PLACEMENT_3D ( 'NONE', #3063, #626, #3369 ) ;
#733 = CARTESIAN_POINT ( 'NONE',  ( -0.7300000000000004263, 0.9999999999999997780, -0.2855262579950638147 ) ) ;
#734 = ORIENTED_EDGE ( 'NONE', *, *, #38, .F. ) ;
#735 = EDGE_LOOP ( 'NONE', ( #294, #3513, #16, #1385 ) ) ;
#736 = STYLED_ITEM ( 'NONE', ( #4298 ), #4128 ) ;
#737 = EDGE_CURVE ( 'NONE', #2587, #834, #3388, .T. ) ;
#738 = SURFACE_STYLE_USAGE ( .BOTH. , #1521 ) ;
#739 = FILL_AREA_STYLE ('',( #1208 ) ) ;
#740 = DIRECTION ( 'NONE',  ( 0.000000000000000000, -1.000000000000000000, -4.109696271182928860E-15 ) ) ;
#741 = ORIENTED_EDGE ( 'NONE', *, *, #7, .F. ) ;
#742 =( NAMED_UNIT ( * ) SI_UNIT ( $, .STERADIAN. ) SOLID_ANGLE_UNIT ( ) );
#743 = DIRECTION ( 'NONE',  ( 0.1045284632676537068, 0.000000000000000000, 0.9945218953682734009 ) ) ;
#744 = VERTEX_POINT ( 'NONE', #2224 ) ;
#745 = CARTESIAN_POINT ( 'NONE',  ( -0.2200000000000004730, 0.8999999999999999112, -0.08000000000000000167 ) ) ;
#746 = COLOUR_RGB ( '',0.8039215686274510109, 0.8039215686274510109, 0.8039215686274510109 ) ;
#747 = VECTOR ( 'NONE', #472, 1000.000000000000000 ) ;
#748 = DIRECTION ( 'NONE',  ( 1.000000000000000000, 0.000000000000000000, 0.000000000000000000 ) ) ;
#749 = DIRECTION ( 'NONE',  ( 0.000000000000000000, 1.000000000000000000, -4.109696271182928860E-15 ) ) ;
#750 = FILL_AREA_STYLE ('',( #2839 ) ) ;
#751 = EDGE_CURVE ( 'NONE', #1834, #2580, #2139, .T. ) ;
#752 = FILL_AREA_STYLE_COLOUR ( '', #1988 ) ;
#753 = FACE_OUTER_BOUND ( 'NONE', #1055, .T. ) ;
#754 = DIRECTION ( 'NONE',  ( 1.000000000000000000, -0.000000000000000000, 0.000000000000000000 ) ) ;
#755 = ORIENTED_EDGE ( 'NONE', *, *, #3085, .T. ) ;
#756 = FILL_AREA_STYLE ('',( #328 ) ) ;
#757 = SURFACE_STYLE_USAGE ( .BOTH. , #4409 ) ;
#758 = PRESENTATION_LAYER_ASSIGNMENT (  '', '', ( #332 ) ) ;
#759 = EDGE_CURVE ( 'NONE', #1424, #1176, #1723, .T. ) ;
#760 = CARTESIAN_POINT ( 'NONE',  ( -1.450000000000000178, 0.7250000000000003109, 0.08000000000000000167 ) ) ;
#761 = ORIENTED_EDGE ( 'NONE', *, *, #4267, .T. ) ;
#762 = ORIENTED_EDGE ( 'NONE', *, *, #751, .T. ) ;
#763 = SURFACE_SIDE_STYLE ('',( #4331 ) ) ;
#764 = DIRECTION ( 'NONE',  ( 1.000000000000000000, 0.000000000000000000, 0.000000000000000000 ) ) ;
#765 = AXIS2_PLACEMENT_3D ( 'NONE', #811, #1918, #787 ) ;
#766 = VERTEX_POINT ( 'NONE', #4732 ) ;
#767 = MECHANICAL_DESIGN_GEOMETRIC_PRESENTATION_REPRESENTATION (  '', ( #3808 ), #1024 ) ;
#768 = CARTESIAN_POINT ( 'NONE',  ( -0.7300000000000004263, 1.399999999999999689, -0.3396092963070124204 ) ) ;
#769 = COLOUR_RGB ( '',0.8039215686274510109, 0.8039215686274510109, 0.8039215686274510109 ) ;
#770 = EDGE_CURVE ( 'NONE', #2253, #5066, #4211, .T. ) ;
#771 = ORIENTED_EDGE ( 'NONE', *, *, #4297, .F. ) ;
#772 = CARTESIAN_POINT ( 'NONE',  ( -1.450000000000000178, -0.6935811296293614703, -0.3750000000000000000 ) ) ;
#773 = DIRECTION ( 'NONE',  ( 0.000000000000000000, 8.470329472543025577E-17, 1.000000000000000000 ) ) ;
#774 = MECHANICAL_DESIGN_GEOMETRIC_PRESENTATION_REPRESENTATION (  '', ( #4602 ), #4265 ) ;
#775 = DIRECTION ( 'NONE',  ( -0.1039620511844979306, -0.1039620511844979306, 0.9891328443778538704 ) ) ;
#776 = UNCERTAINTY_MEASURE_WITH_UNIT (LENGTH_MEASURE( 1.000000000000000082E-05 ), #3277, 'distance_accuracy_value', 'NONE');
#777 = SURFACE_STYLE_USAGE ( .BOTH. , #4862 ) ;
#778 = SURFACE_STYLE_USAGE ( .BOTH. , #2787 ) ;
#779 = AXIS2_PLACEMENT_3D ( 'NONE', #1061, #3844, #3934 ) ;
#780 = CARTESIAN_POINT ( 'NONE',  ( -0.7300000000000004263, 0.8999999999999999112, -0.08000000000000000167 ) ) ;
#781 = AXIS2_PLACEMENT_3D ( 'NONE', #1994, #3607, #3583 ) ;
#782 = DIRECTION ( 'NONE',  ( 0.1039620511844979306, -0.1039620511844979306, 0.9891328443778538704 ) ) ;
#783 = VERTEX_POINT ( 'NONE', #4239 ) ;
#784 = AXIS2_PLACEMENT_3D ( 'NONE', #1530, #3502, #4400 ) ;
#785 = EDGE_LOOP ( 'NONE', ( #1783, #2099, #2983, #1361, #1506, #3373, #2206, #4160, #3598, #2545, #5192, #5256 ) ) ;
#786 = CARTESIAN_POINT ( 'NONE',  ( 0.7299999999999995381, 0.7999999999999998224, -0.08000000000000000167 ) ) ;
#787 = DIRECTION ( 'NONE',  ( 1.000000000000000000, 0.000000000000000000, 0.000000000000000000 ) ) ;
#788 = EDGE_CURVE ( 'NONE', #2571, #1606, #4677, .T. ) ;
#789 = CARTESIAN_POINT ( 'NONE',  ( 1.375136580382890994, 0.8000000000000002665, -0.07999999999999990452 ) ) ;
#790 = ADVANCED_FACE ( 'NONE', ( #667 ), #4289, .T. ) ;
#791 = SURFACE_SIDE_STYLE ('',( #2798 ) ) ;
#792 = ORIENTED_EDGE ( 'NONE', *, *, #4481, .F. ) ;
#793 = SHAPE_DEFINITION_REPRESENTATION ( #30, #4811 ) ;
#794 = CARTESIAN_POINT ( 'NONE',  ( 1.343581129629361159, -0.7681702717819820503, 0.3828396347450740422 ) ) ;
#795 = ORIENTED_EDGE ( 'NONE', *, *, #3085, .F. ) ;
#796 = MECHANICAL_DESIGN_GEOMETRIC_PRESENTATION_REPRESENTATION (  '', ( #4890 ), #3585 ) ;
#797 = DIRECTION ( 'NONE',  ( 1.000000000000000000, -0.000000000000000000, -0.000000000000000000 ) ) ;
#798 = DIRECTION ( 'NONE',  ( -0.000000000000000000, -0.000000000000000000, 1.000000000000000000 ) ) ;
#799 = DIRECTION ( 'NONE',  ( 0.000000000000000000, 0.000000000000000000, -1.000000000000000000 ) ) ;
#800 = ORIENTED_EDGE ( 'NONE', *, *, #83, .T. ) ;
#801 = SURFACE_STYLE_FILL_AREA ( #3280 ) ;
#802 = SURFACE_SIDE_STYLE ('',( #3653 ) ) ;
#803 = DIRECTION ( 'NONE',  ( 0.000000000000000000, 0.000000000000000000, -1.000000000000000000 ) ) ;
#804 = CARTESIAN_POINT ( 'NONE',  ( -0.7300000000000004263, -1.259999999999999343, -0.2295753528268036636 ) ) ;
#805 = FILL_AREA_STYLE_COLOUR ( '', #3641 ) ;
#806 = LINE ( 'NONE', #4003, #4542 ) ;
#807 = DIRECTION ( 'NONE',  ( 0.000000000000000000, 1.000000000000000000, 0.000000000000000000 ) ) ;
#808 = ORIENTED_EDGE ( 'NONE', *, *, #3596, .F. ) ;
#809 = ORIENTED_EDGE ( 'NONE', *, *, #5196, .F. ) ;
#810 = SURFACE_SIDE_STYLE ('',( #2484 ) ) ;
#811 = CARTESIAN_POINT ( 'NONE',  ( 1.343581129629361159, -0.6935811296293614703, 0.3750000000000000000 ) ) ;
#812 = VECTOR ( 'NONE', #1314, 1000.000000000000114 ) ;
#813 = ADVANCED_FACE ( 'NONE', ( #641 ), #560, .T. ) ;
#814 = ADVANCED_FACE ( 'NONE', ( #3994 ), #1904, .T. ) ;
#815 = VERTEX_POINT ( 'NONE', #1509 ) ;
#816 = APPLICATION_PROTOCOL_DEFINITION ( 'draft international standard', 'automotive_design', 1998, #3459 ) ;
#817 = FACE_OUTER_BOUND ( 'NONE', #3933, .T. ) ;
#818 = DIRECTION ( 'NONE',  ( 0.000000000000000000, -3.957832284416029391E-15, -1.000000000000000000 ) ) ;
#819 = ADVANCED_FACE ( 'NONE', ( #4812 ), #725, .T. ) ;
#820 = DIRECTION ( 'NONE',  ( -1.000000000000000000, -0.000000000000000000, -0.000000000000000000 ) ) ;
#821 = CARTESIAN_POINT ( 'NONE',  ( -0.2200000000000004730, -1.259999999999999343, -0.2295753528268036636 ) ) ;
#822 = VERTEX_POINT ( 'NONE', #4457 ) ;
#823 = LINE ( 'NONE', #1614, #201 ) ;
#824 = PRESENTATION_STYLE_ASSIGNMENT (( #2013 ) ) ;
#825 = FILL_AREA_STYLE_COLOUR ( '', #2238 ) ;
#826 = CARTESIAN_POINT ( 'NONE',  ( 0.7299999999999995381, -1.399999999999999911, -0.5000000000000000000 ) ) ;
#827 =( GEOMETRIC_REPRESENTATION_CONTEXT ( 3 ) GLOBAL_UNCERTAINTY_ASSIGNED_CONTEXT ( ( #5007 ) ) GLOBAL_UNIT_ASSIGNED_CONTEXT ( ( #2996, #2938, #3697 ) ) REPRESENTATION_CONTEXT ( 'NONE', 'WORKASPACE' ) );
#828 = MECHANICAL_DESIGN_GEOMETRIC_PRESENTATION_REPRESENTATION (  '', ( #5090 ), #2500 ) ;
#829 = CARTESIAN_POINT ( 'NONE',  ( 0.7299999999999995381, -0.8999999999999999112, -0.1800000000000000211 ) ) ;
#830 = SURFACE_STYLE_FILL_AREA ( #473 ) ;
#831 = MECHANICAL_DESIGN_GEOMETRIC_PRESENTATION_REPRESENTATION (  '', ( #3109 ), #3616 ) ;
#832 = EDGE_CURVE ( 'NONE', #2483, #309, #3160, .T. ) ;
#833 = LINE ( 'NONE', #3954, #274 ) ;
#834 = VERTEX_POINT ( 'NONE', #4783 ) ;
#835 = ORIENTED_EDGE ( 'NONE', *, *, #3918, .F. ) ;
#836 = SURFACE_SIDE_STYLE ('',( #1277 ) ) ;
#837 = CARTESIAN_POINT ( 'NONE',  ( -0.2200000000000004730, 0.7999999999999998224, -0.08000000000000000167 ) ) ;
#838 = AXIS2_PLACEMENT_3D ( 'NONE', #2997, #3903, #4645 ) ;
#839 = EDGE_LOOP ( 'NONE', ( #3007, #1117, #1280, #5273, #409, #4031, #1914, #3184, #1453, #2339, #2845, #918 ) ) ;
#840 = SURFACE_STYLE_USAGE ( .BOTH. , #3219 ) ;
#841 = FILL_AREA_STYLE ('',( #1704 ) ) ;
#842 = LINE ( 'NONE', #5000, #4744 ) ;
#843 = SURFACE_STYLE_FILL_AREA ( #3144 ) ;
#844 = VECTOR ( 'NONE', #3135, 1000.000000000000000 ) ;
#845 = CARTESIAN_POINT ( 'NONE',  ( -1.170000000000000373, -0.8999999999999999112, -0.1800000000000000211 ) ) ;
#846 = EDGE_LOOP ( 'NONE', ( #1791, #5261, #3089, #4324 ) ) ;
#847 = ADVANCED_FACE ( 'NONE', ( #4403 ), #395, .T. ) ;
#848 = COLOUR_RGB ( '',0.8039215686274510109, 0.8039215686274510109, 0.8039215686274510109 ) ;
#849 = EDGE_CURVE ( 'NONE', #2217, #4577, #3185, .T. ) ;
#850 = SURFACE_STYLE_USAGE ( .BOTH. , #4913 ) ;
#851 = DIRECTION ( 'NONE',  ( -1.000000000000000000, 0.000000000000000000, 0.000000000000000000 ) ) ;
#852 =( LENGTH_UNIT ( ) NAMED_UNIT ( * ) SI_UNIT ( .MILLI., .METRE. ) );
#853 = AXIS2_PLACEMENT_3D ( 'NONE', #230, #2954, #174 ) ;
#854 = CARTESIAN_POINT ( 'NONE',  ( 0.7299999999999995381, -0.7999999999999998224, 0.08000000000000000167 ) ) ;
#855 = VECTOR ( 'NONE', #1065, 1000.000000000000000 ) ;
#856 = DIRECTION ( 'NONE',  ( 1.000000000000000000, 0.000000000000000000, 0.000000000000000000 ) ) ;
#857 =( GEOMETRIC_REPRESENTATION_CONTEXT ( 3 ) GLOBAL_UNCERTAINTY_ASSIGNED_CONTEXT ( ( #161 ) ) GLOBAL_UNIT_ASSIGNED_CONTEXT ( ( #1089, #210, #2218 ) ) REPRESENTATION_CONTEXT ( 'NONE', 'WORKASPACE' ) );
#858 = CIRCLE ( 'NONE', #3822, 0.1999999999999998723 ) ;
#859 = EDGE_LOOP ( 'NONE', ( #209, #4909, #965, #4971 ) ) ;
#860 = CARTESIAN_POINT ( 'NONE',  ( 0.7299999999999995381, 1.253024352625586868, -0.3293317578527861222 ) ) ;
#861 = SURFACE_STYLE_FILL_AREA ( #4943 ) ;
#862 = DIRECTION ( 'NONE',  ( 1.000000000000000000, 0.000000000000000000, 0.000000000000000000 ) ) ;
#863 = ADVANCED_FACE ( 'NONE', ( #4837 ), #1095, .F. ) ;
#864 = MECHANICAL_DESIGN_GEOMETRIC_PRESENTATION_REPRESENTATION (  '', ( #104 ), #1960 ) ;
#865 = ORIENTED_EDGE ( 'NONE', *, *, #4752, .T. ) ;
#866 = PRESENTATION_STYLE_ASSIGNMENT (( #1283 ) ) ;
#867 = CARTESIAN_POINT ( 'NONE',  ( 0.7299999999999995381, -1.399999999999999911, -0.5000000000000000000 ) ) ;
#868 = AXIS2_PLACEMENT_3D ( 'NONE', #2597, #1832, #3735 ) ;
#869 =( GEOMETRIC_REPRESENTATION_CONTEXT ( 3 ) GLOBAL_UNCERTAINTY_ASSIGNED_CONTEXT ( ( #1987 ) ) GLOBAL_UNIT_ASSIGNED_CONTEXT ( ( #1122, #3077, #3995 ) ) REPRESENTATION_CONTEXT ( 'NONE', 'WORKASPACE' ) );
#870 = CARTESIAN_POINT ( 'NONE',  ( -1.418963392251840983, 0.7997609356944460623, -0.08227454493103901478 ) ) ;
#871 = DIRECTION ( 'NONE',  ( -1.000000000000000000, -1.445602896647339508E-15, 0.000000000000000000 ) ) ;
#872 = DIRECTION ( 'NONE',  ( -1.000000000000000000, -0.000000000000000000, -0.000000000000000000 ) ) ;
#873 = ORIENTED_EDGE ( 'NONE', *, *, #1809, .T. ) ;
#874 = LINE ( 'NONE', #2474, #240 ) ;
#875 = DIRECTION ( 'NONE',  ( 1.000000000000000000, 0.000000000000000000, 0.000000000000000000 ) ) ;
#876 = DIRECTION ( 'NONE',  ( 0.000000000000000000, -1.000000000000000000, -8.470329472543026810E-17 ) ) ;
#877 = EDGE_CURVE ( 'NONE', #4525, #2444, #4379, .T. ) ;
#878 = EDGE_CURVE ( 'NONE', #309, #4743, #1930, .T. ) ;
#879 = VECTOR ( 'NONE', #4532, 1000.000000000000000 ) ;
#880 = CARTESIAN_POINT ( 'NONE',  ( 0.2199999999999996125, -0.9999999999999997780, -0.2855262579950638147 ) ) ;
#881 = DIRECTION ( 'NONE',  ( 0.9945218953682734009, 0.000000000000000000, 0.1045284632676537068 ) ) ;
#882 = FILL_AREA_STYLE ('',( #2404 ) ) ;
#883 = ORIENTED_EDGE ( 'NONE', *, *, #4196, .T. ) ;
#884 = CYLINDRICAL_SURFACE ( 'NONE', #283, 0.09999999999999985290 ) ;
#885 = DIRECTION ( 'NONE',  ( 0.000000000000000000, -0.9975640502598243087, -0.06975647374412512203 ) ) ;
#886 = DIRECTION ( 'NONE',  ( 1.000000000000000000, 0.000000000000000000, 0.000000000000000000 ) ) ;
#887 = ORIENTED_EDGE ( 'NONE', *, *, #3415, .F. ) ;
#888 = VERTEX_POINT ( 'NONE', #1638 ) ;
#889 = PRODUCT_RELATED_PRODUCT_CATEGORY ( 'part', '', ( #452 ) ) ;
#890 = ORIENTED_EDGE ( 'NONE', *, *, #1491, .F. ) ;
#891 = AXIS2_PLACEMENT_3D ( 'NONE', #386, #2003, #1602 ) ;
#892 = FILL_AREA_STYLE ('',( #4925 ) ) ;
#893 = DIRECTION ( 'NONE',  ( 2.891205793294679017E-15, 0.000000000000000000, 1.000000000000000000 ) ) ;
#894 = FILL_AREA_STYLE ('',( #1706 ) ) ;
#895 = VECTOR ( 'NONE', #1572, 1000.000000000000000 ) ;
#896 = CARTESIAN_POINT ( 'NONE',  ( 1.169999999999999707, 0.9599999999999994094, 0.07999999999999998779 ) ) ;
#897 = ORIENTED_EDGE ( 'NONE', *, *, #1737, .T. ) ;
#898 = FACE_OUTER_BOUND ( 'NONE', #622, .T. ) ;
#899 = COLOUR_RGB ( '',0.8039215686274510109, 0.8039215686274510109, 0.8039215686274510109 ) ;
#900 = CARTESIAN_POINT ( 'NONE',  ( -1.170000000000000373, -0.9999999999999995559, -0.1799999999999999378 ) ) ;
#901 = FACE_OUTER_BOUND ( 'NONE', #2712, .T. ) ;
#902 = FILL_AREA_STYLE_COLOUR ( '', #5181 ) ;
#903 = DIRECTION ( 'NONE',  ( 0.000000000000000000, 1.000000000000000000, -8.470329472543026810E-17 ) ) ;
#904 =( NAMED_UNIT ( * ) SI_UNIT ( $, .STERADIAN. ) SOLID_ANGLE_UNIT ( ) );
#905 = FILL_AREA_STYLE ('',( #4209 ) ) ;
#906 = SURFACE_STYLE_USAGE ( .BOTH. , #4264 ) ;
#907 = EDGE_CURVE ( 'NONE', #1795, #3452, #1297, .T. ) ;
#908 = VECTOR ( 'NONE', #1145, 1000.000000000000000 ) ;
#909 = CARTESIAN_POINT ( 'NONE',  ( 0.7299999999999995381, 1.199999999999999956, -0.2855262579950635371 ) ) ;
#910 =( LENGTH_UNIT ( ) NAMED_UNIT ( * ) SI_UNIT ( .MILLI., .METRE. ) );
#911 = VERTEX_POINT ( 'NONE', #468 ) ;
#912 = AXIS2_PLACEMENT_3D ( 'NONE', #2740, #2677, #1068 ) ;
#913 = CARTESIAN_POINT ( 'NONE',  ( 0.7299999999999995381, 0.8999999999999999112, -0.08000000000000000167 ) ) ;
#914 = EDGE_CURVE ( 'NONE', #1463, #2630, #823, .T. ) ;
#915 = VERTEX_POINT ( 'NONE', #2937 ) ;
#916 = ORIENTED_EDGE ( 'NONE', *, *, #619, .F. ) ;
#917 = UNCERTAINTY_MEASURE_WITH_UNIT (LENGTH_MEASURE( 1.000000000000000082E-05 ), #124, 'distance_accuracy_value', 'NONE');
#918 = ORIENTED_EDGE ( 'NONE', *, *, #3750, .T. ) ;
#919 =( NAMED_UNIT ( * ) PLANE_ANGLE_UNIT ( ) SI_UNIT ( $, .RADIAN. ) );
#920 = CLOSED_SHELL ( 'NONE', ( #3938, #3899, #3188, #3564, #67, #4835, #863, #5197, #2303, #3104, #3299, #2024, #5156, #4010 ) ) ;
#921 = DIRECTION ( 'NONE',  ( 1.000000000000000000, 0.000000000000000000, 0.000000000000000000 ) ) ;
#922 = UNCERTAINTY_MEASURE_WITH_UNIT (LENGTH_MEASURE( 1.000000000000000082E-05 ), #3264, 'distance_accuracy_value', 'NONE');
#923 = ORIENTED_EDGE ( 'NONE', *, *, #3242, .T. ) ;
#924 =( LENGTH_UNIT ( ) NAMED_UNIT ( * ) SI_UNIT ( .MILLI., .METRE. ) );
#925 = VECTOR ( 'NONE', #2090, 1000.000000000000000 ) ;
#926 = AXIS2_PLACEMENT_3D ( 'NONE', #2628, #3426, #3489 ) ;
#927 = EDGE_CURVE ( 'NONE', #4199, #1795, #2424, .T. ) ;
#928 = SURFACE_STYLE_USAGE ( .BOTH. , #4981 ) ;
#929 = FILL_AREA_STYLE ('',( #2863 ) ) ;
#930 = DIRECTION ( 'NONE',  ( -0.000000000000000000, -1.000000000000000000, -0.000000000000000000 ) ) ;
#931 = AXIS2_PLACEMENT_3D ( 'NONE', #1034, #4284, #632 ) ;
#932 = VECTOR ( 'NONE', #4598, 1000.000000000000000 ) ;
#933 = PRESENTATION_LAYER_ASSIGNMENT (  '', '', ( #1861 ) ) ;
#934 = PLANE ( 'NONE',  #4152 ) ;
#935 = ORIENTED_EDGE ( 'NONE', *, *, #4955, .F. ) ;
#936 = COLOUR_RGB ( '',0.8039215686274510109, 0.8039215686274510109, 0.8039215686274510109 ) ;
#937 = CARTESIAN_POINT ( 'NONE',  ( 1.169999999999999707, -1.399999999999999911, -0.5000000000000000000 ) ) ;
#938 = CARTESIAN_POINT ( 'NONE',  ( -1.170000000000000373, 0.8999999999999999112, -0.08000000000000000167 ) ) ;
#939 = AXIS2_PLACEMENT_3D ( 'NONE', #1216, #1982, #4425 ) ;
#940 = ORIENTED_EDGE ( 'NONE', *, *, #330, .T. ) ;
#941 = AXIS2_PLACEMENT_3D ( 'NONE', #1100, #4818, #3914 ) ;
#942 = ORIENTED_EDGE ( 'NONE', *, *, #401, .F. ) ;
#943 = EDGE_LOOP ( 'NONE', ( #4032, #704, #3008, #513 ) ) ;
#944 = EDGE_CURVE ( 'NONE', #971, #575, #493, .T. ) ;
#945 = EDGE_CURVE ( 'NONE', #2665, #95, #3076, .T. ) ;
#946 = COLOUR_RGB ( '',0.8039215686274510109, 0.8039215686274510109, 0.8039215686274510109 ) ;
#947 = LINE ( 'NONE', #4631, #1860 ) ;
#948 = DIRECTION ( 'NONE',  ( -0.000000000000000000, -1.000000000000000000, 0.000000000000000000 ) ) ;
#949 = DIRECTION ( 'NONE',  ( 0.000000000000000000, 0.000000000000000000, -1.000000000000000000 ) ) ;
#950 = UNCERTAINTY_MEASURE_WITH_UNIT (LENGTH_MEASURE( 1.000000000000000082E-05 ), #3838, 'distance_accuracy_value', 'NONE');
#951 = DIRECTION ( 'NONE',  ( -1.000000000000000000, -0.000000000000000000, 0.000000000000000000 ) ) ;
#952 = EDGE_LOOP ( 'NONE', ( #1128, #3292, #1004, #4627 ) ) ;
#953 = CARTESIAN_POINT ( 'NONE',  ( -1.343581129629361604, -0.7681702717819820503, -0.3828396347450740422 ) ) ;
#954 = SURFACE_SIDE_STYLE ('',( #128 ) ) ;
#955 =( GEOMETRIC_REPRESENTATION_CONTEXT ( 3 ) GLOBAL_UNCERTAINTY_ASSIGNED_CONTEXT ( ( #776 ) ) GLOBAL_UNIT_ASSIGNED_CONTEXT ( ( #3277, #4427, #1 ) ) REPRESENTATION_CONTEXT ( 'NONE', 'WORKASPACE' ) );
#956 = EDGE_LOOP ( 'NONE', ( #405, #2009, #435, #2492 ) ) ;
#957 = CARTESIAN_POINT ( 'NONE',  ( 0.2199999999999996125, 0.9999999999999995559, -0.1799999999999999378 ) ) ;
#958 = CARTESIAN_POINT ( 'NONE',  ( 0.2199999999999996125, -1.159999999999999032, -0.1199999999999997735 ) ) ;
#959 = CARTESIAN_POINT ( 'NONE',  ( 0.000000000000000000, 0.000000000000000000, -0.4500000000000000111 ) ) ;
#960 = UNCERTAINTY_MEASURE_WITH_UNIT (LENGTH_MEASURE( 1.000000000000000082E-05 ), #1771, 'distance_accuracy_value', 'NONE');
#961 = CARTESIAN_POINT ( 'NONE',  ( -1.183581129629361683, -0.5335811296293614392, 0.4399999999999999467 ) ) ;
#962 = CARTESIAN_POINT ( 'NONE',  ( -1.183581129629361683, -0.5335811296293614392, 0.4399999999999999467 ) ) ;
#963 = LINE ( 'NONE', #1408, #2422 ) ;
#964 = UNCERTAINTY_MEASURE_WITH_UNIT (LENGTH_MEASURE( 1.000000000000000082E-05 ), #4039, 'distance_accuracy_value', 'NONE');
#965 = ORIENTED_EDGE ( 'NONE', *, *, #7, .T. ) ;
#966 = CARTESIAN_POINT ( 'NONE',  ( -1.170000000000000373, -0.7999999999999998224, 0.08000000000000000167 ) ) ;
#967 = CARTESIAN_POINT ( 'NONE',  ( -1.170000000000000373, 1.399999999999999911, -0.5000000000000000000 ) ) ;
#968 =( GEOMETRIC_REPRESENTATION_CONTEXT ( 3 ) GLOBAL_UNCERTAINTY_ASSIGNED_CONTEXT ( ( #4149 ) ) GLOBAL_UNIT_ASSIGNED_CONTEXT ( ( #997, #2599, #1074 ) ) REPRESENTATION_CONTEXT ( 'NONE', 'WORKASPACE' ) );
#969 = ORIENTED_EDGE ( 'NONE', *, *, #415, .F. ) ;
#970 = ORIENTED_EDGE ( 'NONE', *, *, #3519, .F. ) ;
#971 = VERTEX_POINT ( 'NONE', #2887 ) ;
#972 =( NAMED_UNIT ( * ) PLANE_ANGLE_UNIT ( ) SI_UNIT ( $, .RADIAN. ) );
#973 = DIRECTION ( 'NONE',  ( 0.000000000000000000, 1.351951388106424944E-15, -1.000000000000000000 ) ) ;
#974 = DIRECTION ( 'NONE',  ( -1.000000000000000000, -0.000000000000000000, -0.000000000000000000 ) ) ;
#975 = EDGE_CURVE ( 'NONE', #3169, #4135, #3690, .T. ) ;
#976 = STYLED_ITEM ( 'NONE', ( #316 ), #4435 ) ;
#977 = DIRECTION ( 'NONE',  ( 1.000000000000000000, 0.000000000000000000, 0.000000000000000000 ) ) ;
#978 = EDGE_LOOP ( 'NONE', ( #3707, #1514, #2092, #4108, #3563, #1333 ) ) ;
#979 = SURFACE_STYLE_USAGE ( .BOTH. , #954 ) ;
#980 = CARTESIAN_POINT ( 'NONE',  ( 1.343581129629361159, -0.6935811296293614703, -0.3750000000000000000 ) ) ;
#981 = STYLED_ITEM ( 'NONE', ( #4573 ), #4564 ) ;
#982 = EDGE_CURVE ( 'NONE', #1645, #1363, #107, .T. ) ;
#983 = EDGE_LOOP ( 'NONE', ( #565, #4946, #2946, #3852 ) ) ;
#984 = CARTESIAN_POINT ( 'NONE',  ( 0.2199999999999996125, 0.8999999999999999112, -0.1800000000000000211 ) ) ;
#985 = CARTESIAN_POINT ( 'NONE',  ( 1.343581129629360937, -0.6935811296293614703, -0.3750000000000000000 ) ) ;
#986 = DIRECTION ( 'NONE',  ( 0.000000000000000000, 0.000000000000000000, -1.000000000000000000 ) ) ;
#987 = CIRCLE ( 'NONE', #3522, 0.1999999999999998723 ) ;
#988 = FILL_AREA_STYLE ('',( #1350 ) ) ;
#989 = CARTESIAN_POINT ( 'NONE',  ( -1.411111432951699607, -0.7681702717819820503, 0.3828396347450740422 ) ) ;
#990 = CARTESIAN_POINT ( 'NONE',  ( 0.7299999999999995381, 1.253024352625586868, -0.3293317578527861222 ) ) ;
#991 = VECTOR ( 'NONE', #886, 1000.000000000000000 ) ;
#992 = LINE ( 'NONE', #4678, #3650 ) ;
#993 = VERTEX_POINT ( 'NONE', #1241 ) ;
#994 =( NAMED_UNIT ( * ) PLANE_ANGLE_UNIT ( ) SI_UNIT ( $, .RADIAN. ) );
#995 =( LENGTH_UNIT ( ) NAMED_UNIT ( * ) SI_UNIT ( .MILLI., .METRE. ) );
#996 = EDGE_CURVE ( 'NONE', #5248, #607, #874, .T. ) ;
#997 =( LENGTH_UNIT ( ) NAMED_UNIT ( * ) SI_UNIT ( .MILLI., .METRE. ) );
#998 = ORIENTED_EDGE ( 'NONE', *, *, #3269, .F. ) ;
#999 = ORIENTED_EDGE ( 'NONE', *, *, #2850, .F. ) ;
#1000 = VECTOR ( 'NONE', #2244, 1000.000000000000000 ) ;
#1001 = AXIS2_PLACEMENT_3D ( 'NONE', #609, #3414, #986 ) ;
#1002 = CARTESIAN_POINT ( 'NONE',  ( 1.375136580382891438, -0.7999999999999998224, -0.07999999999999990452 ) ) ;
#1003 = PLANE ( 'NONE',  #698 ) ;
#1004 = ORIENTED_EDGE ( 'NONE', *, *, #3269, .T. ) ;
#1005 = DIRECTION ( 'NONE',  ( 1.000000000000000000, 0.000000000000000000, 0.000000000000000000 ) ) ;
#1006 = CYLINDRICAL_SURFACE ( 'NONE', #1450, 0.07499999999999998335 ) ;
#1007 = DIRECTION ( 'NONE',  ( 1.000000000000000000, 0.000000000000000000, 0.000000000000000000 ) ) ;
#1008 = LINE ( 'NONE', #239, #4076 ) ;
#1009 = PRESENTATION_LAYER_ASSIGNMENT (  '', '', ( #4065 ) ) ;
#1010 = ORIENTED_EDGE ( 'NONE', *, *, #914, .F. ) ;
#1011 = FACE_OUTER_BOUND ( 'NONE', #2078, .T. ) ;
#1012 = PLANE ( 'NONE',  #4327 ) ;
#1013 = LINE ( 'NONE', #1736, #2256 ) ;
#1014 = ADVANCED_FACE ( 'NONE', ( #525 ), #2111, .F. ) ;
#1015 = ADVANCED_FACE ( 'NONE', ( #901 ), #2501, .T. ) ;
#1016 = CYLINDRICAL_SURFACE ( 'NONE', #3216, 0.2000000000000000389 ) ;
#1017 = FILL_AREA_STYLE_COLOUR ( '', #4048 ) ;
#1018 =( NAMED_UNIT ( * ) SI_UNIT ( $, .STERADIAN. ) SOLID_ANGLE_UNIT ( ) );
#1019 = SURFACE_STYLE_USAGE ( .BOTH. , #3908 ) ;
#1020 =( GEOMETRIC_REPRESENTATION_CONTEXT ( 3 ) GLOBAL_UNCERTAINTY_ASSIGNED_CONTEXT ( ( #3806 ) ) GLOBAL_UNIT_ASSIGNED_CONTEXT ( ( #4371, #3789, #1018 ) ) REPRESENTATION_CONTEXT ( 'NONE', 'WORKASPACE' ) );
#1021 = EDGE_LOOP ( 'NONE', ( #3510, #2163, #2212, #2810 ) ) ;
#1022 = LINE ( 'NONE', #2626, #441 ) ;
#1023 = AXIS2_PLACEMENT_3D ( 'NONE', #2183, #3460, #3402 ) ;
#1024 =( GEOMETRIC_REPRESENTATION_CONTEXT ( 3 ) GLOBAL_UNCERTAINTY_ASSIGNED_CONTEXT ( ( #4635 ) ) GLOBAL_UNIT_ASSIGNED_CONTEXT ( ( #2710, #4350, #2308 ) ) REPRESENTATION_CONTEXT ( 'NONE', 'WORKASPACE' ) );
#1025 = CARTESIAN_POINT ( 'NONE',  ( -1.376217025357843626, -0.8008061675104637400, -0.07232982849429266115 ) ) ;
#1026 = EDGE_LOOP ( 'NONE', ( #2748, #1969, #4413 ) ) ;
#1027 = STYLED_ITEM ( 'NONE', ( #4649 ), #2724 ) ;
#1028 = ORIENTED_EDGE ( 'NONE', *, *, #945, .F. ) ;
#1029 = ADVANCED_FACE ( 'NONE', ( #2528 ), #4643, .T. ) ;
#1030 = VECTOR ( 'NONE', #4402, 1000.000000000000114 ) ;
#1031 =( BOUNDED_CURVE ( )  B_SPLINE_CURVE ( 3, ( #1756, #5060, #1002, #5107 ),
 .UNSPECIFIED., .F., .T. ) 
 B_SPLINE_CURVE_WITH_KNOTS ( ( 4, 4 ),
 ( 3.136129445068251531, 3.141592653589793116 ),
 .UNSPECIFIED. ) 
 CURVE ( )  GEOMETRIC_REPRESENTATION_ITEM ( )  RATIONAL_B_SPLINE_CURVE ( ( 1.000000000000000000, 0.9999975127809339615, 0.9999975127809339615, 1.000000000000000000 ) ) 
 REPRESENTATION_ITEM ( '' )  );
#1032 = ORIENTED_EDGE ( 'NONE', *, *, #3709, .T. ) ;
#1033 = PRESENTATION_LAYER_ASSIGNMENT (  '', '', ( #2447 ) ) ;
#1034 = CARTESIAN_POINT ( 'NONE',  ( 1.374999999999999334, 0.7250000000000003109, 0.08000000000000000167 ) ) ;
#1035 = VERTEX_POINT ( 'NONE', #3725 ) ;
#1036 = SURFACE_STYLE_FILL_AREA ( #581 ) ;
#1037 = CARTESIAN_POINT ( 'NONE',  ( -1.375136580382891882, 0.8000000000000002665, 0.07999999999999990452 ) ) ;
#1038 = CARTESIAN_POINT ( 'NONE',  ( -1.343581129629361604, -0.6935811296293615813, 0.4500000000000000111 ) ) ;
#1039 = STYLED_ITEM ( 'NONE', ( #1942 ), #2396 ) ;
#1040 = COLOUR_RGB ( '',0.8039215686274510109, 0.8039215686274510109, 0.8039215686274510109 ) ;
#1041 = FILL_AREA_STYLE ('',( #1096 ) ) ;
#1042 = ADVANCED_FACE ( 'NONE', ( #2560 ), #80, .T. ) ;
#1043 = EDGE_CURVE ( 'NONE', #2436, #3061, #1347, .T. ) ;
#1044 = CARTESIAN_POINT ( 'NONE',  ( -1.170000000000000373, -1.399999999999999911, -0.5000000000000000000 ) ) ;
#1045 = COLOUR_RGB ( '',0.8039215686274510109, 0.8039215686274510109, 0.8039215686274510109 ) ;
#1046 = ORIENTED_EDGE ( 'NONE', *, *, #721, .F. ) ;
#1047 = FACE_OUTER_BOUND ( 'NONE', #2768, .T. ) ;
#1048 = SURFACE_STYLE_FILL_AREA ( #1776 ) ;
#1049 = EDGE_CURVE ( 'NONE', #4383, #1594, #4231, .T. ) ;
#1050 = PRESENTATION_STYLE_ASSIGNMENT (( #2232 ) ) ;
#1051 = ORIENTED_EDGE ( 'NONE', *, *, #4740, .F. ) ;
#1052 = VERTEX_POINT ( 'NONE', #957 ) ;
#1053 = CARTESIAN_POINT ( 'NONE',  ( 0.7299999999999995381, -1.399999999999999911, -0.5000000000000000000 ) ) ;
#1054 = FACE_OUTER_BOUND ( 'NONE', #4821, .T. ) ;
#1055 = EDGE_LOOP ( 'NONE', ( #3481, #1190, #4995, #3006 ) ) ;
#1056 = DIRECTION ( 'NONE',  ( 0.000000000000000000, 0.000000000000000000, -1.000000000000000000 ) ) ;
#1057 = DIRECTION ( 'NONE',  ( 1.000000000000000000, 0.000000000000000000, 0.000000000000000000 ) ) ;
#1058 =( NAMED_UNIT ( * ) SI_UNIT ( $, .STERADIAN. ) SOLID_ANGLE_UNIT ( ) );
#1059 =( BOUNDED_CURVE ( )  B_SPLINE_CURVE ( 3, ( #1188, #3171, #2808, #4778 ),
 .UNSPECIFIED., .F., .T. ) 
 B_SPLINE_CURVE_WITH_KNOTS ( ( 4, 4 ),
 ( 6.277722098658048644, 6.283185307179586232 ),
 .UNSPECIFIED. ) 
 CURVE ( )  GEOMETRIC_REPRESENTATION_ITEM ( )  RATIONAL_B_SPLINE_CURVE ( ( 1.000000000000000000, 0.9999975127809339615, 0.9999975127809339615, 1.000000000000000000 ) ) 
 REPRESENTATION_ITEM ( '' )  );
#1060 = VERTEX_POINT ( 'NONE', #2914 ) ;
#1061 = CARTESIAN_POINT ( 'NONE',  ( -1.170000000000000373, 1.159999999999999032, -0.1199999999999997735 ) ) ;
#1062 = CARTESIAN_POINT ( 'NONE',  ( 1.169999999999999707, -0.7999999999999998224, -0.08000000000000000167 ) ) ;
#1063 = CARTESIAN_POINT ( 'NONE',  ( -0.7300000000000004263, -0.8999999999999999112, -0.1800000000000000211 ) ) ;
#1064 =( GEOMETRIC_REPRESENTATION_CONTEXT ( 3 ) GLOBAL_UNCERTAINTY_ASSIGNED_CONTEXT ( ( #3335 ) ) GLOBAL_UNIT_ASSIGNED_CONTEXT ( ( #1115, #4396, #742 ) ) REPRESENTATION_CONTEXT ( 'NONE', 'WORKASPACE' ) );
#1065 = DIRECTION ( 'NONE',  ( 0.000000000000000000, -1.351951388106425141E-15, -1.000000000000000000 ) ) ;
#1066 = CARTESIAN_POINT ( 'NONE',  ( -1.170000000000000373, -1.186048705251175006, -0.4850390680470285654 ) ) ;
#1067 = CARTESIAN_POINT ( 'NONE',  ( 1.343581129629361159, 0.6935811296293619144, -0.3750000000000000000 ) ) ;
#1068 = DIRECTION ( 'NONE',  ( 0.000000000000000000, -0.9975640502598243087, -0.06975647374412512203 ) ) ;
#1069 = CYLINDRICAL_SURFACE ( 'NONE', #1945, 0.09999999999999993616 ) ;
#1070 = ORIENTED_EDGE ( 'NONE', *, *, #4335, .T. ) ;
#1071 = AXIS2_PLACEMENT_3D ( 'NONE', #3310, #1300, #2918 ) ;
#1072 = EDGE_CURVE ( 'NONE', #2991, #4276, #2965, .T. ) ;
#1073 = DIRECTION ( 'NONE',  ( 0.000000000000000000, -1.000000000000000000, 0.000000000000000000 ) ) ;
#1074 =( NAMED_UNIT ( * ) SI_UNIT ( $, .STERADIAN. ) SOLID_ANGLE_UNIT ( ) );
#1075 = VERTEX_POINT ( 'NONE', #1764 ) ;
#1076 = ORIENTED_EDGE ( 'NONE', *, *, #1298, .F. ) ;
#1077 = LINE ( 'NONE', #4389, #4713 ) ;
#1078 = CARTESIAN_POINT ( 'NONE',  ( 1.375409738600887444, 0.7999988807535084456, -0.08001064891903696130 ) ) ;
#1079 = EDGE_CURVE ( 'NONE', #4972, #4060, #4146, .T. ) ;
#1080 = DIRECTION ( 'NONE',  ( 1.000000000000000000, -0.000000000000000000, 0.000000000000000000 ) ) ;
#1081 = VECTOR ( 'NONE', #875, 1000.000000000000000 ) ;
#1082 = DIRECTION ( 'NONE',  ( -0.1039620511844979306, 0.1039620511844979306, 0.9891328443778538704 ) ) ;
#1083 = ORIENTED_EDGE ( 'NONE', *, *, #2296, .F. ) ;
#1084 = SURFACE_STYLE_USAGE ( .BOTH. , #3090 ) ;
#1085 = CARTESIAN_POINT ( 'NONE',  ( 0.7299999999999995381, -1.399999999999999689, -0.3396092963070124204 ) ) ;
#1086 = DIRECTION ( 'NONE',  ( 0.000000000000000000, -0.000000000000000000, 1.000000000000000000 ) ) ;
#1087 = AXIS2_PLACEMENT_3D ( 'NONE', #2622, #5129, #3126 ) ;
#1088 = ORIENTED_EDGE ( 'NONE', *, *, #2512, .F. ) ;
#1089 =( LENGTH_UNIT ( ) NAMED_UNIT ( * ) SI_UNIT ( .MILLI., .METRE. ) );
#1090 =( LENGTH_UNIT ( ) NAMED_UNIT ( * ) SI_UNIT ( .MILLI., .METRE. ) );
#1091 = ORIENTED_EDGE ( 'NONE', *, *, #4654, .F. ) ;
#1092 = EDGE_CURVE ( 'NONE', #4342, #713, #3308, .T. ) ;
#1093 = FACE_OUTER_BOUND ( 'NONE', #1644, .T. ) ;
#1094 = AXIS2_PLACEMENT_3D ( 'NONE', #4426, #773, #2371 ) ;
#1095 = CYLINDRICAL_SURFACE ( 'NONE', #1889, 0.09999999999999993616 ) ;
#1096 = FILL_AREA_STYLE_COLOUR ( '', #1623 ) ;
#1097 = DIRECTION ( 'NONE',  ( -0.1039620511844980416, 0.1039620511844980416, 0.9891328443778539814 ) ) ;
#1098 = DIRECTION ( 'NONE',  ( 0.000000000000000000, 0.000000000000000000, 1.000000000000000000 ) ) ;
#1099 = ORIENTED_EDGE ( 'NONE', *, *, #2263, .F. ) ;
#1100 = CARTESIAN_POINT ( 'NONE',  ( -0.2200000000000004730, 0.7999999999999998224, 0.08000000000000000167 ) ) ;
#1101 = PLANE ( 'NONE',  #4866 ) ;
#1102 = UNCERTAINTY_MEASURE_WITH_UNIT (LENGTH_MEASURE( 1.000000000000000082E-05 ), #2377, 'distance_accuracy_value', 'NONE');
#1103 = FILL_AREA_STYLE_COLOUR ( '', #2908 ) ;
#1104 = VERTEX_POINT ( 'NONE', #4533 ) ;
#1105 = ORIENTED_EDGE ( 'NONE', *, *, #1326, .T. ) ;
#1106 =( NAMED_UNIT ( * ) PLANE_ANGLE_UNIT ( ) SI_UNIT ( $, .RADIAN. ) );
#1107 = CARTESIAN_POINT ( 'NONE',  ( 1.343581129629361159, 0.6935811296293618033, 0.3750000000000000000 ) ) ;
#1108 = SURFACE_STYLE_USAGE ( .BOTH. , #3926 ) ;
#1109 = AXIS2_PLACEMENT_3D ( 'NONE', #4201, #264, #3018 ) ;
#1110 = CARTESIAN_POINT ( 'NONE',  ( 1.449999999999999734, -0.7249999999999998668, 0.08000000000000000167 ) ) ;
#1111 = MECHANICAL_DESIGN_GEOMETRIC_PRESENTATION_REPRESENTATION (  '', ( #2716 ), #596 ) ;
#1112 = EDGE_CURVE ( 'NONE', #4698, #2319, #5036, .T. ) ;
#1113 = ORIENTED_EDGE ( 'NONE', *, *, #2167, .T. ) ;
#1114 = FILL_AREA_STYLE_COLOUR ( '', #4781 ) ;
#1115 =( LENGTH_UNIT ( ) NAMED_UNIT ( * ) SI_UNIT ( .MILLI., .METRE. ) );
#1116 =( GEOMETRIC_REPRESENTATION_CONTEXT ( 3 ) GLOBAL_UNCERTAINTY_ASSIGNED_CONTEXT ( ( #2967 ) ) GLOBAL_UNIT_ASSIGNED_CONTEXT ( ( #440, #2058, #4450 ) ) REPRESENTATION_CONTEXT ( 'NONE', 'WORKASPACE' ) );
#1117 = ORIENTED_EDGE ( 'NONE', *, *, #4103, .T. ) ;
#1118 =( GEOMETRIC_REPRESENTATION_CONTEXT ( 3 ) GLOBAL_UNCERTAINTY_ASSIGNED_CONTEXT ( ( #1281 ) ) GLOBAL_UNIT_ASSIGNED_CONTEXT ( ( #3157, #1831, #3181 ) ) REPRESENTATION_CONTEXT ( 'NONE', 'WORKASPACE' ) );
#1119 = SURFACE_STYLE_FILL_AREA ( #3441 ) ;
#1120 = CARTESIAN_POINT ( 'NONE',  ( -0.2200000000000004730, -1.399999999999999689, -0.3396092963070124204 ) ) ;
#1121 = PRESENTATION_LAYER_ASSIGNMENT (  '', '', ( #1201 ) ) ;
#1122 =( LENGTH_UNIT ( ) NAMED_UNIT ( * ) SI_UNIT ( .MILLI., .METRE. ) );
#1123 = DIRECTION ( 'NONE',  ( 1.000000000000000000, 0.000000000000000000, 0.000000000000000000 ) ) ;
#1124 = ORIENTED_EDGE ( 'NONE', *, *, #83, .F. ) ;
#1125 = VECTOR ( 'NONE', #1828, 1000.000000000000000 ) ;
#1126 = CARTESIAN_POINT ( 'NONE',  ( -0.2200000000000004730, -1.399999999999999911, -0.5000000000000000000 ) ) ;
#1127 = ORIENTED_EDGE ( 'NONE', *, *, #2199, .F. ) ;
#1128 = ORIENTED_EDGE ( 'NONE', *, *, #1462, .F. ) ;
#1129 = CARTESIAN_POINT ( 'NONE',  ( 0.2199999999999996125, 1.259999999999999343, -0.2295753528268036636 ) ) ;
#1130 = DIRECTION ( 'NONE',  ( -0.1039620511844980416, -0.1039620511844979028, 0.9891328443778539814 ) ) ;
#1131 = CARTESIAN_POINT ( 'NONE',  ( 1.449999999999999734, -0.7249999999999998668, -0.08000000000000000167 ) ) ;
#1132 = MECHANICAL_DESIGN_GEOMETRIC_PRESENTATION_REPRESENTATION (  '', ( #1974 ), #4109 ) ;
#1133 = ORIENTED_EDGE ( 'NONE', *, *, #5209, .T. ) ;
#1134 = FILL_AREA_STYLE_COLOUR ( '', #551 ) ;
#1135 = EDGE_CURVE ( 'NONE', #1052, #3739, #4486, .T. ) ;
#1136 = ORIENTED_EDGE ( 'NONE', *, *, #2616, .F. ) ;
#1137 = DIRECTION ( 'NONE',  ( 0.000000000000000000, -8.470329472543025577E-17, 1.000000000000000000 ) ) ;
#1138 =( LENGTH_UNIT ( ) NAMED_UNIT ( * ) SI_UNIT ( .MILLI., .METRE. ) );
#1139 = CARTESIAN_POINT ( 'NONE',  ( 0.2199999999999996125, -0.8999999999999999112, -0.1800000000000000211 ) ) ;
#1140 = CARTESIAN_POINT ( 'NONE',  ( 0.2199999999999996125, -1.159999999999999476, -0.2295753528268036636 ) ) ;
#1141 = EDGE_CURVE ( 'NONE', #3588, #744, #319, .T. ) ;
#1142 = AXIS2_PLACEMENT_3D ( 'NONE', #1067, #4733, #2676 ) ;
#1143 = SURFACE_SIDE_STYLE ('',( #4429 ) ) ;
#1144 = CARTESIAN_POINT ( 'NONE',  ( 1.449998880753507580, 0.7254097386008875326, -0.08001064891904105525 ) ) ;
#1145 = DIRECTION ( 'NONE',  ( -0.000000000000000000, -0.000000000000000000, 1.000000000000000000 ) ) ;
#1146 = VECTOR ( 'NONE', #4017, 1000.000000000000000 ) ;
#1147 = SURFACE_STYLE_FILL_AREA ( #3509 ) ;
#1148 = ORIENTED_EDGE ( 'NONE', *, *, #3204, .F. ) ;
#1149 = CARTESIAN_POINT ( 'NONE',  ( 1.343581129629361159, -0.6935811296293614703, -0.3750000000000000000 ) ) ;
#1150 =( NAMED_UNIT ( * ) PLANE_ANGLE_UNIT ( ) SI_UNIT ( $, .RADIAN. ) );
#1151 = DIRECTION ( 'NONE',  ( 0.000000000000000000, 4.109696271182928860E-15, 1.000000000000000000 ) ) ;
#1152 = ORIENTED_EDGE ( 'NONE', *, *, #996, .F. ) ;
#1153 = VERTEX_POINT ( 'NONE', #3872 ) ;
#1154 = CIRCLE ( 'NONE', #4127, 0.07499999999999998335 ) ;
#1155 = FACE_OUTER_BOUND ( 'NONE', #1708, .T. ) ;
#1156 = EDGE_CURVE ( 'NONE', #5223, #4794, #4260, .T. ) ;
#1157 = FACE_OUTER_BOUND ( 'NONE', #146, .T. ) ;
#1158 = VECTOR ( 'NONE', #2648, 1000.000000000000000 ) ;
#1159 = ORIENTED_EDGE ( 'NONE', *, *, #1926, .F. ) ;
#1160 = DIRECTION ( 'NONE',  ( -0.000000000000000000, -0.000000000000000000, 1.000000000000000000 ) ) ;
#1161 = DIRECTION ( 'NONE',  ( 1.000000000000000000, 0.000000000000000000, 0.000000000000000000 ) ) ;
#1162 = CARTESIAN_POINT ( 'NONE',  ( 1.450806167510463540, -0.7262170253578432710, -0.07232982849429266115 ) ) ;
#1163 = ORIENTED_EDGE ( 'NONE', *, *, #1983, .T. ) ;
#1164 =( NAMED_UNIT ( * ) SI_UNIT ( $, .STERADIAN. ) SOLID_ANGLE_UNIT ( ) );
#1165 = CARTESIAN_POINT ( 'NONE',  ( -1.343581129629361604, -0.6935811296293614703, -0.4500000000000000111 ) ) ;
#1166 = PRESENTATION_LAYER_ASSIGNMENT (  '', '', ( #4141 ) ) ;
#1167 =( GEOMETRIC_REPRESENTATION_CONTEXT ( 3 ) GLOBAL_UNCERTAINTY_ASSIGNED_CONTEXT ( ( #4885 ) ) GLOBAL_UNIT_ASSIGNED_CONTEXT ( ( #4581, #3755, #243 ) ) REPRESENTATION_CONTEXT ( 'NONE', 'WORKASPACE' ) );
#1168 = LINE ( 'NONE', #4022, #1275 ) ;
#1169 = CARTESIAN_POINT ( 'NONE',  ( 1.418963392251840760, 0.7997609356944460623, -0.08227454493103668332 ) ) ;
#1170 = DIRECTION ( 'NONE',  ( 0.000000000000000000, -4.109696271182928860E-15, 1.000000000000000000 ) ) ;
#1171 = CYLINDRICAL_SURFACE ( 'NONE', #636, 0.09999999999999985290 ) ;
#1172 = DIRECTION ( 'NONE',  ( 0.000000000000000000, 1.000000000000000000, 0.000000000000000000 ) ) ;
#1173 = EDGE_CURVE ( 'NONE', #1753, #563, #1478, .T. ) ;
#1174 = EDGE_CURVE ( 'NONE', #4199, #5086, #5117, .T. ) ;
#1175 = DIRECTION ( 'NONE',  ( 0.000000000000000000, 0.9975640502598243087, 0.06975647374412440038 ) ) ;
#1176 = VERTEX_POINT ( 'NONE', #1876 ) ;
#1177 = ORIENTED_EDGE ( 'NONE', *, *, #3508, .F. ) ;
#1178 =( GEOMETRIC_REPRESENTATION_CONTEXT ( 3 ) GLOBAL_UNCERTAINTY_ASSIGNED_CONTEXT ( ( #2312 ) ) GLOBAL_UNIT_ASSIGNED_CONTEXT ( ( #1355, #87, #4507 ) ) REPRESENTATION_CONTEXT ( 'NONE', 'WORKASPACE' ) );
#1179 = FILL_AREA_STYLE_COLOUR ( '', #310 ) ;
#1180 = STYLED_ITEM ( 'NONE', ( #1648 ), #4741 ) ;
#1181 = ORIENTED_EDGE ( 'NONE', *, *, #1311, .T. ) ;
#1182 = AXIS2_PLACEMENT_3D ( 'NONE', #4311, #1817, #3437 ) ;
#1183 = DIRECTION ( 'NONE',  ( 0.000000000000000000, -3.957832284416029391E-15, -1.000000000000000000 ) ) ;
#1184 = CARTESIAN_POINT ( 'NONE',  ( -1.343581129629361604, 0.6935811296293619144, 0.3750000000000000000 ) ) ;
#1185 = STYLED_ITEM ( 'NONE', ( #5145 ), #3299 ) ;
#1186 = AXIS2_PLACEMENT_3D ( 'NONE', #2378, #4096, #2137 ) ;
#1187 = VERTEX_POINT ( 'NONE', #3071 ) ;
#1188 = CARTESIAN_POINT ( 'NONE',  ( -1.449998880753508468, 0.7254097386008878656, 0.08001064891903697518 ) ) ;
#1189 = SURFACE_SIDE_STYLE ('',( #2443 ) ) ;
#1190 = ORIENTED_EDGE ( 'NONE', *, *, #877, .F. ) ;
#1191 = PRESENTATION_LAYER_ASSIGNMENT (  '', '', ( #4782 ) ) ;
#1192 = DIRECTION ( 'NONE',  ( 0.000000000000000000, 0.000000000000000000, -1.000000000000000000 ) ) ;
#1193 = UNCERTAINTY_MEASURE_WITH_UNIT (LENGTH_MEASURE( 1.000000000000000082E-05 ), #3784, 'distance_accuracy_value', 'NONE');
#1194 = AXIS2_PLACEMENT_3D ( 'NONE', #3022, #1507, #3500 ) ;
#1195 =( BOUNDED_CURVE ( )  B_SPLINE_CURVE ( 3, ( #4621, #2117, #4182, #3732 ),
 .UNSPECIFIED., .F., .T. ) 
 B_SPLINE_CURVE_WITH_KNOTS ( ( 4, 4 ),
 ( 3.136129445068254196, 3.141592653589793116 ),
 .UNSPECIFIED. ) 
 CURVE ( )  GEOMETRIC_REPRESENTATION_ITEM ( )  RATIONAL_B_SPLINE_CURVE ( ( 1.000000000000000000, 0.9999975127809339615, 0.9999975127809339615, 1.000000000000000000 ) ) 
 REPRESENTATION_ITEM ( '' )  );
#1196 = CARTESIAN_POINT ( 'NONE',  ( 1.375409738600887444, 0.7999988807535084456, -0.08001064891903696130 ) ) ;
#1197 = CARTESIAN_POINT ( 'NONE',  ( -1.170000000000000373, 0.8999999999999999112, -0.08000000000000000167 ) ) ;
#1198 = PRESENTATION_STYLE_ASSIGNMENT (( #777 ) ) ;
#1199 = VECTOR ( 'NONE', #1082, 1000.000000000000114 ) ;
#1200 = LINE ( 'NONE', #3749, #4445 ) ;
#1201 = STYLED_ITEM ( 'NONE', ( #1383 ), #302 ) ;
#1202 = ADVANCED_FACE ( 'NONE', ( #1011 ), #270, .T. ) ;
#1203 = EDGE_CURVE ( 'NONE', #3762, #4342, #1954, .T. ) ;
#1204 = DIRECTION ( 'NONE',  ( 0.000000000000000000, 0.06975647374412440038, -0.9975640502598243087 ) ) ;
#1205 =( NAMED_UNIT ( * ) SI_UNIT ( $, .STERADIAN. ) SOLID_ANGLE_UNIT ( ) );
#1206 = EDGE_LOOP ( 'NONE', ( #4639, #5167, #2020, #2844, #3637, #2321, #741, #3350, #3278, #998, #2006, #4468 ) ) ;
#1207 = ORIENTED_EDGE ( 'NONE', *, *, #1203, .F. ) ;
#1208 = FILL_AREA_STYLE_COLOUR ( '', #1255 ) ;
#1209 = CARTESIAN_POINT ( 'NONE',  ( -0.2200000000000004730, 0.7999999999999998224, 0.08000000000000000167 ) ) ;
#1210 = FILL_AREA_STYLE_COLOUR ( '', #559 ) ;
#1211 = ADVANCED_FACE ( 'NONE', ( #718 ), #694, .T. ) ;
#1212 = ORIENTED_EDGE ( 'NONE', *, *, #2133, .F. ) ;
#1213 = FILL_AREA_STYLE ('',( #1134 ) ) ;
#1214 = ORIENTED_EDGE ( 'NONE', *, *, #105, .T. ) ;
#1215 = MECHANICAL_DESIGN_GEOMETRIC_PRESENTATION_REPRESENTATION (  '', ( #2745 ), #2994 ) ;
#1216 = CARTESIAN_POINT ( 'NONE',  ( 0.7299999999999995381, 1.259999999999999343, -0.2295753528268036636 ) ) ;
#1217 = DIRECTION ( 'NONE',  ( 0.000000000000000000, -3.957832284416030179E-15, -1.000000000000000000 ) ) ;
#1218 = VERTEX_POINT ( 'NONE', #4398 ) ;
#1219 = FILL_AREA_STYLE_COLOUR ( '', #936 ) ;
#1220 = DIRECTION ( 'NONE',  ( 1.000000000000000000, 0.000000000000000000, 0.000000000000000000 ) ) ;
#1221 =( LENGTH_UNIT ( ) NAMED_UNIT ( * ) SI_UNIT ( .MILLI., .METRE. ) );
#1222 = CYLINDRICAL_SURFACE ( 'NONE', #2567, 0.1999999999999998723 ) ;
#1223 = LINE ( 'NONE', #2400, #1613 ) ;
#1224 = FACE_OUTER_BOUND ( 'NONE', #3718, .T. ) ;
#1225 = PRESENTATION_LAYER_ASSIGNMENT (  '', '', ( #2663 ) ) ;
#1226 = VERTEX_POINT ( 'NONE', #4043 ) ;
#1227 = ORIENTED_EDGE ( 'NONE', *, *, #2805, .T. ) ;
#1228 = EDGE_CURVE ( 'NONE', #713, #66, #4880, .T. ) ;
#1229 = FILL_AREA_STYLE ('',( #1697 ) ) ;
#1230 = DIRECTION ( 'NONE',  ( 0.000000000000000000, 0.000000000000000000, 1.000000000000000000 ) ) ;
#1231 = VERTEX_POINT ( 'NONE', #3575 ) ;
#1232 = EDGE_CURVE ( 'NONE', #515, #2436, #510, .T. ) ;
#1233 = ADVANCED_FACE ( 'NONE', ( #4853 ), #2007, .T. ) ;
#1234 = DIRECTION ( 'NONE',  ( -0.1039620511844979306, -0.1039620511844979306, -0.9891328443778538704 ) ) ;
#1235 = CARTESIAN_POINT ( 'NONE',  ( -1.375409738600888110, 0.7999988807535084456, -0.08001064891903698906 ) ) ;
#1236 = MECHANICAL_DESIGN_GEOMETRIC_PRESENTATION_REPRESENTATION (  '', ( #4830 ), #1568 ) ;
#1237 = DIRECTION ( 'NONE',  ( -1.000000000000000000, -0.000000000000000000, -0.000000000000000000 ) ) ;
#1238 = FACE_OUTER_BOUND ( 'NONE', #3021, .T. ) ;
#1239 = ORIENTED_EDGE ( 'NONE', *, *, #788, .F. ) ;
#1240 =( NAMED_UNIT ( * ) SI_UNIT ( $, .STERADIAN. ) SOLID_ANGLE_UNIT ( ) );
#1241 = CARTESIAN_POINT ( 'NONE',  ( 0.2199999999999996125, -0.9999999999999995559, -0.1799999999999999378 ) ) ;
#1242 = DIRECTION ( 'NONE',  ( 1.000000000000000000, 0.000000000000000000, 0.000000000000000000 ) ) ;
#1243 =( LENGTH_UNIT ( ) NAMED_UNIT ( * ) SI_UNIT ( .MILLI., .METRE. ) );
#1244 = VECTOR ( 'NONE', #494, 1000.000000000000000 ) ;
#1245 = ADVANCED_FACE ( 'NONE', ( #2418, #4806 ), #4066, .T. ) ;
#1246 = SURFACE_STYLE_FILL_AREA ( #4107 ) ;
#1247 =( NAMED_UNIT ( * ) PLANE_ANGLE_UNIT ( ) SI_UNIT ( $, .RADIAN. ) );
#1248 = ORIENTED_EDGE ( 'NONE', *, *, #1893, .T. ) ;
#1249 = ORIENTED_EDGE ( 'NONE', *, *, #4268, .T. ) ;
#1250 = DIRECTION ( 'NONE',  ( 0.000000000000000000, 0.06975647374412512203, 0.9975640502598243087 ) ) ;
#1251 = SURFACE_STYLE_FILL_AREA ( #1651 ) ;
#1252 = VECTOR ( 'NONE', #1242, 1000.000000000000000 ) ;
#1253 = ORIENTED_EDGE ( 'NONE', *, *, #759, .F. ) ;
#1254 = CARTESIAN_POINT ( 'NONE',  ( -0.2200000000000004730, 1.159999999999999032, -0.1199999999999997735 ) ) ;
#1255 = COLOUR_RGB ( '',0.8039215686274510109, 0.8039215686274510109, 0.8039215686274510109 ) ;
#1256 = UNCERTAINTY_MEASURE_WITH_UNIT (LENGTH_MEASURE( 1.000000000000000082E-05 ), #1502, 'distance_accuracy_value', 'NONE');
#1257 = CARTESIAN_POINT ( 'NONE',  ( 1.169999999999999707, -1.399999999999999689, -0.3396092963070124204 ) ) ;
#1258 = ADVANCED_FACE ( 'NONE', ( #2779 ), #3647, .T. ) ;
#1259 = EDGE_CURVE ( 'NONE', #579, #1567, #370, .T. ) ;
#1260 = DIRECTION ( 'NONE',  ( -1.453565681539901511E-15, 1.000000000000000000, 0.000000000000000000 ) ) ;
#1261 = COLOUR_RGB ( '',0.8039215686274510109, 0.8039215686274510109, 0.8039215686274510109 ) ;
#1262 = DIRECTION ( 'NONE',  ( 0.000000000000000000, 0.000000000000000000, 1.000000000000000000 ) ) ;
#1263 = ORIENTED_EDGE ( 'NONE', *, *, #5157, .T. ) ;
#1264 = CARTESIAN_POINT ( 'NONE',  ( 0.2199999999999996125, 0.9999999999999997780, -0.2855262579950638147 ) ) ;
#1265 = LINE ( 'NONE', #2010, #3051 ) ;
#1266 = MECHANICAL_DESIGN_GEOMETRIC_PRESENTATION_REPRESENTATION (  '', ( #86 ), #4432 ) ;
#1267 = DIRECTION ( 'NONE',  ( 0.000000000000000000, 0.000000000000000000, -1.000000000000000000 ) ) ;
#1268 = CARTESIAN_POINT ( 'NONE',  ( -0.2200000000000004730, 0.8999999999999999112, -0.08000000000000000167 ) ) ;
#1269 = CARTESIAN_POINT ( 'NONE',  ( 0.7299999999999995381, -0.7999999999999998224, -0.08000000000000000167 ) ) ;
#1270 = LINE ( 'NONE', #1664, #1327 ) ;
#1271 = STYLED_ITEM ( 'NONE', ( #4903 ), #4811 ) ;
#1272 = CARTESIAN_POINT ( 'NONE',  ( 1.449998880753508024, -0.7254097386008874215, -0.08001064891903697518 ) ) ;
#1273 = VECTOR ( 'NONE', #1661, 1000.000000000000000 ) ;
#1274 = CARTESIAN_POINT ( 'NONE',  ( 0.7299999999999995381, -1.253024352625586868, -0.3293317578527860667 ) ) ;
#1275 = VECTOR ( 'NONE', #775, 1000.000000000000114 ) ;
#1276 = EDGE_LOOP ( 'NONE', ( #1915, #1518, #3923, #3029 ) ) ;
#1277 = SURFACE_STYLE_FILL_AREA ( #4055 ) ;
#1278 = CARTESIAN_POINT ( 'NONE',  ( 0.2199999999999996125, -1.253024352625586868, -0.3293317578527861222 ) ) ;
#1279 = MECHANICAL_DESIGN_GEOMETRIC_PRESENTATION_REPRESENTATION (  '', ( #2125 ), #1455 ) ;
#1280 = ORIENTED_EDGE ( 'NONE', *, *, #1079, .T. ) ;
#1281 = UNCERTAINTY_MEASURE_WITH_UNIT (LENGTH_MEASURE( 1.000000000000000082E-05 ), #3157, 'distance_accuracy_value', 'NONE');
#1282 = ORIENTED_EDGE ( 'NONE', *, *, #5103, .F. ) ;
#1283 = SURFACE_STYLE_USAGE ( .BOTH. , #3321 ) ;
#1284 = LINE ( 'NONE', #2548, #3595 ) ;
#1285 = VECTOR ( 'NONE', #4993, 1000.000000000000000 ) ;
#1286 = STYLED_ITEM ( 'NONE', ( #5127 ), #2278 ) ;
#1287 = FACE_OUTER_BOUND ( 'NONE', #846, .T. ) ;
#1288 = FILL_AREA_STYLE ('',( #4950 ) ) ;
#1289 = MECHANICAL_DESIGN_GEOMETRIC_PRESENTATION_REPRESENTATION (  '', ( #3657 ), #3149 ) ;
#1290 = DIRECTION ( 'NONE',  ( 0.000000000000000000, 0.000000000000000000, -1.000000000000000000 ) ) ;
#1291 = ORIENTED_EDGE ( 'NONE', *, *, #877, .T. ) ;
#1292 =( NAMED_UNIT ( * ) SI_UNIT ( $, .STERADIAN. ) SOLID_ANGLE_UNIT ( ) );
#1293 = EDGE_CURVE ( 'NONE', #66, #1538, #4171, .T. ) ;
#1294 = CARTESIAN_POINT ( 'NONE',  ( -1.103581129629361612, -0.5335811296293614392, 0.2137258300203045969 ) ) ;
#1295 = DIRECTION ( 'NONE',  ( 0.000000000000000000, 1.000000000000000000, 0.000000000000000000 ) ) ;
#1296 = SURFACE_STYLE_FILL_AREA ( #2114 ) ;
#1297 = CIRCLE ( 'NONE', #4546, 0.09999999999999985290 ) ;
#1298 = EDGE_CURVE ( 'NONE', #3427, #257, #155, .T. ) ;
#1299 = CARTESIAN_POINT ( 'NONE',  ( -0.2200000000000004730, -0.8999999999999999112, -0.08000000000000000167 ) ) ;
#1300 = DIRECTION ( 'NONE',  ( 1.000000000000000000, 0.000000000000000000, 0.000000000000000000 ) ) ;
#1301 = PRESENTATION_STYLE_ASSIGNMENT (( #3312 ) ) ;
#1302 = CARTESIAN_POINT ( 'NONE',  ( 0.7299999999999995381, 1.399999999999999911, -0.5000000000000000000 ) ) ;
#1303 = VERTEX_POINT ( 'NONE', #896 ) ;
#1304 = PRESENTATION_STYLE_ASSIGNMENT (( #4968 ) ) ;
#1305 =( NAMED_UNIT ( * ) SI_UNIT ( $, .STERADIAN. ) SOLID_ANGLE_UNIT ( ) );
#1306 = PRESENTATION_LAYER_ASSIGNMENT (  '', '', ( #4644 ) ) ;
#1307 = EDGE_LOOP ( 'NONE', ( #940, #2488, #792 ) ) ;
#1308 = ORIENTED_EDGE ( 'NONE', *, *, #2352, .F. ) ;
#1309 = VERTEX_POINT ( 'NONE', #2134 ) ;
#1310 =( GEOMETRIC_REPRESENTATION_CONTEXT ( 3 ) GLOBAL_UNCERTAINTY_ASSIGNED_CONTEXT ( ( #115 ) ) GLOBAL_UNIT_ASSIGNED_CONTEXT ( ( #387, #1826, #5283 ) ) REPRESENTATION_CONTEXT ( 'NONE', 'WORKASPACE' ) );
#1311 = EDGE_CURVE ( 'NONE', #815, #2234, #4978, .T. ) ;
#1312 =( LENGTH_UNIT ( ) NAMED_UNIT ( * ) SI_UNIT ( .MILLI., .METRE. ) );
#1313 = LINE ( 'NONE', #4905, #3168 ) ;
#1314 = DIRECTION ( 'NONE',  ( 0.000000000000000000, -0.9975640502598243087, 0.06975647374412440038 ) ) ;
#1315 = STYLED_ITEM ( 'NONE', ( #1546 ), #3899 ) ;
#1316 = SURFACE_STYLE_FILL_AREA ( #1288 ) ;
#1317 = VERTEX_POINT ( 'NONE', #2157 ) ;
#1318 = CARTESIAN_POINT ( 'NONE',  ( -0.2200000000000004730, 1.159999999999999032, -0.1199999999999997735 ) ) ;
#1319 = DIRECTION ( 'NONE',  ( -1.000000000000000000, -0.000000000000000000, -0.000000000000000000 ) ) ;
#1320 =( GEOMETRIC_REPRESENTATION_CONTEXT ( 3 ) GLOBAL_UNCERTAINTY_ASSIGNED_CONTEXT ( ( #1747 ) ) GLOBAL_UNIT_ASSIGNED_CONTEXT ( ( #2095, #1698, #4515 ) ) REPRESENTATION_CONTEXT ( 'NONE', 'WORKASPACE' ) );
#1321 = DIRECTION ( 'NONE',  ( 0.1039620511844979445, -0.1039620511844979445, 0.9891328443778539814 ) ) ;
#1322 = SURFACE_STYLE_FILL_AREA ( #471 ) ;
#1323 = SURFACE_SIDE_STYLE ('',( #1296 ) ) ;
#1324 =( LENGTH_UNIT ( ) NAMED_UNIT ( * ) SI_UNIT ( .MILLI., .METRE. ) );
#1325 = EDGE_CURVE ( 'NONE', #3087, #4924, #3745, .T. ) ;
#1326 = EDGE_CURVE ( 'NONE', #4256, #644, #4523, .T. ) ;
#1327 = VECTOR ( 'NONE', #2786, 1000.000000000000000 ) ;
#1328 = DIRECTION ( 'NONE',  ( 0.000000000000000000, 4.109696271182928860E-15, 1.000000000000000000 ) ) ;
#1329 = UNCERTAINTY_MEASURE_WITH_UNIT (LENGTH_MEASURE( 1.000000000000000082E-05 ), #4718, 'distance_accuracy_value', 'NONE');
#1330 = ORIENTED_EDGE ( 'NONE', *, *, #3625, .F. ) ;
#1331 = DIRECTION ( 'NONE',  ( 1.000000000000000000, 0.000000000000000000, 0.000000000000000000 ) ) ;
#1332 = EDGE_LOOP ( 'NONE', ( #4661, #178, #1835, #3107 ) ) ;
#1333 = ORIENTED_EDGE ( 'NONE', *, *, #2744, .T. ) ;
#1334 = ORIENTED_EDGE ( 'NONE', *, *, #4178, .T. ) ;
#1335 = FACE_OUTER_BOUND ( 'NONE', #943, .T. ) ;
#1336 = DIRECTION ( 'NONE',  ( -1.000000000000000000, -0.000000000000000000, -0.000000000000000000 ) ) ;
#1337 = UNCERTAINTY_MEASURE_WITH_UNIT (LENGTH_MEASURE( 1.000000000000000082E-05 ), #1625, 'distance_accuracy_value', 'NONE');
#1338 = EDGE_CURVE ( 'NONE', #256, #3115, #4198, .T. ) ;
#1339 = DIRECTION ( 'NONE',  ( 0.1039620511844979306, -0.1039620511844979306, -0.9891328443778538704 ) ) ;
#1340 = ORIENTED_EDGE ( 'NONE', *, *, #4867, .T. ) ;
#1341 = LINE ( 'NONE', #549, #3474 ) ;
#1342 = DIRECTION ( 'NONE',  ( 0.000000000000000000, 0.9975640502598243087, 0.06975647374412440038 ) ) ;
#1343 = VECTOR ( 'NONE', #1328, 1000.000000000000000 ) ;
#1344 = AXIS2_PLACEMENT_3D ( 'NONE', #3537, #3886, #5135 ) ;
#1345 = VECTOR ( 'NONE', #3705, 1000.000000000000000 ) ;
#1346 = ORIENTED_EDGE ( 'NONE', *, *, #2353, .T. ) ;
#1347 = LINE ( 'NONE', #526, #4997 ) ;
#1348 = LINE ( 'NONE', #2966, #4315 ) ;
#1349 = VECTOR ( 'NONE', #1007, 1000.000000000000000 ) ;
#1350 = FILL_AREA_STYLE_COLOUR ( '', #848 ) ;
#1351 = SURFACE_STYLE_FILL_AREA ( #583 ) ;
#1352 = CARTESIAN_POINT ( 'NONE',  ( -1.375000000000000222, 0.8000000000000002665, -0.08000000000000000167 ) ) ;
#1353 = AXIS2_PLACEMENT_3D ( 'NONE', #237, #550, #4667 ) ;
#1354 = AXIS2_PLACEMENT_3D ( 'NONE', #4787, #754, #2350 ) ;
#1355 =( LENGTH_UNIT ( ) NAMED_UNIT ( * ) SI_UNIT ( .MILLI., .METRE. ) );
#1356 = EDGE_LOOP ( 'NONE', ( #5063, #3433, #4952, #3243 ) ) ;
#1357 = CARTESIAN_POINT ( 'NONE',  ( -0.7300000000000004263, -1.399999999999999911, -0.5000000000000000000 ) ) ;
#1358 = CIRCLE ( 'NONE', #3562, 0.09999999999999985290 ) ;
#1359 = ADVANCED_FACE ( 'NONE', ( #1730 ), #463, .T. ) ;
#1360 = PRESENTATION_LAYER_ASSIGNMENT (  '', '', ( #268 ) ) ;
#1361 = ORIENTED_EDGE ( 'NONE', *, *, #3508, .T. ) ;
#1362 = STYLED_ITEM ( 'NONE', ( #3511 ), #3104 ) ;
#1363 = VERTEX_POINT ( 'NONE', #4928 ) ;
#1364 = ORIENTED_EDGE ( 'NONE', *, *, #3404, .F. ) ;
#1365 = DIRECTION ( 'NONE',  ( 0.000000000000000000, -4.109696271182928860E-15, 1.000000000000000000 ) ) ;
#1366 = CARTESIAN_POINT ( 'NONE',  ( -1.170000000000000373, -1.399999999999999911, -0.5000000000000000000 ) ) ;
#1367 = EDGE_CURVE ( 'NONE', #579, #1363, #5218, .T. ) ;
#1368 = LINE ( 'NONE', #3773, #3953 ) ;
#1369 = MECHANICAL_DESIGN_GEOMETRIC_PRESENTATION_REPRESENTATION (  '', ( #1201 ), #4359 ) ;
#1370 = UNCERTAINTY_MEASURE_WITH_UNIT (LENGTH_MEASURE( 1.000000000000000082E-05 ), #175, 'distance_accuracy_value', 'NONE');
#1371 = DIRECTION ( 'NONE',  ( 1.000000000000000000, 0.000000000000000000, 0.000000000000000000 ) ) ;
#1372 = ORIENTED_EDGE ( 'NONE', *, *, #3174, .F. ) ;
#1373 =( NAMED_UNIT ( * ) SI_UNIT ( $, .STERADIAN. ) SOLID_ANGLE_UNIT ( ) );
#1374 = MECHANICAL_DESIGN_GEOMETRIC_PRESENTATION_REPRESENTATION (  '', ( #2989 ), #4184 ) ;
#1375 = CARTESIAN_POINT ( 'NONE',  ( 1.449998880753507580, 0.7254097386008875326, -0.08001064891904105525 ) ) ;
#1376 = ORIENTED_EDGE ( 'NONE', *, *, #1737, .F. ) ;
#1377 = DIRECTION ( 'NONE',  ( 1.000000000000000000, 0.000000000000000000, 0.000000000000000000 ) ) ;
#1378 = DIRECTION ( 'NONE',  ( 0.000000000000000000, -3.957832284416030179E-15, -1.000000000000000000 ) ) ;
#1379 = UNCERTAINTY_MEASURE_WITH_UNIT (LENGTH_MEASURE( 1.000000000000000082E-05 ), #2106, 'distance_accuracy_value', 'NONE');
#1380 = EDGE_CURVE ( 'NONE', #2820, #5225, #2080, .T. ) ;
#1381 = DIRECTION ( 'NONE',  ( 0.000000000000000000, -1.000000000000000000, 0.000000000000000000 ) ) ;
#1382 = CARTESIAN_POINT ( 'NONE',  ( -1.170000000000000373, -0.7999999999999998224, -0.08000000000000000167 ) ) ;
#1383 = PRESENTATION_STYLE_ASSIGNMENT (( #2226 ) ) ;
#1384 = CARTESIAN_POINT ( 'NONE',  ( 0.7299999999999995381, 0.7999999999999998224, -0.08000000000000000167 ) ) ;
#1385 = ORIENTED_EDGE ( 'NONE', *, *, #2101, .T. ) ;
#1386 = CARTESIAN_POINT ( 'NONE',  ( 0.7299999999999995381, 0.7999999999999998224, -0.08000000000000000167 ) ) ;
#1387 = ORIENTED_EDGE ( 'NONE', *, *, #1173, .T. ) ;
#1388 = ORIENTED_EDGE ( 'NONE', *, *, #136, .F. ) ;
#1389 = VERTEX_POINT ( 'NONE', #1758 ) ;
#1390 = CARTESIAN_POINT ( 'NONE',  ( -1.170000000000000373, 1.399999999999999689, -0.3396092963070124204 ) ) ;
#1391 = CARTESIAN_POINT ( 'NONE',  ( -1.170000000000000373, 0.8999999999999999112, -0.1800000000000000211 ) ) ;
#1392 = VECTOR ( 'NONE', #2438, 1000.000000000000000 ) ;
#1393 = FACE_OUTER_BOUND ( 'NONE', #3318, .T. ) ;
#1394 = ADVANCED_FACE ( 'NONE', ( #5029 ), #3300, .T. ) ;
#1395 = EDGE_CURVE ( 'NONE', #834, #3061, #3643, .T. ) ;
#1396 = ORIENTED_EDGE ( 'NONE', *, *, #708, .F. ) ;
#1397 =( NAMED_UNIT ( * ) SI_UNIT ( $, .STERADIAN. ) SOLID_ANGLE_UNIT ( ) );
#1398 =( LENGTH_UNIT ( ) NAMED_UNIT ( * ) SI_UNIT ( .MILLI., .METRE. ) );
#1399 = DIRECTION ( 'NONE',  ( 0.000000000000000000, 0.000000000000000000, -1.000000000000000000 ) ) ;
#1400 = STYLED_ITEM ( 'NONE', ( #2576 ), #3809 ) ;
#1401 = ORIENTED_EDGE ( 'NONE', *, *, #3937, .F. ) ;
#1402 = SURFACE_STYLE_USAGE ( .BOTH. , #1796 ) ;
#1403 = DIRECTION ( 'NONE',  ( 1.000000000000000000, 0.000000000000000000, 0.000000000000000000 ) ) ;
#1404 = VECTOR ( 'NONE', #1405, 1000.000000000000000 ) ;
#1405 = DIRECTION ( 'NONE',  ( 0.000000000000000000, 0.9975640502598243087, -0.06975647374412512203 ) ) ;
#1406 = FILL_AREA_STYLE ('',( #2169 ) ) ;
#1407 =( GEOMETRIC_REPRESENTATION_CONTEXT ( 3 ) GLOBAL_UNCERTAINTY_ASSIGNED_CONTEXT ( ( #2174 ) ) GLOBAL_UNIT_ASSIGNED_CONTEXT ( ( #2563, #4210, #4582 ) ) REPRESENTATION_CONTEXT ( 'NONE', 'WORKASPACE' ) );
#1408 = CARTESIAN_POINT ( 'NONE',  ( -0.7300000000000004263, 1.000000000000000000, -0.2855262579950638147 ) ) ;
#1409 = EDGE_LOOP ( 'NONE', ( #970, #3033, #4831, #145 ) ) ;
#1410 = LINE ( 'NONE', #2122, #2214 ) ;
#1411 = ORIENTED_EDGE ( 'NONE', *, *, #248, .F. ) ;
#1412 = EDGE_LOOP ( 'NONE', ( #3341, #2928, #5016, #2702 ) ) ;
#1413 = AXIS2_PLACEMENT_3D ( 'NONE', #2088, #1586, #2813 ) ;
#1414 = DIRECTION ( 'NONE',  ( 1.000000000000000000, 0.000000000000000000, 0.000000000000000000 ) ) ;
#1415 =( NAMED_UNIT ( * ) SI_UNIT ( $, .STERADIAN. ) SOLID_ANGLE_UNIT ( ) );
#1416 = FACE_OUTER_BOUND ( 'NONE', #686, .T. ) ;
#1417 = DIRECTION ( 'NONE',  ( 1.000000000000000000, 0.000000000000000000, 0.000000000000000000 ) ) ;
#1418 = ORIENTED_EDGE ( 'NONE', *, *, #2884, .F. ) ;
#1419 = SURFACE_STYLE_FILL_AREA ( #4693 ) ;
#1420 = LINE ( 'NONE', #1874, #1349 ) ;
#1421 = EDGE_CURVE ( 'NONE', #3928, #2098, #3591, .T. ) ;
#1422 = EDGE_CURVE ( 'NONE', #2406, #3162, #4499, .T. ) ;
#1423 = AXIS2_PLACEMENT_3D ( 'NONE', #985, #320, #3146 ) ;
#1424 = VERTEX_POINT ( 'NONE', #1448 ) ;
#1425 =( NAMED_UNIT ( * ) SI_UNIT ( $, .STERADIAN. ) SOLID_ANGLE_UNIT ( ) );
#1426 =( LENGTH_UNIT ( ) NAMED_UNIT ( * ) SI_UNIT ( .MILLI., .METRE. ) );
#1427 = DIRECTION ( 'NONE',  ( 1.000000000000000000, 0.000000000000000000, 0.000000000000000000 ) ) ;
#1428 = DIRECTION ( 'NONE',  ( 0.000000000000000000, -1.000000000000000000, 3.957832284416029391E-15 ) ) ;
#1429 = EDGE_CURVE ( 'NONE', #5052, #1187, #261, .T. ) ;
#1430 =( GEOMETRIC_REPRESENTATION_CONTEXT ( 3 ) GLOBAL_UNCERTAINTY_ASSIGNED_CONTEXT ( ( #1329 ) ) GLOBAL_UNIT_ASSIGNED_CONTEXT ( ( #4718, #4305, #1415 ) ) REPRESENTATION_CONTEXT ( 'NONE', 'WORKASPACE' ) );
#1431 = SURFACE_STYLE_FILL_AREA ( #1406 ) ;
#1432 = CARTESIAN_POINT ( 'NONE',  ( -1.375273160256224925, -0.7999996269169080687, 0.08000354964850762973 ) ) ;
#1433 = DIRECTION ( 'NONE',  ( 0.000000000000000000, 0.000000000000000000, -1.000000000000000000 ) ) ;
#1434 = SURFACE_STYLE_USAGE ( .BOTH. , #3823 ) ;
#1435 = FILL_AREA_STYLE_COLOUR ( '', #3189 ) ;
#1436 = VECTOR ( 'NONE', #3763, 1000.000000000000000 ) ;
#1437 = ORIENTED_EDGE ( 'NONE', *, *, #1769, .F. ) ;
#1438 = CARTESIAN_POINT ( 'NONE',  ( 0.7299999999999995381, -0.9599999999999994094, -0.1199999999999999956 ) ) ;
#1439 = DIRECTION ( 'NONE',  ( 0.000000000000000000, 1.000000000000000000, 0.000000000000000000 ) ) ;
#1440 = CIRCLE ( 'NONE', #2715, 0.07999999999999998779 ) ;
#1441 =( GEOMETRIC_REPRESENTATION_CONTEXT ( 3 ) GLOBAL_UNCERTAINTY_ASSIGNED_CONTEXT ( ( #2577 ) ) GLOBAL_UNIT_ASSIGNED_CONTEXT ( ( #670, #1563, #3911 ) ) REPRESENTATION_CONTEXT ( 'NONE', 'WORKASPACE' ) );
#1442 = ORIENTED_EDGE ( 'NONE', *, *, #2856, .F. ) ;
#1443 = EDGE_LOOP ( 'NONE', ( #2207, #1159, #3642, #4046 ) ) ;
#1444 = CARTESIAN_POINT ( 'NONE',  ( -1.170000000000000373, -0.9999999999999997780, -0.2855262579950638147 ) ) ;
#1445 =( NAMED_UNIT ( * ) SI_UNIT ( $, .STERADIAN. ) SOLID_ANGLE_UNIT ( ) );
#1446 = MECHANICAL_DESIGN_GEOMETRIC_PRESENTATION_REPRESENTATION (  '', ( #3820 ), #1116 ) ;
#1447 =( GEOMETRIC_REPRESENTATION_CONTEXT ( 3 ) GLOBAL_UNCERTAINTY_ASSIGNED_CONTEXT ( ( #485 ) ) GLOBAL_UNIT_ASSIGNED_CONTEXT ( ( #4791, #3453, #2655 ) ) REPRESENTATION_CONTEXT ( 'NONE', 'WORKASPACE' ) );
#1448 = CARTESIAN_POINT ( 'NONE',  ( -1.375409738600887888, -0.7999988807535080015, 0.08001064891903697518 ) ) ;
#1449 = ORIENTED_EDGE ( 'NONE', *, *, #3048, .F. ) ;
#1450 = AXIS2_PLACEMENT_3D ( 'NONE', #3811, #4226, #2190 ) ;
#1451 = DIRECTION ( 'NONE',  ( 0.000000000000000000, 1.351951388106425141E-15, -1.000000000000000000 ) ) ;
#1452 = CARTESIAN_POINT ( 'NONE',  ( 0.2199999999999996125, -0.8999999999999999112, -0.08000000000000000167 ) ) ;
#1453 = ORIENTED_EDGE ( 'NONE', *, *, #3731, .T. ) ;
#1454 = DIRECTION ( 'NONE',  ( 1.000000000000000000, 0.000000000000000000, 0.000000000000000000 ) ) ;
#1455 =( GEOMETRIC_REPRESENTATION_CONTEXT ( 3 ) GLOBAL_UNCERTAINTY_ASSIGNED_CONTEXT ( ( #2838 ) ) GLOBAL_UNIT_ASSIGNED_CONTEXT ( ( #4473, #22, #4882 ) ) REPRESENTATION_CONTEXT ( 'NONE', 'WORKASPACE' ) );
#1456 = LINE ( 'NONE', #664, #1588 ) ;
#1457 = SURFACE_STYLE_USAGE ( .BOTH. , #4701 ) ;
#1458 = ADVANCED_FACE ( 'NONE', ( #1054 ), #1003, .T. ) ;
#1459 = LINE ( 'NONE', #2249, #4434 ) ;
#1460 = CARTESIAN_POINT ( 'NONE',  ( -0.7300000000000004263, 0.7999999999999998224, 0.08000000000000000167 ) ) ;
#1461 = LINE ( 'NONE', #2252, #2859 ) ;
#1462 = EDGE_CURVE ( 'NONE', #4794, #1629, #177, .T. ) ;
#1463 = VERTEX_POINT ( 'NONE', #1110 ) ;
#1464 =( NAMED_UNIT ( * ) SI_UNIT ( $, .STERADIAN. ) SOLID_ANGLE_UNIT ( ) );
#1465 = UNCERTAINTY_MEASURE_WITH_UNIT (LENGTH_MEASURE( 1.000000000000000082E-05 ), #1847, 'distance_accuracy_value', 'NONE');
#1466 = PLANE ( 'NONE',  #388 ) ;
#1467 = FILL_AREA_STYLE_COLOUR ( '', #3895 ) ;
#1468 = VERTEX_POINT ( 'NONE', #1871 ) ;
#1469 = ORIENTED_EDGE ( 'NONE', *, *, #4929, .F. ) ;
#1470 =( NAMED_UNIT ( * ) PLANE_ANGLE_UNIT ( ) SI_UNIT ( $, .RADIAN. ) );
#1471 = SURFACE_STYLE_USAGE ( .BOTH. , #679 ) ;
#1472 = CARTESIAN_POINT ( 'NONE',  ( -1.344873511907028085, 0.7694626540596485320, -0.3705434387411802311 ) ) ;
#1473 = EDGE_CURVE ( 'NONE', #1538, #3928, #4748, .T. ) ;
#1474 = ORIENTED_EDGE ( 'NONE', *, *, #996, .T. ) ;
#1475 = CARTESIAN_POINT ( 'NONE',  ( -0.7300000000000004263, 1.399999999999999689, -0.3396092963070124204 ) ) ;
#1476 = CARTESIAN_POINT ( 'NONE',  ( 1.449998880753507580, 0.7254097386008874215, 0.08001064891904102749 ) ) ;
#1477 = ORIENTED_EDGE ( 'NONE', *, *, #149, .T. ) ;
#1478 = LINE ( 'NONE', #3093, #1000 ) ;
#1479 =( NAMED_UNIT ( * ) PLANE_ANGLE_UNIT ( ) SI_UNIT ( $, .RADIAN. ) );
#1480 = CIRCLE ( 'NONE', #3855, 0.07499999999999998335 ) ;
#1481 = LINE ( 'NONE', #1882, #1865 ) ;
#1482 =( GEOMETRIC_REPRESENTATION_CONTEXT ( 3 ) GLOBAL_UNCERTAINTY_ASSIGNED_CONTEXT ( ( #3761 ) ) GLOBAL_UNIT_ASSIGNED_CONTEXT ( ( #3113, #2001, #5278 ) ) REPRESENTATION_CONTEXT ( 'NONE', 'WORKASPACE' ) );
#1483 = CARTESIAN_POINT ( 'NONE',  ( -1.170000000000000373, -1.253024352625586868, -0.3293317578527861222 ) ) ;
#1484 = CARTESIAN_POINT ( 'NONE',  ( 0.7299999999999995381, -1.159999999999999032, -0.1199999999999997735 ) ) ;
#1485 = SURFACE_STYLE_FILL_AREA ( #5159 ) ;
#1486 = DIRECTION ( 'NONE',  ( -0.000000000000000000, -0.000000000000000000, 1.000000000000000000 ) ) ;
#1487 = ORIENTED_EDGE ( 'NONE', *, *, #3432, .F. ) ;
#1488 = CARTESIAN_POINT ( 'NONE',  ( -1.183581129629361683, -0.5335811296293614392, 0.4399999999999999467 ) ) ;
#1489 = DIRECTION ( 'NONE',  ( 0.000000000000000000, 1.351951388106425141E-15, -1.000000000000000000 ) ) ;
#1490 = AXIS2_PLACEMENT_3D ( 'NONE', #5018, #1073, #4738 ) ;
#1491 = EDGE_CURVE ( 'NONE', #465, #4397, #3494, .T. ) ;
#1492 = ADVANCED_FACE ( 'NONE', ( #1393 ), #2692, .T. ) ;
#1493 = DIRECTION ( 'NONE',  ( 0.1039620511844979306, 0.1039620511844979306, -0.9891328443778538704 ) ) ;
#1494 = VERTEX_POINT ( 'NONE', #1920 ) ;
#1495 = VERTEX_POINT ( 'NONE', #476 ) ;
#1496 = DIRECTION ( 'NONE',  ( 1.000000000000000000, 0.000000000000000000, 0.000000000000000000 ) ) ;
#1497 = DIRECTION ( 'NONE',  ( 0.000000000000000000, -0.9975640502598243087, 0.06975647374412440038 ) ) ;
#1498 = VECTOR ( 'NONE', #3783, 1000.000000000000000 ) ;
#1499 = DIRECTION ( 'NONE',  ( 0.000000000000000000, -1.000000000000000000, -8.470329472543026810E-17 ) ) ;
#1500 = AXIS2_PLACEMENT_3D ( 'NONE', #4936, #4027, #1992 ) ;
#1501 = ORIENTED_EDGE ( 'NONE', *, *, #1809, .F. ) ;
#1502 =( LENGTH_UNIT ( ) NAMED_UNIT ( * ) SI_UNIT ( .MILLI., .METRE. ) );
#1503 = CARTESIAN_POINT ( 'NONE',  ( 1.449999999999999734, 0.7250000000000003109, 0.08000000000000000167 ) ) ;
#1504 = CARTESIAN_POINT ( 'NONE',  ( -1.103581129629361612, -0.5335811296293614392, 0.4399999999999999467 ) ) ;
#1505 = ADVANCED_FACE ( 'NONE', ( #1694 ), #3209, .T. ) ;
#1506 = ORIENTED_EDGE ( 'NONE', *, *, #3284, .T. ) ;
#1507 = DIRECTION ( 'NONE',  ( 2.907131363079803022E-15, 1.000000000000000000, -0.000000000000000000 ) ) ;
#1508 = LINE ( 'NONE', #3963, #5211 ) ;
#1509 = CARTESIAN_POINT ( 'NONE',  ( 0.7299999999999995381, -1.159999999999999476, -0.2295753528268036636 ) ) ;
#1510 = FILL_AREA_STYLE_COLOUR ( '', #706 ) ;
#1511 = CARTESIAN_POINT ( 'NONE',  ( 1.343581129629361159, 0.7681702717819823834, -0.3828396347450740422 ) ) ;
#1512 = CARTESIAN_POINT ( 'NONE',  ( 1.343581129629361159, 0.000000000000000000, -0.4500000000000000111 ) ) ;
#1513 = CARTESIAN_POINT ( 'NONE',  ( 1.376217025357843182, 0.8008061675104641841, -0.07232982849429266115 ) ) ;
#1514 = ORIENTED_EDGE ( 'NONE', *, *, #759, .T. ) ;
#1515 = MECHANICAL_DESIGN_GEOMETRIC_PRESENTATION_REPRESENTATION (  '', ( #3797 ), #3041 ) ;
#1516 = LINE ( 'NONE', #4354, #111 ) ;
#1517 = SURFACE_SIDE_STYLE ('',( #3086 ) ) ;
#1518 = ORIENTED_EDGE ( 'NONE', *, *, #4391, .F. ) ;
#1519 = ORIENTED_EDGE ( 'NONE', *, *, #2598, .T. ) ;
#1520 = ADVANCED_FACE ( 'NONE', ( #88 ), #455, .T. ) ;
#1521 = SURFACE_SIDE_STYLE ('',( #3565 ) ) ;
#1522 = PRESENTATION_LAYER_ASSIGNMENT (  '', '', ( #3808 ) ) ;
#1523 = AXIS2_PLACEMENT_3D ( 'NONE', #2775, #3984, #2697 ) ;
#1524 = ORIENTED_EDGE ( 'NONE', *, *, #2329, .F. ) ;
#1525 = EDGE_CURVE ( 'NONE', #257, #4188, #833, .T. ) ;
#1526 = VECTOR ( 'NONE', #2346, 1000.000000000000000 ) ;
#1527 = PRESENTATION_LAYER_ASSIGNMENT (  '', '', ( #3820 ) ) ;
#1528 = VERTEX_POINT ( 'NONE', #1274 ) ;
#1529 = FILL_AREA_STYLE ('',( #2391 ) ) ;
#1530 = CARTESIAN_POINT ( 'NONE',  ( -1.343581129629361604, 0.6935811296293618033, -0.3750000000000000000 ) ) ;
#1531 = CARTESIAN_POINT ( 'NONE',  ( -1.375273160256224925, -0.7999996269169080687, -0.08000354964850762973 ) ) ;
#1532 = AXIS2_PLACEMENT_3D ( 'NONE', #845, #872, #2470 ) ;
#1533 =( NAMED_UNIT ( * ) PLANE_ANGLE_UNIT ( ) SI_UNIT ( $, .RADIAN. ) );
#1534 = FILL_AREA_STYLE ('',( #825 ) ) ;
#1535 = CARTESIAN_POINT ( 'NONE',  ( 1.449999999999999734, -0.7999999999999998224, -0.08000000000000000167 ) ) ;
#1536 = DIRECTION ( 'NONE',  ( 0.1039620511844979445, 0.1039620511844979445, 0.9891328443778539814 ) ) ;
#1537 = EDGE_CURVE ( 'NONE', #95, #1317, #3610, .T. ) ;
#1538 = VERTEX_POINT ( 'NONE', #2818 ) ;
#1539 = PRESENTATION_STYLE_ASSIGNMENT (( #3557 ) ) ;
#1540 = VECTOR ( 'NONE', #2229, 1000.000000000000000 ) ;
#1541 = DIRECTION ( 'NONE',  ( 1.000000000000000000, 0.000000000000000000, 0.000000000000000000 ) ) ;
#1542 = CARTESIAN_POINT ( 'NONE',  ( 1.374999999999999778, -0.7999999999999998224, 0.08000000000000000167 ) ) ;
#1543 = EDGE_LOOP ( 'NONE', ( #251, #2792, #4714, #2851 ) ) ;
#1544 = ORIENTED_EDGE ( 'NONE', *, *, #3048, .T. ) ;
#1545 = CARTESIAN_POINT ( 'NONE',  ( -0.2200000000000004730, -1.399999999999999689, -0.3396092963070124204 ) ) ;
#1546 = PRESENTATION_STYLE_ASSIGNMENT (( #1108 ) ) ;
#1547 = AXIS2_PLACEMENT_3D ( 'NONE', #5222, #4077, #3234 ) ;
#1548 = ORIENTED_EDGE ( 'NONE', *, *, #3242, .F. ) ;
#1549 =( NAMED_UNIT ( * ) SI_UNIT ( $, .STERADIAN. ) SOLID_ANGLE_UNIT ( ) );
#1550 = VECTOR ( 'NONE', #3228, 1000.000000000000000 ) ;
#1551 = SURFACE_STYLE_USAGE ( .BOTH. , #342 ) ;
#1552 = DIRECTION ( 'NONE',  ( -0.9945218953682734009, 0.000000000000000000, 0.1045284632676537068 ) ) ;
#1553 = ADVANCED_FACE ( 'NONE', ( #11 ), #4462, .F. ) ;
#1554 = ADVANCED_FACE ( 'NONE', ( #2482 ), #4130, .T. ) ;
#1555 = ORIENTED_EDGE ( 'NONE', *, *, #2657, .F. ) ;
#1556 = LINE ( 'NONE', #2059, #4448 ) ;
#1557 =( NAMED_UNIT ( * ) PLANE_ANGLE_UNIT ( ) SI_UNIT ( $, .RADIAN. ) );
#1558 = CIRCLE ( 'NONE', #1142, 0.07499999999999998335 ) ;
#1559 = CARTESIAN_POINT ( 'NONE',  ( -1.170000000000000373, -0.9599999999999994094, -0.1199999999999999956 ) ) ;
#1560 = SURFACE_STYLE_FILL_AREA ( #1534 ) ;
#1561 = CARTESIAN_POINT ( 'NONE',  ( -1.170000000000000373, 0.9999999999999995559, -0.1799999999999999378 ) ) ;
#1562 = AXIS2_PLACEMENT_3D ( 'NONE', #1951, #1161, #5257 ) ;
#1563 =( NAMED_UNIT ( * ) PLANE_ANGLE_UNIT ( ) SI_UNIT ( $, .RADIAN. ) );
#1564 = DIRECTION ( 'NONE',  ( 1.000000000000000000, 0.000000000000000000, 0.000000000000000000 ) ) ;
#1565 =( NAMED_UNIT ( * ) SI_UNIT ( $, .STERADIAN. ) SOLID_ANGLE_UNIT ( ) );
#1566 = ORIENTED_EDGE ( 'NONE', *, *, #330, .F. ) ;
#1567 = VERTEX_POINT ( 'NONE', #4656 ) ;
#1568 =( GEOMETRIC_REPRESENTATION_CONTEXT ( 3 ) GLOBAL_UNCERTAINTY_ASSIGNED_CONTEXT ( ( #4588 ) ) GLOBAL_UNIT_ASSIGNED_CONTEXT ( ( #5079, #3396, #3854 ) ) REPRESENTATION_CONTEXT ( 'NONE', 'WORKASPACE' ) );
#1569 = SURFACE_STYLE_USAGE ( .BOTH. , #5251 ) ;
#1570 =( LENGTH_UNIT ( ) NAMED_UNIT ( * ) SI_UNIT ( .MILLI., .METRE. ) );
#1571 = DIRECTION ( 'NONE',  ( 0.000000000000000000, 0.000000000000000000, 1.000000000000000000 ) ) ;
#1572 = DIRECTION ( 'NONE',  ( 0.000000000000000000, -1.000000000000000000, 0.000000000000000000 ) ) ;
#1573 = VERTEX_POINT ( 'NONE', #502 ) ;
#1574 = PRODUCT_CONTEXT ( 'NONE', #3459, 'mechanical' ) ;
#1575 =( NAMED_UNIT ( * ) PLANE_ANGLE_UNIT ( ) SI_UNIT ( $, .RADIAN. ) );
#1576 = FILL_AREA_STYLE_COLOUR ( '', #4648 ) ;
#1577 = COLOUR_RGB ( '',0.8039215686274510109, 0.8039215686274510109, 0.8039215686274510109 ) ;
#1578 = ORIENTED_EDGE ( 'NONE', *, *, #708, .T. ) ;
#1579 = FACE_OUTER_BOUND ( 'NONE', #359, .T. ) ;
#1580 = DIRECTION ( 'NONE',  ( 0.000000000000000000, 0.000000000000000000, -1.000000000000000000 ) ) ;
#1581 = EDGE_CURVE ( 'NONE', #2356, #3143, #533, .T. ) ;
#1582 = EDGE_CURVE ( 'NONE', #2720, #993, #3451, .T. ) ;
#1583 = PRESENTATION_LAYER_ASSIGNMENT (  '', '', ( #3109 ) ) ;
#1584 = DIRECTION ( 'NONE',  ( 0.000000000000000000, 0.000000000000000000, 1.000000000000000000 ) ) ;
#1585 = CARTESIAN_POINT ( 'NONE',  ( -1.170000000000000373, -0.8999999999999999112, -0.1800000000000000211 ) ) ;
#1586 = DIRECTION ( 'NONE',  ( 1.000000000000000000, -0.000000000000000000, 0.000000000000000000 ) ) ;
#1587 = CLOSED_SHELL ( 'NONE', ( #1633, #1029, #2757, #2586, #4898, #5165, #5071, #1202, #453, #682, #1590, #1359, #1014, #4722 ) ) ;
#1588 = VECTOR ( 'NONE', #2588, 1000.000000000000114 ) ;
#1589 = CARTESIAN_POINT ( 'NONE',  ( -0.2200000000000004730, 1.159999999999999476, -0.2295753528268036636 ) ) ;
#1590 = ADVANCED_FACE ( 'NONE', ( #5046 ), #3851, .T. ) ;
#1591 = PLANE ( 'NONE',  #4085 ) ;
#1592 = PRESENTATION_STYLE_ASSIGNMENT (( #2334 ) ) ;
#1593 = ORIENTED_EDGE ( 'NONE', *, *, #130, .T. ) ;
#1594 = VERTEX_POINT ( 'NONE', #4213 ) ;
#1595 = STYLED_ITEM ( 'NONE', ( #1301 ), #203 ) ;
#1596 = SURFACE_STYLE_USAGE ( .BOTH. , #2898 ) ;
#1597 = CARTESIAN_POINT ( 'NONE',  ( 1.449998880753508024, -0.7254097386008874215, 0.08001064891903697518 ) ) ;
#1598 = DIRECTION ( 'NONE',  ( 0.000000000000000000, -4.109696271182928860E-15, 1.000000000000000000 ) ) ;
#1599 = CIRCLE ( 'NONE', #4245, 0.07500000000000002498 ) ;
#1600 = ORIENTED_EDGE ( 'NONE', *, *, #2363, .F. ) ;
#1601 = AXIS2_PLACEMENT_3D ( 'NONE', #3069, #3870, #1844 ) ;
#1602 = DIRECTION ( 'NONE',  ( 0.000000000000000000, 3.957832284416029391E-15, -1.000000000000000000 ) ) ;
#1603 = SURFACE_STYLE_FILL_AREA ( #4040 ) ;
#1604 = VECTOR ( 'NONE', #4140, 1000.000000000000000 ) ;
#1605 = STYLED_ITEM ( 'NONE', ( #3778 ), #5165 ) ;
#1606 = VERTEX_POINT ( 'NONE', #4622 ) ;
#1607 = FILL_AREA_STYLE ('',( #4045 ) ) ;
#1608 = ORIENTED_EDGE ( 'NONE', *, *, #1325, .F. ) ;
#1609 = VECTOR ( 'NONE', #4703, 1000.000000000000114 ) ;
#1610 = FACE_OUTER_BOUND ( 'NONE', #2769, .T. ) ;
#1611 = UNCERTAINTY_MEASURE_WITH_UNIT (LENGTH_MEASURE( 1.000000000000000082E-05 ), #1426, 'distance_accuracy_value', 'NONE');
#1612 = AXIS2_PLACEMENT_3D ( 'NONE', #73, #1260, #871 ) ;
#1613 = VECTOR ( 'NONE', #5269, 1000.000000000000000 ) ;
#1614 = CARTESIAN_POINT ( 'NONE',  ( 1.449999999999999734, -0.7249999999999998668, 0.08000000000000000167 ) ) ;
#1615 = DIRECTION ( 'NONE',  ( 0.000000000000000000, 0.000000000000000000, -1.000000000000000000 ) ) ;
#1616 = EDGE_CURVE ( 'NONE', #3858, #2753, #2939, .T. ) ;
#1617 = PRESENTATION_LAYER_ASSIGNMENT (  '', '', ( #2727 ) ) ;
#1618 = CARTESIAN_POINT ( 'NONE',  ( 1.449998880753508024, -0.7254097386008874215, 0.08001064891903697518 ) ) ;
#1619 = PRESENTATION_LAYER_ASSIGNMENT (  '', '', ( #434 ) ) ;
#1620 = EDGE_CURVE ( 'NONE', #116, #915, #963, .T. ) ;
#1621 = DIRECTION ( 'NONE',  ( 0.000000000000000000, 3.957832284416030179E-15, -1.000000000000000000 ) ) ;
#1622 = ORIENTED_EDGE ( 'NONE', *, *, #2430, .F. ) ;
#1623 = COLOUR_RGB ( '',0.8039215686274510109, 0.8039215686274510109, 0.8039215686274510109 ) ;
#1624 = EDGE_LOOP ( 'NONE', ( #285, #4509, #327, #4856, #229, #2732, #1282, #2060, #156, #5101, #4190, #1401 ) ) ;
#1625 =( LENGTH_UNIT ( ) NAMED_UNIT ( * ) SI_UNIT ( .MILLI., .METRE. ) );
#1626 = FACE_OUTER_BOUND ( 'NONE', #318, .T. ) ;
#1627 =( NAMED_UNIT ( * ) PLANE_ANGLE_UNIT ( ) SI_UNIT ( $, .RADIAN. ) );
#1628 = STYLED_ITEM ( 'NONE', ( #3186 ), #2399 ) ;
#1629 = VERTEX_POINT ( 'NONE', #3002 ) ;
#1630 = LINE ( 'NONE', #1254, #260 ) ;
#1631 = DIRECTION ( 'NONE',  ( 1.000000000000000000, 0.000000000000000000, 0.000000000000000000 ) ) ;
#1632 = CARTESIAN_POINT ( 'NONE',  ( 1.169999999999999707, -1.186048705251175006, -0.4850390680470285654 ) ) ;
#1633 = ADVANCED_FACE ( 'NONE', ( #1802 ), #2944, .F. ) ;
#1634 = COLOUR_RGB ( '',0.8039215686274510109, 0.8039215686274510109, 0.8039215686274510109 ) ;
#1635 = DIRECTION ( 'NONE',  ( 1.000000000000000000, 0.000000000000000000, 0.000000000000000000 ) ) ;
#1636 = DIRECTION ( 'NONE',  ( 0.000000000000000000, -0.9975640502598243087, -0.06975647374412512203 ) ) ;
#1637 = ORIENTED_EDGE ( 'NONE', *, *, #3570, .T. ) ;
#1638 = CARTESIAN_POINT ( 'NONE',  ( -0.2200000000000004730, 1.186048705251175006, -0.4850390680470285654 ) ) ;
#1639 =( NAMED_UNIT ( * ) SI_UNIT ( $, .STERADIAN. ) SOLID_ANGLE_UNIT ( ) );
#1640 =( NAMED_UNIT ( * ) PLANE_ANGLE_UNIT ( ) SI_UNIT ( $, .RADIAN. ) );
#1641 =( NAMED_UNIT ( * ) PLANE_ANGLE_UNIT ( ) SI_UNIT ( $, .RADIAN. ) );
#1642 = VECTOR ( 'NONE', #4147, 1000.000000000000000 ) ;
#1643 = CARTESIAN_POINT ( 'NONE',  ( -1.450000000000000178, 0.8000000000000002665, -0.08000000000000000167 ) ) ;
#1644 = EDGE_LOOP ( 'NONE', ( #255, #4994, #4189, #1872, #1249, #3060 ) ) ;
#1645 = VERTEX_POINT ( 'NONE', #3100 ) ;
#1646 = CARTESIAN_POINT ( 'NONE',  ( -1.449998880753508468, -0.7254097386008875326, -0.08001064891903696130 ) ) ;
#1647 = MECHANICAL_DESIGN_GEOMETRIC_PRESENTATION_REPRESENTATION (  '', ( #1315 ), #219 ) ;
#1648 = PRESENTATION_STYLE_ASSIGNMENT (( #3265 ) ) ;
#1649 = EDGE_CURVE ( 'NONE', #5142, #4879, #279, .T. ) ;
#1650 = ADVANCED_FACE ( 'NONE', ( #352 ), #5187, .T. ) ;
#1651 = FILL_AREA_STYLE ('',( #4970 ) ) ;
#1652 = ORIENTED_EDGE ( 'NONE', *, *, #3597, .F. ) ;
#1653 = CARTESIAN_POINT ( 'NONE',  ( -1.170000000000000373, -0.7999999999999998224, 0.08000000000000000167 ) ) ;
#1654 = CARTESIAN_POINT ( 'NONE',  ( 1.169999999999999707, 1.253024352625586868, -0.3293317578527861222 ) ) ;
#1655 = VECTOR ( 'NONE', #144, 1000.000000000000000 ) ;
#1656 = CARTESIAN_POINT ( 'NONE',  ( -1.170000000000000373, 0.8999999999999999112, -0.08000000000000000167 ) ) ;
#1657 = CARTESIAN_POINT ( 'NONE',  ( -0.2200000000000004730, -0.8999999999999999112, -0.1800000000000000211 ) ) ;
#1658 = ORIENTED_EDGE ( 'NONE', *, *, #1525, .T. ) ;
#1659 = FACE_OUTER_BOUND ( 'NONE', #3495, .T. ) ;
#1660 = EDGE_CURVE ( 'NONE', #1567, #4419, #2653, .T. ) ;
#1661 = DIRECTION ( 'NONE',  ( 1.000000000000000000, 0.000000000000000000, 0.000000000000000000 ) ) ;
#1662 = DIRECTION ( 'NONE',  ( 0.000000000000000000, 0.000000000000000000, -1.000000000000000000 ) ) ;
#1663 = CARTESIAN_POINT ( 'NONE',  ( 1.411111432951699385, 0.7681702717819823834, 0.3828396347450740422 ) ) ;
#1664 = CARTESIAN_POINT ( 'NONE',  ( 0.7299999999999995381, 0.8999999999999999112, -0.08000000000000000167 ) ) ;
#1665 = PRESENTATION_LAYER_ASSIGNMENT (  '', '', ( #1836 ) ) ;
#1666 = DIRECTION ( 'NONE',  ( 0.000000000000000000, 0.000000000000000000, -1.000000000000000000 ) ) ;
#1667 = SURFACE_SIDE_STYLE ('',( #4078 ) ) ;
#1668 = EDGE_LOOP ( 'NONE', ( #4329, #1608, #1566, #1308 ) ) ;
#1669 = CARTESIAN_POINT ( 'NONE',  ( -0.7300000000000004263, -1.159999999999999032, -0.1199999999999997735 ) ) ;
#1670 = CARTESIAN_POINT ( 'NONE',  ( -0.7300000000000004263, 0.7999999999999998224, 0.08000000000000000167 ) ) ;
#1671 = CLOSED_SHELL ( 'NONE', ( #2415, #790, #1394, #1746, #3809, #1650, #1862, #4405, #3137, #1211, #514, #1042, #3138, #4436 ) ) ;
#1672 = ORIENTED_EDGE ( 'NONE', *, *, #1429, .F. ) ;
#1673 = EDGE_CURVE ( 'NONE', #2389, #1187, #3580, .T. ) ;
#1674 = EDGE_LOOP ( 'NONE', ( #4742, #5130, #2384, #1477, #1544, #2660 ) ) ;
#1675 = PLANE ( 'NONE',  #419 ) ;
#1676 = CARTESIAN_POINT ( 'NONE',  ( 1.374999999999999334, 0.8000000000000002665, 0.08000000000000000167 ) ) ;
#1677 = LINE ( 'NONE', #3296, #3009 ) ;
#1678 = DIRECTION ( 'NONE',  ( 1.000000000000000000, 0.000000000000000000, 0.000000000000000000 ) ) ;
#1679 = EDGE_CURVE ( 'NONE', #3427, #3262, #1461, .T. ) ;
#1680 = AXIS2_PLACEMENT_3D ( 'NONE', #2196, #2620, #217 ) ;
#1681 = CARTESIAN_POINT ( 'NONE',  ( -0.2200000000000004730, -0.7999999999999998224, 0.08000000000000000167 ) ) ;
#1682 = VERTEX_POINT ( 'NONE', #1932 ) ;
#1683 = SURFACE_STYLE_FILL_AREA ( #77 ) ;
#1684 = AXIS2_PLACEMENT_3D ( 'NONE', #1884, #1536, #48 ) ;
#1685 = FILL_AREA_STYLE_COLOUR ( '', #746 ) ;
#1686 = DIRECTION ( 'NONE',  ( 1.000000000000000000, 0.000000000000000000, 0.000000000000000000 ) ) ;
#1687 = PRESENTATION_LAYER_ASSIGNMENT (  '', '', ( #1027 ) ) ;
#1688 = PRESENTATION_STYLE_ASSIGNMENT (( #4983 ) ) ;
#1689 = COLOUR_RGB ( '',0.7921568627450980005, 0.8196078431372548767, 0.9333333333333333481 ) ;
#1690 = CARTESIAN_POINT ( 'NONE',  ( 1.449999999999999734, -0.7249999999999998668, -0.08000000000000000167 ) ) ;
#1691 = AXIS2_PLACEMENT_3D ( 'NONE', #1438, #4764, #4325 ) ;
#1692 = EDGE_CURVE ( 'NONE', #4095, #4383, #4708, .T. ) ;
#1693 = FACE_OUTER_BOUND ( 'NONE', #5076, .T. ) ;
#1694 = FACE_OUTER_BOUND ( 'NONE', #3831, .T. ) ;
#1695 = AXIS2_PLACEMENT_3D ( 'NONE', #3462, #657, #5172 ) ;
#1696 = EDGE_LOOP ( 'NONE', ( #4053, #40, #3949, #284 ) ) ;
#1697 = FILL_AREA_STYLE_COLOUR ( '', #2025 ) ;
#1698 =( NAMED_UNIT ( * ) PLANE_ANGLE_UNIT ( ) SI_UNIT ( $, .RADIAN. ) );
#1699 = VECTOR ( 'NONE', #220, 1000.000000000000000 ) ;
#1700 = ORIENTED_EDGE ( 'NONE', *, *, #722, .T. ) ;
#1701 = ORIENTED_EDGE ( 'NONE', *, *, #2824, .F. ) ;
#1702 = UNCERTAINTY_MEASURE_WITH_UNIT (LENGTH_MEASURE( 1.000000000000000082E-05 ), #122, 'distance_accuracy_value', 'NONE');
#1703 = EDGE_LOOP ( 'NONE', ( #1010, #4685, #5180, #1099, #406, #2636, #2054, #197 ) ) ;
#1704 = FILL_AREA_STYLE_COLOUR ( '', #3257 ) ;
#1705 =( GEOMETRIC_REPRESENTATION_CONTEXT ( 3 ) GLOBAL_UNCERTAINTY_ASSIGNED_CONTEXT ( ( #4603 ) ) GLOBAL_UNIT_ASSIGNED_CONTEXT ( ( #1221, #4404, #3578 ) ) REPRESENTATION_CONTEXT ( 'NONE', 'WORKASPACE' ) );
#1706 = FILL_AREA_STYLE_COLOUR ( '', #4303 ) ;
#1707 = MECHANICAL_DESIGN_GEOMETRIC_PRESENTATION_REPRESENTATION (  '', ( #4024 ), #2460 ) ;
#1708 = EDGE_LOOP ( 'NONE', ( #1163, #3740, #3055, #890 ) ) ;
#1709 =( NAMED_UNIT ( * ) PLANE_ANGLE_UNIT ( ) SI_UNIT ( $, .RADIAN. ) );
#1710 =( NAMED_UNIT ( * ) SI_UNIT ( $, .STERADIAN. ) SOLID_ANGLE_UNIT ( ) );
#1711 = EDGE_CURVE ( 'NONE', #147, #783, #5215, .T. ) ;
#1712 = EDGE_CURVE ( 'NONE', #2630, #3587, #3881, .T. ) ;
#1713 = DIRECTION ( 'NONE',  ( 0.000000000000000000, -4.109696271182928860E-15, 1.000000000000000000 ) ) ;
#1714 = CARTESIAN_POINT ( 'NONE',  ( -1.450000000000000178, -0.7681702717819820503, -0.3828396347450740422 ) ) ;
#1715 = CARTESIAN_POINT ( 'NONE',  ( -1.183581129629361683, -0.5335811296293614392, 0.4500000000000000111 ) ) ;
#1716 = DIRECTION ( 'NONE',  ( 1.000000000000000000, 0.000000000000000000, 0.000000000000000000 ) ) ;
#1717 = LINE ( 'NONE', #3821, #4563 ) ;
#1718 = CYLINDRICAL_SURFACE ( 'NONE', #700, 0.07499999999999998335 ) ;
#1719 = SURFACE_SIDE_STYLE ('',( #4566 ) ) ;
#1720 = ORIENTED_EDGE ( 'NONE', *, *, #5010, .T. ) ;
#1721 = EDGE_CURVE ( 'NONE', #1795, #3324, #3081, .T. ) ;
#1722 = ORIENTED_EDGE ( 'NONE', *, *, #101, .T. ) ;
#1723 =( BOUNDED_CURVE ( )  B_SPLINE_CURVE ( 3, ( #246, #1432, #1883, #3052 ),
 .UNSPECIFIED., .F., .T. ) 
 B_SPLINE_CURVE_WITH_KNOTS ( ( 4, 4 ),
 ( 6.277722098658046868, 6.283185307179586232 ),
 .UNSPECIFIED. ) 
 CURVE ( )  GEOMETRIC_REPRESENTATION_ITEM ( )  RATIONAL_B_SPLINE_CURVE ( ( 1.000000000000000000, 0.9999975127809339615, 0.9999975127809339615, 1.000000000000000000 ) ) 
 REPRESENTATION_ITEM ( '' )  );
#1724 = VERTEX_POINT ( 'NONE', #703 ) ;
#1725 = ORIENTED_EDGE ( 'NONE', *, *, #4469, .F. ) ;
#1726 = MECHANICAL_DESIGN_GEOMETRIC_PRESENTATION_REPRESENTATION (  '', ( #976 ), #4299 ) ;
#1727 = DIRECTION ( 'NONE',  ( -1.000000000000000000, 0.000000000000000000, -0.000000000000000000 ) ) ;
#1728 = UNCERTAINTY_MEASURE_WITH_UNIT (LENGTH_MEASURE( 1.000000000000000082E-05 ), #2083, 'distance_accuracy_value', 'NONE');
#1729 = MECHANICAL_DESIGN_GEOMETRIC_PRESENTATION_REPRESENTATION (  '', ( #4653 ), #1482 ) ;
#1730 = FACE_OUTER_BOUND ( 'NONE', #2540, .T. ) ;
#1731 = ORIENTED_EDGE ( 'NONE', *, *, #3342, .F. ) ;
#1732 = DIRECTION ( 'NONE',  ( 0.000000000000000000, 0.000000000000000000, 1.000000000000000000 ) ) ;
#1733 = AXIS2_PLACEMENT_3D ( 'NONE', #2124, #431, #2459 ) ;
#1734 = ORIENTED_EDGE ( 'NONE', *, *, #3597, .T. ) ;
#1735 = DIRECTION ( 'NONE',  ( 1.000000000000000000, 0.000000000000000000, 0.000000000000000000 ) ) ;
#1736 = CARTESIAN_POINT ( 'NONE',  ( -1.450000000000000178, -0.7999999999999998224, -0.08000000000000000167 ) ) ;
#1737 = EDGE_CURVE ( 'NONE', #1606, #4221, #1856, .T. ) ;
#1738 = EDGE_CURVE ( 'NONE', #2580, #1682, #4815, .T. ) ;
#1739 = UNCERTAINTY_MEASURE_WITH_UNIT (LENGTH_MEASURE( 1.000000000000000082E-05 ), #5093, 'distance_accuracy_value', 'NONE');
#1740 = CARTESIAN_POINT ( 'NONE',  ( 1.169999999999999707, 1.399999999999999689, -0.3396092963070124204 ) ) ;
#1741 = LINE ( 'NONE', #3877, #1158 ) ;
#1742 = AXIS2_PLACEMENT_3D ( 'NONE', #3328, #1321, #4580 ) ;
#1743 = STYLED_ITEM ( 'NONE', ( #2477 ), #1746 ) ;
#1744 = DIRECTION ( 'NONE',  ( -1.000000000000000000, -0.000000000000000000, -0.000000000000000000 ) ) ;
#1745 = SURFACE_STYLE_FILL_AREA ( #222 ) ;
#1746 = ADVANCED_FACE ( 'NONE', ( #753 ), #3480, .T. ) ;
#1747 = UNCERTAINTY_MEASURE_WITH_UNIT (LENGTH_MEASURE( 1.000000000000000082E-05 ), #2095, 'distance_accuracy_value', 'NONE');
#1748 = ORIENTED_EDGE ( 'NONE', *, *, #4938, .F. ) ;
#1749 = LINE ( 'NONE', #194, #611 ) ;
#1750 = AXIS2_PLACEMENT_3D ( 'NONE', #2974, #4990, #5100 ) ;
#1751 = PLANE ( 'NONE',  #1490 ) ;
#1752 = ORIENTED_EDGE ( 'NONE', *, *, #975, .T. ) ;
#1753 = VERTEX_POINT ( 'NONE', #4049 ) ;
#1754 = VERTEX_POINT ( 'NONE', #3655 ) ;
#1755 = VECTOR ( 'NONE', #798, 1000.000000000000000 ) ;
#1756 = CARTESIAN_POINT ( 'NONE',  ( 1.375409738600887666, -0.7999988807535080015, -0.08001064891903698906 ) ) ;
#1757 = UNCERTAINTY_MEASURE_WITH_UNIT (LENGTH_MEASURE( 1.000000000000000082E-05 ), #3282, 'distance_accuracy_value', 'NONE');
#1758 = CARTESIAN_POINT ( 'NONE',  ( 1.169999999999999707, -0.9999999999999995559, -0.1799999999999999378 ) ) ;
#1759 = ORIENTED_EDGE ( 'NONE', *, *, #4629, .T. ) ;
#1760 = CARTESIAN_POINT ( 'NONE',  ( 0.7299999999999995381, -0.7999999999999998224, -0.08000000000000000167 ) ) ;
#1761 = CARTESIAN_POINT ( 'NONE',  ( -0.2200000000000004730, -0.7999999999999998224, 0.08000000000000000167 ) ) ;
#1762 = LINE ( 'NONE', #688, #1770 ) ;
#1763 = EDGE_LOOP ( 'NONE', ( #3711, #1088, #2, #1720 ) ) ;
#1764 = CARTESIAN_POINT ( 'NONE',  ( -1.449998880753508468, 0.7254097386008878656, 0.08001064891903697518 ) ) ;
#1765 = CARTESIAN_POINT ( 'NONE',  ( 1.169999999999999707, 0.7999999999999998224, 0.08000000000000000167 ) ) ;
#1766 = VECTOR ( 'NONE', #3325, 1000.000000000000000 ) ;
#1767 = DIRECTION ( 'NONE',  ( 0.000000000000000000, -0.000000000000000000, 1.000000000000000000 ) ) ;
#1768 = CARTESIAN_POINT ( 'NONE',  ( -0.2200000000000004730, 1.253024352625586868, -0.3293317578527861222 ) ) ;
#1769 = EDGE_CURVE ( 'NONE', #2753, #3166, #5267, .T. ) ;
#1770 = VECTOR ( 'NONE', #1160, 1000.000000000000000 ) ;
#1771 =( LENGTH_UNIT ( ) NAMED_UNIT ( * ) SI_UNIT ( .MILLI., .METRE. ) );
#1772 = CIRCLE ( 'NONE', #262, 0.09999999999999985290 ) ;
#1773 = CARTESIAN_POINT ( 'NONE',  ( 1.343581129629361159, -0.6935811296293614703, 0.3750000000000000000 ) ) ;
#1774 = ORIENTED_EDGE ( 'NONE', *, *, #2416, .T. ) ;
#1775 = COLOUR_RGB ( '',0.8039215686274510109, 0.8039215686274510109, 0.8039215686274510109 ) ;
#1776 = FILL_AREA_STYLE ('',( #2948 ) ) ;
#1777 = EDGE_CURVE ( 'NONE', #64, #915, #3256, .T. ) ;
#1778 = EDGE_CURVE ( 'NONE', #3452, #2356, #1270, .T. ) ;
#1779 = VECTOR ( 'NONE', #797, 1000.000000000000000 ) ;
#1780 = ORIENTED_EDGE ( 'NONE', *, *, #1616, .F. ) ;
#1781 = CIRCLE ( 'NONE', #4013, 0.2000000000000000389 ) ;
#1782 = EDGE_LOOP ( 'NONE', ( #2471, #2976, #170, #1387 ) ) ;
#1783 = ORIENTED_EDGE ( 'NONE', *, *, #2068, .T. ) ;
#1784 = AXIS2_PLACEMENT_3D ( 'NONE', #2432, #2070, #57 ) ;
#1785 = FACE_OUTER_BOUND ( 'NONE', #3950, .T. ) ;
#1786 = PLANE ( 'NONE',  #3993 ) ;
#1787 = CARTESIAN_POINT ( 'NONE',  ( -1.170000000000000373, -1.399999999999999911, -0.5000000000000000000 ) ) ;
#1788 = LINE ( 'NONE', #152, #4827 ) ;
#1789 = CIRCLE ( 'NONE', #784, 0.07500000000000002498 ) ;
#1790 = SURFACE_STYLE_USAGE ( .BOTH. , #4334 ) ;
#1791 = ORIENTED_EDGE ( 'NONE', *, *, #2686, .F. ) ;
#1792 =( GEOMETRIC_REPRESENTATION_CONTEXT ( 3 ) GLOBAL_UNCERTAINTY_ASSIGNED_CONTEXT ( ( #545 ) ) GLOBAL_UNIT_ASSIGNED_CONTEXT ( ( #3639, #994, #3764 ) ) REPRESENTATION_CONTEXT ( 'NONE', 'WORKASPACE' ) );
#1793 = FILL_AREA_STYLE_COLOUR ( '', #3376 ) ;
#1794 = FACE_OUTER_BOUND ( 'NONE', #2181, .T. ) ;
#1795 = VERTEX_POINT ( 'NONE', #4480 ) ;
#1796 = SURFACE_SIDE_STYLE ('',( #5118 ) ) ;
#1797 = PLANE ( 'NONE',  #658 ) ;
#1798 = LINE ( 'NONE', #1768, #3339 ) ;
#1799 = COLOUR_RGB ( '',0.8039215686274510109, 0.8039215686274510109, 0.8039215686274510109 ) ;
#1800 = SURFACE_STYLE_USAGE ( .BOTH. , #3878 ) ;
#1801 = FILL_AREA_STYLE_COLOUR ( '', #15 ) ;
#1802 = FACE_OUTER_BOUND ( 'NONE', #3520, .T. ) ;
#1803 = EDGE_LOOP ( 'NONE', ( #4414, #1152, #4555, #3636 ) ) ;
#1804 = CARTESIAN_POINT ( 'NONE',  ( 0.7299999999999995381, -0.8999999999999999112, -0.1800000000000000211 ) ) ;
#1805 = LINE ( 'NONE', #938, #49 ) ;
#1806 = EDGE_LOOP ( 'NONE', ( #93, #2158, #4248, #5136 ) ) ;
#1807 = ORIENTED_EDGE ( 'NONE', *, *, #1043, .T. ) ;
#1808 = ORIENTED_EDGE ( 'NONE', *, *, #2836, .F. ) ;
#1809 = EDGE_CURVE ( 'NONE', #1494, #4222, #4916, .T. ) ;
#1810 = ADVANCED_FACE ( 'NONE', ( #2426 ), #4102, .T. ) ;
#1811 = DIRECTION ( 'NONE',  ( 0.000000000000000000, 0.9975640502598243087, 0.06975647374412440038 ) ) ;
#1812 = DIRECTION ( 'NONE',  ( 1.000000000000000000, 0.000000000000000000, 0.000000000000000000 ) ) ;
#1813 = MECHANICAL_DESIGN_GEOMETRIC_PRESENTATION_REPRESENTATION (  '', ( #3759 ), #1310 ) ;
#1814 =( NAMED_UNIT ( * ) PLANE_ANGLE_UNIT ( ) SI_UNIT ( $, .RADIAN. ) );
#1815 = ORIENTED_EDGE ( 'NONE', *, *, #4867, .F. ) ;
#1816 = CARTESIAN_POINT ( 'NONE',  ( -1.343581129629361604, 0.6935811296293619144, -0.3750000000000000000 ) ) ;
#1817 = DIRECTION ( 'NONE',  ( 0.000000000000000000, 0.000000000000000000, 1.000000000000000000 ) ) ;
#1818 = FACE_OUTER_BOUND ( 'NONE', #4446, .T. ) ;
#1819 = AXIS2_PLACEMENT_3D ( 'NONE', #2210, #974, #4664 ) ;
#1820 = ORIENTED_EDGE ( 'NONE', *, *, #1473, .T. ) ;
#1821 = PRESENTATION_STYLE_ASSIGNMENT (( #3118 ) ) ;
#1822 = FILL_AREA_STYLE ('',( #4261 ) ) ;
#1823 = CARTESIAN_POINT ( 'NONE',  ( 1.169999999999999707, -1.253024352625586868, -0.3293317578527860667 ) ) ;
#1824 =( GEOMETRIC_REPRESENTATION_CONTEXT ( 3 ) GLOBAL_UNCERTAINTY_ASSIGNED_CONTEXT ( ( #4214 ) ) GLOBAL_UNIT_ASSIGNED_CONTEXT ( ( #4467, #1627, #1305 ) ) REPRESENTATION_CONTEXT ( 'NONE', 'WORKASPACE' ) );
#1825 = LINE ( 'NONE', #4150, #2364 ) ;
#1826 =( NAMED_UNIT ( * ) PLANE_ANGLE_UNIT ( ) SI_UNIT ( $, .RADIAN. ) );
#1827 = SURFACE_STYLE_FILL_AREA ( #5044 ) ;
#1828 = DIRECTION ( 'NONE',  ( 1.000000000000000000, 0.000000000000000000, 0.000000000000000000 ) ) ;
#1829 = DIRECTION ( 'NONE',  ( 1.000000000000000000, 0.000000000000000000, 0.000000000000000000 ) ) ;
#1830 = EDGE_LOOP ( 'NONE', ( #3619, #3523, #5233, #2573 ) ) ;
#1831 =( NAMED_UNIT ( * ) PLANE_ANGLE_UNIT ( ) SI_UNIT ( $, .RADIAN. ) );
#1832 = DIRECTION ( 'NONE',  ( 0.000000000000000000, 1.000000000000000000, 0.000000000000000000 ) ) ;
#1833 =( LENGTH_UNIT ( ) NAMED_UNIT ( * ) SI_UNIT ( .MILLI., .METRE. ) );
#1834 = VERTEX_POINT ( 'NONE', #2890 ) ;
#1835 = ORIENTED_EDGE ( 'NONE', *, *, #1769, .T. ) ;
#1836 = STYLED_ITEM ( 'NONE', ( #2271 ), #1202 ) ;
#1837 = CARTESIAN_POINT ( 'NONE',  ( 1.449999999999999734, 0.8000000000000002665, 0.08000000000000000167 ) ) ;
#1838 = DIRECTION ( 'NONE',  ( 0.000000000000000000, -1.000000000000000000, 1.351951388106424944E-15 ) ) ;
#1839 = EDGE_CURVE ( 'NONE', #3681, #1981, #2855, .T. ) ;
#1840 = EDGE_LOOP ( 'NONE', ( #1815, #3133, #3249, #1442, #2351, #269, #2021, #3491, #5024, #4337, #659, #1212 ) ) ;
#1841 = SURFACE_STYLE_USAGE ( .BOTH. , #4310 ) ;
#1842 = SURFACE_STYLE_FILL_AREA ( #3067 ) ;
#1843 = CARTESIAN_POINT ( 'NONE',  ( 1.169999999999999707, 0.8999999999999999112, -0.1800000000000000211 ) ) ;
#1844 = DIRECTION ( 'NONE',  ( 0.000000000000000000, 0.000000000000000000, -1.000000000000000000 ) ) ;
#1845 = EDGE_CURVE ( 'NONE', #575, #1606, #482, .T. ) ;
#1846 = ORIENTED_EDGE ( 'NONE', *, *, #2850, .T. ) ;
#1847 =( LENGTH_UNIT ( ) NAMED_UNIT ( * ) SI_UNIT ( .MILLI., .METRE. ) );
#1848 = DIRECTION ( 'NONE',  ( -1.000000000000000000, -0.000000000000000000, -0.000000000000000000 ) ) ;
#1849 = AXIS2_PLACEMENT_3D ( 'NONE', #2893, #881, #475 ) ;
#1850 = DIRECTION ( 'NONE',  ( -0.1045284632676537068, 0.000000000000000000, -0.9945218953682734009 ) ) ;
#1851 = DIRECTION ( 'NONE',  ( 0.000000000000000000, 1.000000000000000000, -8.470329472543026810E-17 ) ) ;
#1852 = PRESENTATION_LAYER_ASSIGNMENT (  '', '', ( #1180 ) ) ;
#1853 = PRESENTATION_STYLE_ASSIGNMENT (( #1800 ) ) ;
#1854 = LINE ( 'NONE', #5155, #2049 ) ;
#1855 = DIRECTION ( 'NONE',  ( 0.000000000000000000, 0.000000000000000000, -1.000000000000000000 ) ) ;
#1856 = LINE ( 'NONE', #4762, #398 ) ;
#1857 = ORIENTED_EDGE ( 'NONE', *, *, #3204, .T. ) ;
#1858 = DIRECTION ( 'NONE',  ( 1.000000000000000000, 0.000000000000000000, 0.000000000000000000 ) ) ;
#1859 =( NAMED_UNIT ( * ) PLANE_ANGLE_UNIT ( ) SI_UNIT ( $, .RADIAN. ) );
#1860 = VECTOR ( 'NONE', #2987, 1000.000000000000000 ) ;
#1861 = STYLED_ITEM ( 'NONE', ( #4323 ), #5156 ) ;
#1862 = ADVANCED_FACE ( 'NONE', ( #3628 ), #5, .F. ) ;
#1863 = ORIENTED_EDGE ( 'NONE', *, *, #1537, .F. ) ;
#1864 = ORIENTED_EDGE ( 'NONE', *, *, #1975, .F. ) ;
#1865 = VECTOR ( 'NONE', #3074, 1000.000000000000000 ) ;
#1866 = ORIENTED_EDGE ( 'NONE', *, *, #130, .F. ) ;
#1867 = CARTESIAN_POINT ( 'NONE',  ( 1.169999999999999707, -0.8999999999999999112, -0.1800000000000000211 ) ) ;
#1868 = LINE ( 'NONE', #2186, #642 ) ;
#1869 = AXIS2_PLACEMENT_3D ( 'NONE', #4908, #1237, #5002 ) ;
#1870 = COLOUR_RGB ( '',0.8039215686274510109, 0.8039215686274510109, 0.8039215686274510109 ) ;
#1871 = CARTESIAN_POINT ( 'NONE',  ( 1.169999999999999707, 1.186048705251175006, -0.4850390680470285654 ) ) ;
#1872 = ORIENTED_EDGE ( 'NONE', *, *, #3966, .T. ) ;
#1873 = CYLINDRICAL_SURFACE ( 'NONE', #3559, 0.2000000000000000389 ) ;
#1874 = CARTESIAN_POINT ( 'NONE',  ( 0.7299999999999995381, 1.159999999999999032, -0.1199999999999997735 ) ) ;
#1875 = VERTEX_POINT ( 'NONE', #2502 ) ;
#1876 = CARTESIAN_POINT ( 'NONE',  ( -1.375000000000000222, -0.7999999999999998224, 0.08000000000000000167 ) ) ;
#1877 = CIRCLE ( 'NONE', #2299, 0.2000000000000000389 ) ;
#1878 = LINE ( 'NONE', #3440, #4679 ) ;
#1879 = DIRECTION ( 'NONE',  ( 0.000000000000000000, 0.000000000000000000, -1.000000000000000000 ) ) ;
#1880 = ADVANCED_FACE ( 'NONE', ( #2615 ), #4646, .T. ) ;
#1881 = EDGE_CURVE ( 'NONE', #1218, #4121, #3536, .T. ) ;
#1882 = CARTESIAN_POINT ( 'NONE',  ( 0.7299999999999995381, -1.159999999999999032, -0.1199999999999997735 ) ) ;
#1883 = CARTESIAN_POINT ( 'NONE',  ( -1.375136580382891660, -0.7999999999999998224, 0.07999999999999990452 ) ) ;
#1884 = CARTESIAN_POINT ( 'NONE',  ( 1.358924052419462125, 0.7089240524194626580, -0.2290218407819842039 ) ) ;
#1885 = EDGE_LOOP ( 'NONE', ( #3183, #3499, #3017, #3263 ) ) ;
#1886 = FILL_AREA_STYLE ('',( #3883 ) ) ;
#1887 = PRESENTATION_STYLE_ASSIGNMENT (( #646 ) ) ;
#1888 = UNCERTAINTY_MEASURE_WITH_UNIT (LENGTH_MEASURE( 1.000000000000000082E-05 ), #495, 'distance_accuracy_value', 'NONE');
#1889 = AXIS2_PLACEMENT_3D ( 'NONE', #701, #2305, #3941 ) ;
#1890 = DIRECTION ( 'NONE',  ( 0.000000000000000000, -3.957832284416029391E-15, -1.000000000000000000 ) ) ;
#1891 = ORIENTED_EDGE ( 'NONE', *, *, #3534, .T. ) ;
#1892 = ORIENTED_EDGE ( 'NONE', *, *, #3332, .F. ) ;
#1893 = EDGE_CURVE ( 'NONE', #47, #286, #1013, .T. ) ;
#1894 = DIRECTION ( 'NONE',  ( 0.000000000000000000, 0.000000000000000000, -1.000000000000000000 ) ) ;
#1895 = DIRECTION ( 'NONE',  ( -1.000000000000000000, -0.000000000000000000, -0.000000000000000000 ) ) ;
#1896 =( NAMED_UNIT ( * ) PLANE_ANGLE_UNIT ( ) SI_UNIT ( $, .RADIAN. ) );
#1897 = ORIENTED_EDGE ( 'NONE', *, *, #1135, .F. ) ;
#1898 = PLANE ( 'NONE',  #4252 ) ;
#1899 = VECTOR ( 'NONE', #3330, 1000.000000000000000 ) ;
#1900 = EDGE_LOOP ( 'NONE', ( #1330, #4763, #380, #2193 ) ) ;
#1901 = FACE_OUTER_BOUND ( 'NONE', #3458, .T. ) ;
#1902 = STYLED_ITEM ( 'NONE', ( #542 ), #4551 ) ;
#1903 = LINE ( 'NONE', #1120, #2530 ) ;
#1904 = PLANE ( 'NONE',  #4632 ) ;
#1905 = MECHANICAL_DESIGN_GEOMETRIC_PRESENTATION_REPRESENTATION (  '', ( #2925 ), #2843 ) ;
#1906 = CARTESIAN_POINT ( 'NONE',  ( 1.375273160256224703, -0.7999996269169080687, 0.08000354964850761585 ) ) ;
#1907 = EDGE_CURVE ( 'NONE', #2462, #3905, #2936, .T. ) ;
#1908 = CARTESIAN_POINT ( 'NONE',  ( -1.170000000000000373, 0.9599999999999994094, -0.1199999999999999956 ) ) ;
#1909 = SURFACE_SIDE_STYLE ('',( #1485 ) ) ;
#1910 = DIRECTION ( 'NONE',  ( 1.000000000000000000, 0.000000000000000000, 0.000000000000000000 ) ) ;
#1911 = ORIENTED_EDGE ( 'NONE', *, *, #3078, .T. ) ;
#1912 = CIRCLE ( 'NONE', #3962, 0.07999999999999998779 ) ;
#1913 = EDGE_CURVE ( 'NONE', #392, #1567, #3275, .T. ) ;
#1914 = ORIENTED_EDGE ( 'NONE', *, *, #4991, .T. ) ;
#1915 = ORIENTED_EDGE ( 'NONE', *, *, #737, .T. ) ;
#1916 = ORIENTED_EDGE ( 'NONE', *, *, #1582, .F. ) ;
#1917 = CARTESIAN_POINT ( 'NONE',  ( -0.7300000000000004263, -0.9999999999999995559, -0.1799999999999999378 ) ) ;
#1918 = DIRECTION ( 'NONE',  ( 0.000000000000000000, 1.000000000000000000, 0.000000000000000000 ) ) ;
#1919 =( GEOMETRIC_REPRESENTATION_CONTEXT ( 3 ) GLOBAL_UNCERTAINTY_ASSIGNED_CONTEXT ( ( #4208 ) ) GLOBAL_UNIT_ASSIGNED_CONTEXT ( ( #4559, #4959, #2448 ) ) REPRESENTATION_CONTEXT ( 'NONE', 'WORKASPACE' ) );
#1920 = CARTESIAN_POINT ( 'NONE',  ( 0.7299999999999995381, -0.7999999999999998224, 0.08000000000000000167 ) ) ;
#1921 = STYLED_ITEM ( 'NONE', ( #1688 ), #1958 ) ;
#1922 = ORIENTED_EDGE ( 'NONE', *, *, #3861, .T. ) ;
#1923 =( NAMED_UNIT ( * ) PLANE_ANGLE_UNIT ( ) SI_UNIT ( $, .RADIAN. ) );
#1924 = SURFACE_STYLE_USAGE ( .BOTH. , #4876 ) ;
#1925 = STYLED_ITEM ( 'NONE', ( #300 ), #1650 ) ;
#1926 = EDGE_CURVE ( 'NONE', #2462, #2867, #496, .T. ) ;
#1927 = ORIENTED_EDGE ( 'NONE', *, *, #3404, .T. ) ;
#1928 = DIRECTION ( 'NONE',  ( 0.000000000000000000, 0.000000000000000000, 1.000000000000000000 ) ) ;
#1929 = DIRECTION ( 'NONE',  ( 1.000000000000000000, 0.000000000000000000, 0.000000000000000000 ) ) ;
#1930 = LINE ( 'NONE', #3550, #2468 ) ;
#1931 = FACE_OUTER_BOUND ( 'NONE', #2902, .T. ) ;
#1932 = CARTESIAN_POINT ( 'NONE',  ( -1.103581129629361612, -0.5335811296293614392, 0.4500000000000000111 ) ) ;
#1933 = CARTESIAN_POINT ( 'NONE',  ( -1.375000000000000222, 0.8000000000000002665, -0.08000000000000000167 ) ) ;
#1934 = ORIENTED_EDGE ( 'NONE', *, *, #275, .F. ) ;
#1935 = SURFACE_SIDE_STYLE ('',( #5219 ) ) ;
#1936 = STYLED_ITEM ( 'NONE', ( #625 ), #4600 ) ;
#1937 = SURFACE_SIDE_STYLE ('',( #3971 ) ) ;
#1938 = MECHANICAL_DESIGN_GEOMETRIC_PRESENTATION_REPRESENTATION (  '', ( #4504 ), #1020 ) ;
#1939 = CARTESIAN_POINT ( 'NONE',  ( -1.344873511907028085, 0.7694626540596485320, 0.3705434387411802311 ) ) ;
#1940 = ORIENTED_EDGE ( 'NONE', *, *, #4956, .F. ) ;
#1941 = ORIENTED_EDGE ( 'NONE', *, *, #3625, .T. ) ;
#1942 = PRESENTATION_STYLE_ASSIGNMENT (( #4006 ) ) ;
#1943 = CARTESIAN_POINT ( 'NONE',  ( 0.7299999999999995381, 1.399999999999999911, -0.5000000000000000000 ) ) ;
#1944 = ADVANCED_FACE ( 'NONE', ( #4617 ), #1797, .T. ) ;
#1945 = AXIS2_PLACEMENT_3D ( 'NONE', #3945, #1910, #4406 ) ;
#1946 = EDGE_CURVE ( 'NONE', #4247, #334, #1348, .T. ) ;
#1947 = SURFACE_STYLE_FILL_AREA ( #3952 ) ;
#1948 = STYLED_ITEM ( 'NONE', ( #2102 ), #3503 ) ;
#1949 = ORIENTED_EDGE ( 'NONE', *, *, #3468, .F. ) ;
#1950 = CARTESIAN_POINT ( 'NONE',  ( 1.449999999999999734, 0.7250000000000003109, -0.08000000000000000167 ) ) ;
#1951 = CARTESIAN_POINT ( 'NONE',  ( 1.169999999999999707, -0.8999999999999999112, -0.1800000000000000211 ) ) ;
#1952 = CARTESIAN_POINT ( 'NONE',  ( -1.343581129629361604, -0.6935811296293614703, 0.3750000000000000000 ) ) ;
#1953 =( GEOMETRIC_REPRESENTATION_CONTEXT ( 3 ) GLOBAL_UNCERTAINTY_ASSIGNED_CONTEXT ( ( #2131 ) ) GLOBAL_UNIT_ASSIGNED_CONTEXT ( ( #2816, #378, #2401 ) ) REPRESENTATION_CONTEXT ( 'NONE', 'WORKASPACE' ) );
#1954 = CIRCLE ( 'NONE', #1194, 0.07499999999999998335 ) ;
#1955 = ORIENTED_EDGE ( 'NONE', *, *, #2635, .T. ) ;
#1956 = COLOUR_RGB ( '',0.8039215686274510109, 0.8039215686274510109, 0.8039215686274510109 ) ;
#1957 = SURFACE_STYLE_FILL_AREA ( #2420 ) ;
#1958 = ADVANCED_FACE ( 'NONE', ( #2531 ), #2561, .T. ) ;
#1959 = CARTESIAN_POINT ( 'NONE',  ( -1.183581129629361683, -0.5335811296293614392, 0.4399999999999999467 ) ) ;
#1960 =( GEOMETRIC_REPRESENTATION_CONTEXT ( 3 ) GLOBAL_UNCERTAINTY_ASSIGNED_CONTEXT ( ( #1611 ) ) GLOBAL_UNIT_ASSIGNED_CONTEXT ( ( #1426, #720, #2323 ) ) REPRESENTATION_CONTEXT ( 'NONE', 'WORKASPACE' ) );
#1961 = SURFACE_STYLE_USAGE ( .BOTH. , #2783 ) ;
#1962 = FILL_AREA_STYLE ('',( #752 ) ) ;
#1963 = FACE_OUTER_BOUND ( 'NONE', #3463, .T. ) ;
#1964 =( GEOMETRIC_REPRESENTATION_CONTEXT ( 3 ) GLOBAL_UNCERTAINTY_ASSIGNED_CONTEXT ( ( #1337 ) ) GLOBAL_UNIT_ASSIGNED_CONTEXT ( ( #1625, #3238, #2847 ) ) REPRESENTATION_CONTEXT ( 'NONE', 'WORKASPACE' ) );
#1965 =( LENGTH_UNIT ( ) NAMED_UNIT ( * ) SI_UNIT ( .MILLI., .METRE. ) );
#1966 =( GEOMETRIC_REPRESENTATION_CONTEXT ( 3 ) GLOBAL_UNCERTAINTY_ASSIGNED_CONTEXT ( ( #4977 ) ) GLOBAL_UNIT_ASSIGNED_CONTEXT ( ( #2254, #3485, #1464 ) ) REPRESENTATION_CONTEXT ( 'NONE', 'WORKASPACE' ) );
#1967 = CARTESIAN_POINT ( 'NONE',  ( -1.418170271781982184, 0.8000000000000002665, -0.3828396347450740422 ) ) ;
#1968 = ORIENTED_EDGE ( 'NONE', *, *, #2199, .T. ) ;
#1969 = ORIENTED_EDGE ( 'NONE', *, *, #366, .T. ) ;
#1970 = FACE_OUTER_BOUND ( 'NONE', #2904, .T. ) ;
#1971 = LINE ( 'NONE', #3566, #844 ) ;
#1972 = DIRECTION ( 'NONE',  ( -0.000000000000000000, -0.000000000000000000, 1.000000000000000000 ) ) ;
#1973 =( NAMED_UNIT ( * ) SI_UNIT ( $, .STERADIAN. ) SOLID_ANGLE_UNIT ( ) );
#1974 = STYLED_ITEM ( 'NONE', ( #2717 ), #67 ) ;
#1975 = EDGE_CURVE ( 'NONE', #2234, #2071, #2338, .T. ) ;
#1976 = EDGE_CURVE ( 'NONE', #4221, #1875, #4808, .T. ) ;
#1977 = ORIENTED_EDGE ( 'NONE', *, *, #2756, .T. ) ;
#1978 = DIRECTION ( 'NONE',  ( 1.000000000000000000, 0.000000000000000000, 0.000000000000000000 ) ) ;
#1979 = DIRECTION ( 'NONE',  ( -1.000000000000000000, -0.000000000000000000, -0.000000000000000000 ) ) ;
#1980 = LINE ( 'NONE', #3573, #5080 ) ;
#1981 = VERTEX_POINT ( 'NONE', #2701 ) ;
#1982 = DIRECTION ( 'NONE',  ( 1.000000000000000000, -0.000000000000000000, 0.000000000000000000 ) ) ;
#1983 = EDGE_CURVE ( 'NONE', #465, #1363, #1789, .T. ) ;
#1984 = CARTESIAN_POINT ( 'NONE',  ( -1.375000000000000222, 0.8000000000000002665, 0.08000000000000000167 ) ) ;
#1985 = CYLINDRICAL_SURFACE ( 'NONE', #4614, 0.09999999999999985290 ) ;
#1986 = CARTESIAN_POINT ( 'NONE',  ( -1.433513194572082927, -0.7089240524194619919, 0.2368614755270582184 ) ) ;
#1987 = UNCERTAINTY_MEASURE_WITH_UNIT (LENGTH_MEASURE( 1.000000000000000082E-05 ), #1122, 'distance_accuracy_value', 'NONE');
#1988 = COLOUR_RGB ( '',0.8039215686274510109, 0.8039215686274510109, 0.8039215686274510109 ) ;
#1989 = DIRECTION ( 'NONE',  ( 0.000000000000000000, 4.109696271182928860E-15, 1.000000000000000000 ) ) ;
#1990 = DIRECTION ( 'NONE',  ( 1.000000000000000000, -0.000000000000000000, -0.000000000000000000 ) ) ;
#1991 = DIRECTION ( 'NONE',  ( 0.000000000000000000, 0.9945218953682732899, 0.1045284632676538178 ) ) ;
#1992 = DIRECTION ( 'NONE',  ( 0.000000000000000000, -1.351951388106424944E-15, -1.000000000000000000 ) ) ;
#1993 = PRESENTATION_LAYER_ASSIGNMENT (  '', '', ( #2752 ) ) ;
#1994 = CARTESIAN_POINT ( 'NONE',  ( -0.2200000000000004730, 0.9599999999999994094, -0.1199999999999999956 ) ) ;
#1995 = DIRECTION ( 'NONE',  ( 1.000000000000000000, 0.000000000000000000, 0.000000000000000000 ) ) ;
#1996 = ORIENTED_EDGE ( 'NONE', *, *, #3535, .T. ) ;
#1997 = EDGE_LOOP ( 'NONE', ( #1519, #547, #1207 ) ) ;
#1998 = PRESENTATION_LAYER_ASSIGNMENT (  '', '', ( #3259 ) ) ;
#1999 = CARTESIAN_POINT ( 'NONE',  ( 0.7299999999999995381, 0.9599999999999994094, -0.1199999999999999956 ) ) ;
#2000 = DIRECTION ( 'NONE',  ( 1.000000000000000000, 0.000000000000000000, 0.000000000000000000 ) ) ;
#2001 =( NAMED_UNIT ( * ) PLANE_ANGLE_UNIT ( ) SI_UNIT ( $, .RADIAN. ) );
#2002 = EDGE_LOOP ( 'NONE', ( #3612, #1263, #4449, #2126, #4484, #1700, #4360, #5250, #5022, #3438, #3320, #2026 ) ) ;
#2003 = DIRECTION ( 'NONE',  ( 0.000000000000000000, 1.000000000000000000, 3.957832284416029391E-15 ) ) ;
#2004 = EDGE_CURVE ( 'NONE', #2665, #1389, #5150, .T. ) ;
#2005 = MECHANICAL_DESIGN_GEOMETRIC_PRESENTATION_REPRESENTATION (  '', ( #1921 ), #1167 ) ;
#2006 = ORIENTED_EDGE ( 'NONE', *, *, #770, .F. ) ;
#2007 = PLANE ( 'NONE',  #4087 ) ;
#2008 = FILL_AREA_STYLE_COLOUR ( '', #2729 ) ;
#2009 = ORIENTED_EDGE ( 'NONE', *, *, #2101, .F. ) ;
#2010 = CARTESIAN_POINT ( 'NONE',  ( -0.2200000000000004730, 1.186048705251175006, -0.4850390680470285654 ) ) ;
#2011 = ADVANCED_FACE ( 'NONE', ( #2736 ), #5179, .T. ) ;
#2012 = CARTESIAN_POINT ( 'NONE',  ( -1.450000000000000178, -0.7999999999999998224, -0.08000000000000000167 ) ) ;
#2013 = SURFACE_STYLE_USAGE ( .BOTH. , #802 ) ;
#2014 =( NAMED_UNIT ( * ) SI_UNIT ( $, .STERADIAN. ) SOLID_ANGLE_UNIT ( ) );
#2015 = DIRECTION ( 'NONE',  ( 0.000000000000000000, 0.000000000000000000, -1.000000000000000000 ) ) ;
#2016 = COLOUR_RGB ( '',0.8039215686274510109, 0.8039215686274510109, 0.8039215686274510109 ) ;
#2017 = CARTESIAN_POINT ( 'NONE',  ( -1.343581129629361604, 0.6935811296293619144, 0.4500000000000000111 ) ) ;
#2018 =( NAMED_UNIT ( * ) SI_UNIT ( $, .STERADIAN. ) SOLID_ANGLE_UNIT ( ) );
#2019 = DIRECTION ( 'NONE',  ( 0.000000000000000000, 1.000000000000000000, 1.351951388106424944E-15 ) ) ;
#2020 = ORIENTED_EDGE ( 'NONE', *, *, #4234, .F. ) ;
#2021 = ORIENTED_EDGE ( 'NONE', *, *, #1395, .F. ) ;
#2022 = CIRCLE ( 'NONE', #411, 0.09999999999999993616 ) ;
#2023 = PRESENTATION_STYLE_ASSIGNMENT (( #478 ) ) ;
#2024 = ADVANCED_FACE ( 'NONE', ( #1901 ), #4343, .T. ) ;
#2025 = COLOUR_RGB ( '',0.8039215686274510109, 0.8039215686274510109, 0.8039215686274510109 ) ;
#2026 = ORIENTED_EDGE ( 'NONE', *, *, #4938, .T. ) ;
#2027 = DIRECTION ( 'NONE',  ( 1.000000000000000000, 0.000000000000000000, 0.000000000000000000 ) ) ;
#2028 = MECHANICAL_DESIGN_GEOMETRIC_PRESENTATION_REPRESENTATION (  '', ( #2611 ), #4159 ) ;
#2029 = DIRECTION ( 'NONE',  ( 0.000000000000000000, 0.000000000000000000, -1.000000000000000000 ) ) ;
#2030 = CARTESIAN_POINT ( 'NONE',  ( -1.450000000000000178, -0.7999999999999998224, 0.08000000000000000167 ) ) ;
#2031 = AXIS2_PLACEMENT_3D ( 'NONE', #2607, #687, #3434 ) ;
#2032 = DIRECTION ( 'NONE',  ( 1.000000000000000000, 0.000000000000000000, -0.000000000000000000 ) ) ;
#2033 = CARTESIAN_POINT ( 'NONE',  ( 1.343581129629361159, -0.6935811296293615813, 0.4500000000000000111 ) ) ;
#2034 = ORIENTED_EDGE ( 'NONE', *, *, #4495, .T. ) ;
#2035 = CIRCLE ( 'NONE', #425, 0.07500000000000002498 ) ;
#2036 = STYLED_ITEM ( 'NONE', ( #1821 ), #1211 ) ;
#2037 = AXIS2_PLACEMENT_3D ( 'NONE', #1149, #672, #1858 ) ;
#2038 = DIRECTION ( 'NONE',  ( 1.000000000000000000, -0.000000000000000000, 0.000000000000000000 ) ) ;
#2039 = DIRECTION ( 'NONE',  ( -0.000000000000000000, -1.000000000000000000, 0.000000000000000000 ) ) ;
#2040 =( NAMED_UNIT ( * ) PLANE_ANGLE_UNIT ( ) SI_UNIT ( $, .RADIAN. ) );
#2041 = EDGE_CURVE ( 'NONE', #2596, #2253, #2246, .T. ) ;
#2042 = EDGE_CURVE ( 'NONE', #554, #4014, #3120, .T. ) ;
#2043 = VECTOR ( 'NONE', #1499, 1000.000000000000000 ) ;
#2044 = PRESENTATION_STYLE_ASSIGNMENT (( #4074 ) ) ;
#2045 = SURFACE_SIDE_STYLE ('',( #830 ) ) ;
#2046 = COLOUR_RGB ( '',0.8039215686274510109, 0.8039215686274510109, 0.8039215686274510109 ) ;
#2047 = ORIENTED_EDGE ( 'NONE', *, *, #233, .F. ) ;
#2048 = AXIS2_PLACEMENT_3D ( 'NONE', #3110, #5226, #4797 ) ;
#2049 = VECTOR ( 'NONE', #4759, 1000.000000000000000 ) ;
#2050 = VERTEX_POINT ( 'NONE', #2646 ) ;
#2051 = CYLINDRICAL_SURFACE ( 'NONE', #3604, 0.07499999999999998335 ) ;
#2052 = PRESENTATION_LAYER_ASSIGNMENT (  '', '', ( #4538 ) ) ;
#2053 = EDGE_CURVE ( 'NONE', #4828, #5142, #4286, .T. ) ;
#2054 = ORIENTED_EDGE ( 'NONE', *, *, #2696, .T. ) ;
#2055 = SURFACE_STYLE_USAGE ( .BOTH. , #2931 ) ;
#2056 = CYLINDRICAL_SURFACE ( 'NONE', #4126, 0.2000000000000000389 ) ;
#2057 = CIRCLE ( 'NONE', #4112, 0.1999999999999998723 ) ;
#2058 =( NAMED_UNIT ( * ) PLANE_ANGLE_UNIT ( ) SI_UNIT ( $, .RADIAN. ) );
#2059 = CARTESIAN_POINT ( 'NONE',  ( 1.169999999999999707, 0.8999999999999999112, -0.08000000000000000167 ) ) ;
#2060 = ORIENTED_EDGE ( 'NONE', *, *, #1525, .F. ) ;
#2061 = CYLINDRICAL_SURFACE ( 'NONE', #1684, 0.07500000000000002498 ) ;
#2062 = PRESENTATION_STYLE_ASSIGNMENT (( #4476 ) ) ;
#2063 = DIRECTION ( 'NONE',  ( 1.000000000000000000, 0.000000000000000000, 0.000000000000000000 ) ) ;
#2064 = PRESENTATION_STYLE_ASSIGNMENT (( #5005 ) ) ;
#2065 = SURFACE_STYLE_USAGE ( .BOTH. , #1909 ) ;
#2066 = DIRECTION ( 'NONE',  ( 0.1039620511844980416, -0.1039620511844980416, 0.9891328443778539814 ) ) ;
#2067 = AXIS2_PLACEMENT_3D ( 'NONE', #4839, #4814, #3605 ) ;
#2068 = EDGE_CURVE ( 'NONE', #993, #4828, #3064, .T. ) ;
#2069 = SPHERICAL_SURFACE ( 'NONE', #4851, 0.07499999999999999722 ) ;
#2070 = DIRECTION ( 'NONE',  ( 1.000000000000000000, 0.000000000000000000, 0.000000000000000000 ) ) ;
#2071 = VERTEX_POINT ( 'NONE', #1823 ) ;
#2072 = CIRCLE ( 'NONE', #1819, 0.09999999999999993616 ) ;
#2073 =( LENGTH_UNIT ( ) NAMED_UNIT ( * ) SI_UNIT ( .MILLI., .METRE. ) );
#2074 = CARTESIAN_POINT ( 'NONE',  ( 0.2199999999999996125, 0.8999999999999999112, -0.1800000000000000211 ) ) ;
#2075 = EDGE_CURVE ( 'NONE', #1104, #119, #4068, .T. ) ;
#2076 = VECTOR ( 'NONE', #3455, 1000.000000000000000 ) ;
#2077 = UNCERTAINTY_MEASURE_WITH_UNIT (LENGTH_MEASURE( 1.000000000000000082E-05 ), #2310, 'distance_accuracy_value', 'NONE');
#2078 = EDGE_LOOP ( 'NONE', ( #1658, #1124, #3782, #3888 ) ) ;
#2079 = LINE ( 'NONE', #4521, #45 ) ;
#2080 = LINE ( 'NONE', #2552, #179 ) ;
#2081 = CARTESIAN_POINT ( 'NONE',  ( -0.2200000000000004730, -1.399999999999999911, -0.5000000000000000000 ) ) ;
#2082 = ORIENTED_EDGE ( 'NONE', *, *, #1156, .T. ) ;
#2083 =( LENGTH_UNIT ( ) NAMED_UNIT ( * ) SI_UNIT ( .MILLI., .METRE. ) );
#2084 = PLANE ( 'NONE',  #941 ) ;
#2085 = ADVANCED_FACE ( 'NONE', ( #1238 ), #1985, .F. ) ;
#2086 = CARTESIAN_POINT ( 'NONE',  ( -1.343581129629361604, 0.6935811296293619144, 0.3750000000000000000 ) ) ;
#2087 = LINE ( 'NONE', #3283, #1899 ) ;
#2088 = CARTESIAN_POINT ( 'NONE',  ( -0.2200000000000004730, 1.259999999999999343, -0.2295753528268036636 ) ) ;
#2089 = PRESENTATION_LAYER_ASSIGNMENT (  '', '', ( #4842 ) ) ;
#2090 = DIRECTION ( 'NONE',  ( 0.000000000000000000, 1.000000000000000000, 0.000000000000000000 ) ) ;
#2091 = DIRECTION ( 'NONE',  ( 0.9945218953682732899, 0.000000000000000000, 0.1045284632676538178 ) ) ;
#2092 = ORIENTED_EDGE ( 'NONE', *, *, #4070, .T. ) ;
#2093 = DIRECTION ( 'NONE',  ( 0.000000000000000000, 0.9975640502598243087, -0.06975647374412512203 ) ) ;
#2094 = PLANE ( 'NONE',  #2956 ) ;
#2095 =( LENGTH_UNIT ( ) NAMED_UNIT ( * ) SI_UNIT ( .MILLI., .METRE. ) );
#2096 = ORIENTED_EDGE ( 'NONE', *, *, #1581, .T. ) ;
#2097 =( BOUNDED_CURVE ( )  B_SPLINE_CURVE ( 3, ( #3475, #2325, #5122, #723 ),
 .UNSPECIFIED., .F., .T. ) 
 B_SPLINE_CURVE_WITH_KNOTS ( ( 4, 4 ),
 ( 3.141592653589793116, 3.147055862111330704 ),
 .UNSPECIFIED. ) 
 CURVE ( )  GEOMETRIC_REPRESENTATION_ITEM ( )  RATIONAL_B_SPLINE_CURVE ( ( 1.000000000000000000, 0.9999975127809339615, 0.9999975127809339615, 1.000000000000000000 ) ) 
 REPRESENTATION_ITEM ( '' )  );
#2098 = VERTEX_POINT ( 'NONE', #3224 ) ;
#2099 = ORIENTED_EDGE ( 'NONE', *, *, #2053, .T. ) ;
#2100 = EDGE_CURVE ( 'NONE', #2571, #2612, #3622, .T. ) ;
#2101 = EDGE_CURVE ( 'NONE', #1981, #2923, #3196, .T. ) ;
#2102 = PRESENTATION_STYLE_ASSIGNMENT (( #487 ) ) ;
#2103 = CARTESIAN_POINT ( 'NONE',  ( -1.343581129629361381, 0.6935811296293619144, -0.3750000000000000000 ) ) ;
#2104 = AXIS2_PLACEMENT_3D ( 'NONE', #4034, #383, #2822 ) ;
#2105 = CARTESIAN_POINT ( 'NONE',  ( -1.170000000000000373, 1.399999999999999911, -0.5000000000000000000 ) ) ;
#2106 =( LENGTH_UNIT ( ) NAMED_UNIT ( * ) SI_UNIT ( .MILLI., .METRE. ) );
#2107 = PRESENTATION_LAYER_ASSIGNMENT (  '', '', ( #4504 ) ) ;
#2108 = ORIENTED_EDGE ( 'NONE', *, *, #4144, .T. ) ;
#2109 = VECTOR ( 'NONE', #1451, 1000.000000000000000 ) ;
#2110 = AXIS2_PLACEMENT_3D ( 'NONE', #1318, #2189, #4607 ) ;
#2111 = PLANE ( 'NONE',  #2170 ) ;
#2112 = PRESENTATION_STYLE_ASSIGNMENT (( #928 ) ) ;
#2113 = LINE ( 'NONE', #2889, #4901 ) ;
#2114 = FILL_AREA_STYLE ('',( #5070 ) ) ;
#2115 = CARTESIAN_POINT ( 'NONE',  ( 1.343581129629361159, 0.6935811296293619144, -0.3750000000000000000 ) ) ;
#2116 = STYLED_ITEM ( 'NONE', ( #3083 ), #3137 ) ;
#2117 = CARTESIAN_POINT ( 'NONE',  ( -1.449999626916908646, -0.7252731602562245694, -0.08000354964850762973 ) ) ;
#2118 =( NAMED_UNIT ( * ) PLANE_ANGLE_UNIT ( ) SI_UNIT ( $, .RADIAN. ) );
#2119 = MECHANICAL_DESIGN_GEOMETRIC_PRESENTATION_REPRESENTATION (  '', ( #2727 ), #3488 ) ;
#2120 = CIRCLE ( 'NONE', #2372, 0.07499999999999998335 ) ;
#2121 = ORIENTED_EDGE ( 'NONE', *, *, #2836, .T. ) ;
#2122 = CARTESIAN_POINT ( 'NONE',  ( 0.7299999999999995381, -0.7999999999999998224, -0.08000000000000000167 ) ) ;
#2123 = CARTESIAN_POINT ( 'NONE',  ( -0.7300000000000004263, -0.7999999999999998224, 0.08000000000000000167 ) ) ;
#2124 = CARTESIAN_POINT ( 'NONE',  ( -0.2200000000000004730, -1.399999999999999689, -0.3396092963070124204 ) ) ;
#2125 = STYLED_ITEM ( 'NONE', ( #4021 ), #2085 ) ;
#2126 = ORIENTED_EDGE ( 'NONE', *, *, #1946, .T. ) ;
#2127 = ORIENTED_EDGE ( 'NONE', *, *, #1072, .T. ) ;
#2128 = ORIENTED_EDGE ( 'NONE', *, *, #2884, .T. ) ;
#2129 = CARTESIAN_POINT ( 'NONE',  ( -1.170000000000000373, 0.9999999999999997780, -0.2855262579950638147 ) ) ;
#2130 = DIRECTION ( 'NONE',  ( 0.000000000000000000, 0.000000000000000000, -1.000000000000000000 ) ) ;
#2131 = UNCERTAINTY_MEASURE_WITH_UNIT (LENGTH_MEASURE( 1.000000000000000082E-05 ), #2816, 'distance_accuracy_value', 'NONE');
#2132 = EDGE_CURVE ( 'NONE', #3457, #1052, #46, .T. ) ;
#2133 = EDGE_CURVE ( 'NONE', #3514, #3143, #1556, .T. ) ;
#2134 = CARTESIAN_POINT ( 'NONE',  ( 1.374999999999999334, 0.8000000000000002665, -0.08000000000000000167 ) ) ;
#2135 = VERTEX_POINT ( 'NONE', #1165 ) ;
#2136 = FACE_OUTER_BOUND ( 'NONE', #4753, .T. ) ;
#2137 = DIRECTION ( 'NONE',  ( 0.000000000000000000, 0.000000000000000000, -1.000000000000000000 ) ) ;
#2138 = DIRECTION ( 'NONE',  ( 0.000000000000000000, -0.9975640502598243087, -0.06975647374412512203 ) ) ;
#2139 = CIRCLE ( 'NONE', #293, 0.07999999999999998779 ) ;
#2140 = ADVANCED_FACE ( 'NONE', ( #4524 ), #2833, .F. ) ;
#2141 = SURFACE_STYLE_USAGE ( .BOTH. , #4124 ) ;
#2142 = CARTESIAN_POINT ( 'NONE',  ( 0.7299999999999995381, 1.159999999999999476, -0.2295753528268036636 ) ) ;
#2143 = CARTESIAN_POINT ( 'NONE',  ( -0.7300000000000004263, -0.8999999999999999112, -0.1800000000000000211 ) ) ;
#2144 = DIRECTION ( 'NONE',  ( 1.000000000000000000, 0.000000000000000000, 0.000000000000000000 ) ) ;
#2145 = DIRECTION ( 'NONE',  ( 1.000000000000000000, 0.000000000000000000, -0.000000000000000000 ) ) ;
#2146 = CARTESIAN_POINT ( 'NONE',  ( -0.2200000000000004730, -0.8999999999999999112, -0.1800000000000000211 ) ) ;
#2147 = ORIENTED_EDGE ( 'NONE', *, *, #3431, .T. ) ;
#2148 = DIRECTION ( 'NONE',  ( 0.000000000000000000, -1.000000000000000000, 0.000000000000000000 ) ) ;
#2149 = CARTESIAN_POINT ( 'NONE',  ( 0.2199999999999996125, 0.7999999999999998224, 0.08000000000000000167 ) ) ;
#2150 = ORIENTED_EDGE ( 'NONE', *, *, #1777, .F. ) ;
#2151 = ORIENTED_EDGE ( 'NONE', *, *, #1079, .F. ) ;
#2152 = EDGE_LOOP ( 'NONE', ( #339, #3969, #3470, #3866 ) ) ;
#2153 = PRESENTATION_LAYER_ASSIGNMENT (  '', '', ( #1902 ) ) ;
#2154 = FILL_AREA_STYLE ('',( #540 ) ) ;
#2155 = CARTESIAN_POINT ( 'NONE',  ( -1.375000000000000222, -0.7999999999999998224, 0.08000000000000000167 ) ) ;
#2156 = UNCERTAINTY_MEASURE_WITH_UNIT (LENGTH_MEASURE( 1.000000000000000082E-05 ), #714, 'distance_accuracy_value', 'NONE');
#2157 = CARTESIAN_POINT ( 'NONE',  ( 0.7299999999999995381, -0.7999999999999998224, -0.08000000000000000167 ) ) ;
#2158 = ORIENTED_EDGE ( 'NONE', *, *, #2264, .F. ) ;
#2159 = DIRECTION ( 'NONE',  ( 1.519389869499658411E-16, -1.000000000000000000, -1.445602896647339706E-15 ) ) ;
#2160 = CARTESIAN_POINT ( 'NONE',  ( -1.418963392251841427, 0.7997609356944461734, 0.08227454493103544819 ) ) ;
#2161 = MECHANICAL_DESIGN_GEOMETRIC_PRESENTATION_REPRESENTATION (  '', ( #139 ), #1407 ) ;
#2162 = EDGE_CURVE ( 'NONE', #3088, #2596, #2294, .T. ) ;
#2163 = ORIENTED_EDGE ( 'NONE', *, *, #195, .F. ) ;
#2164 = CARTESIAN_POINT ( 'NONE',  ( -0.7300000000000004263, 1.253024352625586868, -0.3293317578527861222 ) ) ;
#2165 = UNCERTAINTY_MEASURE_WITH_UNIT (LENGTH_MEASURE( 1.000000000000000082E-05 ), #3412, 'distance_accuracy_value', 'NONE');
#2166 = EDGE_CURVE ( 'NONE', #5173, #4879, #4951, .T. ) ;
#2167 = EDGE_CURVE ( 'NONE', #3588, #3088, #464, .T. ) ;
#2168 = SURFACE_STYLE_FILL_AREA ( #905 ) ;
#2169 = FILL_AREA_STYLE_COLOUR ( '', #1261 ) ;
#2170 = AXIS2_PLACEMENT_3D ( 'NONE', #445, #2063, #4099 ) ;
#2171 = FILL_AREA_STYLE_COLOUR ( '', #3842 ) ;
#2172 = STYLED_ITEM ( 'NONE', ( #3382 ), #1862 ) ;
#2173 = CARTESIAN_POINT ( 'NONE',  ( 1.343581129629361159, 0.000000000000000000, 0.3750000000000000000 ) ) ;
#2174 = UNCERTAINTY_MEASURE_WITH_UNIT (LENGTH_MEASURE( 1.000000000000000082E-05 ), #2563, 'distance_accuracy_value', 'NONE');
#2175 = ORIENTED_EDGE ( 'NONE', *, *, #4969, .T. ) ;
#2176 = DIRECTION ( 'NONE',  ( 0.000000000000000000, 0.9975640502598243087, 0.06975647374412440038 ) ) ;
#2177 = DIRECTION ( 'NONE',  ( 1.000000000000000000, 0.000000000000000000, 0.000000000000000000 ) ) ;
#2178 = MECHANICAL_DESIGN_GEOMETRIC_PRESENTATION_REPRESENTATION (  '', ( #1925 ), #4923 ) ;
#2179 = ORIENTED_EDGE ( 'NONE', *, *, #3684, .T. ) ;
#2180 = VERTEX_POINT ( 'NONE', #2081 ) ;
#2181 = EDGE_LOOP ( 'NONE', ( #2930, #2950, #755, #2290 ) ) ;
#2182 = EDGE_CURVE ( 'NONE', #1573, #2679, #1877, .T. ) ;
#2183 = CARTESIAN_POINT ( 'NONE',  ( -1.376217025357843626, 0.7262170253578437151, 0.06449019374921866055 ) ) ;
#2184 = CIRCLE ( 'NONE', #1423, 0.07499999999999998335 ) ;
#2185 = CARTESIAN_POINT ( 'NONE',  ( 0.2199999999999996125, -0.8999999999999999112, -0.1800000000000000211 ) ) ;
#2186 = CARTESIAN_POINT ( 'NONE',  ( -0.2200000000000004730, -0.7999999999999998224, 0.08000000000000000167 ) ) ;
#2187 = FILL_AREA_STYLE_COLOUR ( '', #4174 ) ;
#2188 = ORIENTED_EDGE ( 'NONE', *, *, #4336, .T. ) ;
#2189 = DIRECTION ( 'NONE',  ( 0.000000000000000000, 1.000000000000000000, 3.957832284416029391E-15 ) ) ;
#2190 = DIRECTION ( 'NONE',  ( -1.000000000000000000, 0.000000000000000000, 0.000000000000000000 ) ) ;
#2191 =( LENGTH_UNIT ( ) NAMED_UNIT ( * ) SI_UNIT ( .MILLI., .METRE. ) );
#2192 = COLOUR_RGB ( '',0.8039215686274510109, 0.8039215686274510109, 0.8039215686274510109 ) ;
#2193 = ORIENTED_EDGE ( 'NONE', *, *, #878, .T. ) ;
#2194 = CIRCLE ( 'NONE', #3207, 0.09999999999999985290 ) ;
#2195 = CARTESIAN_POINT ( 'NONE',  ( -1.343581129629361604, -0.6935811296293614703, -0.3750000000000000000 ) ) ;
#2196 = CARTESIAN_POINT ( 'NONE',  ( -0.2200000000000004730, -1.000000000000000000, -0.2855262579950638147 ) ) ;
#2197 = CIRCLE ( 'NONE', #4431, 0.07499999999999998335 ) ;
#2198 = ADVANCED_FACE ( 'NONE', ( #3151 ), #2225, .T. ) ;
#2199 = EDGE_CURVE ( 'NONE', #1754, #2880, #5185, .T. ) ;
#2200 =( NAMED_UNIT ( * ) PLANE_ANGLE_UNIT ( ) SI_UNIT ( $, .RADIAN. ) );
#2201 = ORIENTED_EDGE ( 'NONE', *, *, #3432, .T. ) ;
#2202 = VECTOR ( 'NONE', #748, 1000.000000000000000 ) ;
#2203 = LINE ( 'NONE', #505, #3145 ) ;
#2204 = DIRECTION ( 'NONE',  ( 0.000000000000000000, -3.957832284416030179E-15, -1.000000000000000000 ) ) ;
#2205 = SURFACE_STYLE_USAGE ( .BOTH. , #2257 ) ;
#2206 = ORIENTED_EDGE ( 'NONE', *, *, #3766, .T. ) ;
#2207 = ORIENTED_EDGE ( 'NONE', *, *, #3766, .F. ) ;
#2208 = CARTESIAN_POINT ( 'NONE',  ( 0.2199999999999996125, -1.399999999999999911, -0.5000000000000000000 ) ) ;
#2209 = PLANE ( 'NONE',  #3989 ) ;
#2210 = CARTESIAN_POINT ( 'NONE',  ( 0.2199999999999996125, -1.259999999999999343, -0.2295753528268036636 ) ) ;
#2211 =( GEOMETRIC_REPRESENTATION_CONTEXT ( 3 ) GLOBAL_UNCERTAINTY_ASSIGNED_CONTEXT ( ( #4023 ) ) GLOBAL_UNIT_ASSIGNED_CONTEXT ( ( #3849, #1533, #3506 ) ) REPRESENTATION_CONTEXT ( 'NONE', 'WORKASPACE' ) );
#2212 = ORIENTED_EDGE ( 'NONE', *, *, #3298, .F. ) ;
#2213 = LINE ( 'NONE', #3867, #2796 ) ;
#2214 = VECTOR ( 'NONE', #3337, 1000.000000000000000 ) ;
#2215 = PRESENTATION_LAYER_ASSIGNMENT (  '', '', ( #4531 ) ) ;
#2216 = SURFACE_SIDE_STYLE ('',( #1842 ) ) ;
#2217 = VERTEX_POINT ( 'NONE', #1144 ) ;
#2218 =( NAMED_UNIT ( * ) SI_UNIT ( $, .STERADIAN. ) SOLID_ANGLE_UNIT ( ) );
#2219 = DIRECTION ( 'NONE',  ( 1.000000000000000000, 0.000000000000000000, 0.000000000000000000 ) ) ;
#2220 = DIRECTION ( 'NONE',  ( 0.000000000000000000, -1.000000000000000000, -8.470329472543026810E-17 ) ) ;
#2221 = LINE ( 'NONE', #3026, #2760 ) ;
#2222 = AXIS2_PLACEMENT_3D ( 'NONE', #1126, #1204, #1175 ) ;
#2223 = PRESENTATION_LAYER_ASSIGNMENT (  '', '', ( #1271 ) ) ;
#2224 = CARTESIAN_POINT ( 'NONE',  ( -0.7300000000000004263, -0.9999999999999997780, -0.2855262579950638147 ) ) ;
#2225 = CYLINDRICAL_SURFACE ( 'NONE', #4877, 0.07499999999999998335 ) ;
#2226 = SURFACE_STYLE_USAGE ( .BOTH. , #2708 ) ;
#2227 = DIRECTION ( 'NONE',  ( -0.1045284632676537068, 0.000000000000000000, 0.9945218953682734009 ) ) ;
#2228 = ORIENTED_EDGE ( 'NONE', *, *, #4788, .F. ) ;
#2229 = DIRECTION ( 'NONE',  ( 1.000000000000000000, 0.000000000000000000, 0.000000000000000000 ) ) ;
#2230 = ADVANCED_FACE ( 'NONE', ( #278 ), #702, .T. ) ;
#2231 = PRESENTATION_STYLE_ASSIGNMENT (( #4683 ) ) ;
#2232 = SURFACE_STYLE_USAGE ( .BOTH. , #1517 ) ;
#2233 = ORIENTED_EDGE ( 'NONE', *, *, #3356, .F. ) ;
#2234 = VERTEX_POINT ( 'NONE', #3965 ) ;
#2235 = SURFACE_SIDE_STYLE ('',( #4686 ) ) ;
#2236 = EDGE_CURVE ( 'NONE', #4852, #4931, #612, .T. ) ;
#2237 = CARTESIAN_POINT ( 'NONE',  ( 1.449998880753508024, -0.7254097386008874215, 0.08001064891903697518 ) ) ;
#2238 = COLOUR_RGB ( '',0.8039215686274510109, 0.8039215686274510109, 0.8039215686274510109 ) ;
#2239 = ORIENTED_EDGE ( 'NONE', *, *, #3152, .F. ) ;
#2240 = CARTESIAN_POINT ( 'NONE',  ( -1.170000000000000373, 1.159999999999999476, -0.2295753528268036636 ) ) ;
#2241 = SURFACE_STYLE_USAGE ( .BOTH. , #689 ) ;
#2242 =( GEOMETRIC_REPRESENTATION_CONTEXT ( 3 ) GLOBAL_UNCERTAINTY_ASSIGNED_CONTEXT ( ( #4113 ) ) GLOBAL_UNIT_ASSIGNED_CONTEXT ( ( #2261, #4634, #5027 ) ) REPRESENTATION_CONTEXT ( 'NONE', 'WORKASPACE' ) );
#2243 = ORIENTED_EDGE ( 'NONE', *, *, #2451, .F. ) ;
#2244 = DIRECTION ( 'NONE',  ( 1.000000000000000000, 0.000000000000000000, 0.000000000000000000 ) ) ;
#2245 =( LENGTH_UNIT ( ) NAMED_UNIT ( * ) SI_UNIT ( .MILLI., .METRE. ) );
#2246 = LINE ( 'NONE', #3046, #2453 ) ;
#2247 = VECTOR ( 'NONE', #3729, 1000.000000000000000 ) ;
#2248 = EDGE_CURVE ( 'NONE', #1573, #5217, #298, .T. ) ;
#2249 = CARTESIAN_POINT ( 'NONE',  ( -0.2200000000000004730, -0.7999999999999998224, -0.08000000000000000167 ) ) ;
#2250 = DIRECTION ( 'NONE',  ( 0.000000000000000000, -1.351951388106425141E-15, -1.000000000000000000 ) ) ;
#2251 = SURFACE_STYLE_FILL_AREA ( #3790 ) ;
#2252 = CARTESIAN_POINT ( 'NONE',  ( -1.170000000000000373, 1.159999999999999032, -0.1199999999999997735 ) ) ;
#2253 = VERTEX_POINT ( 'NONE', #3447 ) ;
#2254 =( LENGTH_UNIT ( ) NAMED_UNIT ( * ) SI_UNIT ( .MILLI., .METRE. ) );
#2255 = CARTESIAN_POINT ( 'NONE',  ( -1.450000000000000178, -0.7999999999999998224, 0.08000000000000000167 ) ) ;
#2256 = VECTOR ( 'NONE', #930, 1000.000000000000000 ) ;
#2257 = SURFACE_SIDE_STYLE ('',( #227 ) ) ;
#2258 = EDGE_LOOP ( 'NONE', ( #4605, #4215, #2869, #1927 ) ) ;
#2259 = ORIENTED_EDGE ( 'NONE', *, *, #2784, .F. ) ;
#2260 = DIRECTION ( 'NONE',  ( 0.000000000000000000, 0.9975640502598243087, 0.06975647374412440038 ) ) ;
#2261 =( LENGTH_UNIT ( ) NAMED_UNIT ( * ) SI_UNIT ( .MILLI., .METRE. ) );
#2262 = CARTESIAN_POINT ( 'NONE',  ( -1.183581129629361683, -0.5335811296293614392, 0.4399999999999999467 ) ) ;
#2263 = EDGE_CURVE ( 'NONE', #89, #23, #5050, .T. ) ;
#2264 = EDGE_CURVE ( 'NONE', #1226, #3490, #1854, .T. ) ;
#2265 = ORIENTED_EDGE ( 'NONE', *, *, #2387, .F. ) ;
#2266 = PRESENTATION_STYLE_ASSIGNMENT (( #1841 ) ) ;
#2267 = COLOUR_RGB ( '',0.8039215686274510109, 0.8039215686274510109, 0.8039215686274510109 ) ;
#2268 = FACE_OUTER_BOUND ( 'NONE', #2763, .T. ) ;
#2269 = FILL_AREA_STYLE_COLOUR ( '', #2192 ) ;
#2270 = EDGE_LOOP ( 'NONE', ( #2726, #2984, #3686, #2672, #2951, #4069 ) ) ;
#2271 = PRESENTATION_STYLE_ASSIGNMENT (( #2644 ) ) ;
#2272 = DIRECTION ( 'NONE',  ( 0.000000000000000000, 0.000000000000000000, 1.000000000000000000 ) ) ;
#2273 = MECHANICAL_DESIGN_GEOMETRIC_PRESENTATION_REPRESENTATION (  '', ( #1595 ), #1178 ) ;
#2274 = PRESENTATION_LAYER_ASSIGNMENT (  '', '', ( #4584 ) ) ;
#2275 = CARTESIAN_POINT ( 'NONE',  ( -1.375409738600888110, 0.7999988807535084456, 0.08001064891903693355 ) ) ;
#2276 = PRESENTATION_LAYER_ASSIGNMENT (  '', '', ( #1936 ) ) ;
#2277 = SURFACE_STYLE_USAGE ( .BOTH. , #5213 ) ;
#2278 = ADVANCED_FACE ( 'NONE', ( #247 ), #3529, .T. ) ;
#2279 = FILL_AREA_STYLE ('',( #3997 ) ) ;
#2280 = AXIS2_PLACEMENT_3D ( 'NONE', #2524, #2934, #3747 ) ;
#2281 = ORIENTED_EDGE ( 'NONE', *, *, #162, .T. ) ;
#2282 = FACE_OUTER_BOUND ( 'NONE', #2643, .T. ) ;
#2283 = CARTESIAN_POINT ( 'NONE',  ( -1.170000000000000373, -1.399999999999999689, -0.3396092963070124204 ) ) ;
#2284 = COLOUR_RGB ( '',0.8039215686274510109, 0.8039215686274510109, 0.8039215686274510109 ) ;
#2285 = ORIENTED_EDGE ( 'NONE', *, *, #454, .T. ) ;
#2286 = ORIENTED_EDGE ( 'NONE', *, *, #4840, .F. ) ;
#2287 =( NAMED_UNIT ( * ) PLANE_ANGLE_UNIT ( ) SI_UNIT ( $, .RADIAN. ) );
#2288 = PLANE ( 'NONE',  #1733 ) ;
#2289 = COLOUR_RGB ( '',0.8039215686274510109, 0.8039215686274510109, 0.8039215686274510109 ) ;
#2290 = ORIENTED_EDGE ( 'NONE', *, *, #4969, .F. ) ;
#2291 = MECHANICAL_DESIGN_GEOMETRIC_PRESENTATION_REPRESENTATION (  '', ( #4611 ), #432 ) ;
#2292 = CARTESIAN_POINT ( 'NONE',  ( 1.449999999999999512, 0.7251365803828914158, 0.08000000000000401235 ) ) ;
#2293 = FACE_OUTER_BOUND ( 'NONE', #735, .T. ) ;
#2294 = CIRCLE ( 'NONE', #1532, 0.09999999999999985290 ) ;
#2295 = VECTOR ( 'NONE', #2595, 1000.000000000000000 ) ;
#2296 = EDGE_CURVE ( 'NONE', #2820, #3457, #4935, .T. ) ;
#2297 = ORIENTED_EDGE ( 'NONE', *, *, #4084, .F. ) ;
#2298 = FILL_AREA_STYLE_COLOUR ( '', #2801 ) ;
#2299 = AXIS2_PLACEMENT_3D ( 'NONE', #3693, #74, #1290 ) ;
#2300 = DIRECTION ( 'NONE',  ( -0.000000000000000000, 0.000000000000000000, -1.000000000000000000 ) ) ;
#2301 = ORIENTED_EDGE ( 'NONE', *, *, #4444, .T. ) ;
#2302 = LINE ( 'NONE', #5152, #1030 ) ;
#2303 = ADVANCED_FACE ( 'NONE', ( #2376 ), #4838, .T. ) ;
#2304 = AXIS2_PLACEMENT_3D ( 'NONE', #1129, #2359, #1894 ) ;
#2305 = DIRECTION ( 'NONE',  ( 1.000000000000000000, 0.000000000000000000, 0.000000000000000000 ) ) ;
#2306 = MANIFOLD_SOLID_BREP ( 'Boss-Extrude3', #1671 ) ;
#2307 = DIRECTION ( 'NONE',  ( 0.000000000000000000, 1.000000000000000000, 0.000000000000000000 ) ) ;
#2308 =( NAMED_UNIT ( * ) SI_UNIT ( $, .STERADIAN. ) SOLID_ANGLE_UNIT ( ) );
#2309 = ORIENTED_EDGE ( 'NONE', *, *, #3121, .F. ) ;
#2310 =( LENGTH_UNIT ( ) NAMED_UNIT ( * ) SI_UNIT ( .MILLI., .METRE. ) );
#2311 = DIRECTION ( 'NONE',  ( 0.000000000000000000, 0.000000000000000000, -1.000000000000000000 ) ) ;
#2312 = UNCERTAINTY_MEASURE_WITH_UNIT (LENGTH_MEASURE( 1.000000000000000082E-05 ), #1355, 'distance_accuracy_value', 'NONE');
#2313 = VECTOR ( 'NONE', #2650, 1000.000000000000000 ) ;
#2314 = VERTEX_POINT ( 'NONE', #1268 ) ;
#2315 = ORIENTED_EDGE ( 'NONE', *, *, #1711, .T. ) ;
#2316 = EDGE_CURVE ( 'NONE', #392, #465, #2862, .T. ) ;
#2317 = LINE ( 'NONE', #312, #895 ) ;
#2318 = CARTESIAN_POINT ( 'NONE',  ( -1.358924052419462569, -0.7089240524194622139, -0.2290218407819842039 ) ) ;
#2319 = VERTEX_POINT ( 'NONE', #2449 ) ;
#2320 = PRESENTATION_STYLE_ASSIGNMENT (( #1551 ) ) ;
#2321 = ORIENTED_EDGE ( 'NONE', *, *, #2100, .F. ) ;
#2322 = DIRECTION ( 'NONE',  ( 1.000000000000000000, 0.000000000000000000, 0.000000000000000000 ) ) ;
#2323 =( NAMED_UNIT ( * ) SI_UNIT ( $, .STERADIAN. ) SOLID_ANGLE_UNIT ( ) );
#2324 = VECTOR ( 'NONE', #4574, 1000.000000000000000 ) ;
#2325 = CARTESIAN_POINT ( 'NONE',  ( -1.450000000000000400, 0.7251365803828915269, -0.07999999999999990452 ) ) ;
#2326 = CARTESIAN_POINT ( 'NONE',  ( 1.449760935694445863, 0.7689633922518408493, -0.08227454493103668332 ) ) ;
#2327 = DIRECTION ( 'NONE',  ( 0.000000000000000000, -0.06975647374412512203, 0.9975640502598243087 ) ) ;
#2328 = CYLINDRICAL_SURFACE ( 'NONE', #2067, 0.07500000000000002498 ) ;
#2329 = EDGE_CURVE ( 'NONE', #4135, #1538, #3200, .T. ) ;
#2330 = CARTESIAN_POINT ( 'NONE',  ( 0.2199999999999996125, -0.7999999999999998224, -0.08000000000000000167 ) ) ;
#2331 = EDGE_CURVE ( 'NONE', #1495, #3139, #4860, .T. ) ;
#2332 = ORIENTED_EDGE ( 'NONE', *, *, #1845, .T. ) ;
#2333 = FACE_OUTER_BOUND ( 'NONE', #4485, .T. ) ;
#2334 = SURFACE_STYLE_USAGE ( .BOTH. , #4893 ) ;
#2335 = EDGE_LOOP ( 'NONE', ( #1968, #2747, #4796, #865 ) ) ;
#2336 = ORIENTED_EDGE ( 'NONE', *, *, #3395, .T. ) ;
#2337 = CYLINDRICAL_SURFACE ( 'NONE', #4910, 0.09999999999999985290 ) ;
#2338 = CIRCLE ( 'NONE', #62, 0.09999999999999993616 ) ;
#2339 = ORIENTED_EDGE ( 'NONE', *, *, #3717, .T. ) ;
#2340 = CARTESIAN_POINT ( 'NONE',  ( -1.183581129629361683, -0.5335811296293614392, 0.4500000000000000111 ) ) ;
#2341 =( NAMED_UNIT ( * ) SI_UNIT ( $, .STERADIAN. ) SOLID_ANGLE_UNIT ( ) );
#2342 = SURFACE_STYLE_USAGE ( .BOTH. , #3075 ) ;
#2343 = ORIENTED_EDGE ( 'NONE', *, *, #1778, .T. ) ;
#2344 =( NAMED_UNIT ( * ) SI_UNIT ( $, .STERADIAN. ) SOLID_ANGLE_UNIT ( ) );
#2345 = CARTESIAN_POINT ( 'NONE',  ( -0.2200000000000004730, 1.253024352625586868, -0.3293317578527860667 ) ) ;
#2346 = DIRECTION ( 'NONE',  ( 1.000000000000000000, 0.000000000000000000, 0.000000000000000000 ) ) ;
#2347 = STYLED_ITEM ( 'NONE', ( #4374 ), #653 ) ;
#2348 = CARTESIAN_POINT ( 'NONE',  ( 1.449998880753507580, 0.7254097386008875326, -0.08001064891904105525 ) ) ;
#2349 = MANIFOLD_SOLID_BREP ( 'LPattern1[4]', #1587 ) ;
#2350 = DIRECTION ( 'NONE',  ( 0.000000000000000000, 0.000000000000000000, -1.000000000000000000 ) ) ;
#2351 = ORIENTED_EDGE ( 'NONE', *, *, #2756, .F. ) ;
#2352 = EDGE_CURVE ( 'NONE', #23, #4351, #3134, .T. ) ;
#2353 = EDGE_CURVE ( 'NONE', #4979, #5225, #4957, .T. ) ;
#2354 = VECTOR ( 'NONE', #2176, 1000.000000000000114 ) ;
#2355 = LINE ( 'NONE', #1967, #3365 ) ;
#2356 = VERTEX_POINT ( 'NONE', #786 ) ;
#2357 = ORIENTED_EDGE ( 'NONE', *, *, #480, .T. ) ;
#2358 =( GEOMETRIC_REPRESENTATION_CONTEXT ( 3 ) GLOBAL_UNCERTAINTY_ASSIGNED_CONTEXT ( ( #4973 ) ) GLOBAL_UNIT_ASSIGNED_CONTEXT ( ( #1312, #919, #2661 ) ) REPRESENTATION_CONTEXT ( 'NONE', 'WORKASPACE' ) );
#2359 = DIRECTION ( 'NONE',  ( 1.000000000000000000, -0.000000000000000000, 0.000000000000000000 ) ) ;
#2360 = PRESENTATION_STYLE_ASSIGNMENT (( #3979 ) ) ;
#2361 = CIRCLE ( 'NONE', #1354, 0.09999999999999993616 ) ;
#2362 = LINE ( 'NONE', #3215, #416 ) ;
#2363 = EDGE_CURVE ( 'NONE', #1724, #3704, #1077, .T. ) ;
#2364 = VECTOR ( 'NONE', #1716, 1000.000000000000000 ) ;
#2365 = ORIENTED_EDGE ( 'NONE', *, *, #1422, .F. ) ;
#2366 = FILL_AREA_STYLE_COLOUR ( '', #1689 ) ;
#2367 = CARTESIAN_POINT ( 'NONE',  ( -1.343581129629361604, 0.000000000000000000, -0.4500000000000000111 ) ) ;
#2368 = CIRCLE ( 'NONE', #5220, 0.07999999999999998779 ) ;
#2369 = VECTOR ( 'NONE', #1371, 1000.000000000000000 ) ;
#2370 = VERTEX_POINT ( 'NONE', #1917 ) ;
#2371 = DIRECTION ( 'NONE',  ( 0.000000000000000000, 1.000000000000000000, -8.470329472543025577E-17 ) ) ;
#2372 = AXIS2_PLACEMENT_3D ( 'NONE', #3839, #3497, #2993 ) ;
#2373 = CARTESIAN_POINT ( 'NONE',  ( 1.169999999999999707, 1.253024352625586868, -0.3293317578527860667 ) ) ;
#2374 = VECTOR ( 'NONE', #5206, 1000.000000000000000 ) ;
#2375 = SURFACE_STYLE_USAGE ( .BOTH. , #1143 ) ;
#2376 = FACE_OUTER_BOUND ( 'NONE', #4490, .T. ) ;
#2377 =( LENGTH_UNIT ( ) NAMED_UNIT ( * ) SI_UNIT ( .MILLI., .METRE. ) );
#2378 = CARTESIAN_POINT ( 'NONE',  ( -0.2200000000000004730, 0.8999999999999999112, -0.1800000000000000211 ) ) ;
#2379 = CARTESIAN_POINT ( 'NONE',  ( -0.2200000000000004730, 1.199999999999999956, -0.2855262579950635371 ) ) ;
#2380 = SURFACE_STYLE_USAGE ( .BOTH. , #2045 ) ;
#2381 = VECTOR ( 'NONE', #1331, 1000.000000000000000 ) ;
#2382 = DIRECTION ( 'NONE',  ( 0.000000000000000000, -1.000000000000000000, 0.000000000000000000 ) ) ;
#2383 = ORIENTED_EDGE ( 'NONE', *, *, #1711, .F. ) ;
#2384 = ORIENTED_EDGE ( 'NONE', *, *, #982, .T. ) ;
#2385 = ADVANCED_FACE ( 'NONE', ( #1155 ), #287, .T. ) ;
#2386 = EDGE_LOOP ( 'NONE', ( #4079, #167, #4844, #2606 ) ) ;
#2387 = EDGE_CURVE ( 'NONE', #3115, #2923, #106, .T. ) ;
#2388 = FACE_OUTER_BOUND ( 'NONE', #4624, .T. ) ;
#2389 = VERTEX_POINT ( 'NONE', #2689 ) ;
#2390 = DIRECTION ( 'NONE',  ( 0.000000000000000000, -1.000000000000000000, -8.470329472543025577E-17 ) ) ;
#2391 = FILL_AREA_STYLE_COLOUR ( '', #2604 ) ;
#2392 = EDGE_LOOP ( 'NONE', ( #2127, #2684, #4662, #2357 ) ) ;
#2393 = DIRECTION ( 'NONE',  ( 0.1039620511844979306, 0.1039620511844979306, 0.9891328443778538704 ) ) ;
#2394 = UNCERTAINTY_MEASURE_WITH_UNIT (LENGTH_MEASURE( 1.000000000000000082E-05 ), #910, 'distance_accuracy_value', 'NONE');
#2395 = DIRECTION ( 'NONE',  ( -1.000000000000000000, 0.000000000000000000, 0.000000000000000000 ) ) ;
#2396 = MANIFOLD_SOLID_BREP ( 'Mirror2', #3629 ) ;
#2397 = PRESENTATION_STYLE_ASSIGNMENT (( #3552 ) ) ;
#2398 = DIRECTION ( 'NONE',  ( -1.000000000000000000, -0.000000000000000000, -0.000000000000000000 ) ) ;
#2399 = ADVANCED_FACE ( 'NONE', ( #1970 ), #3540, .T. ) ;
#2400 = CARTESIAN_POINT ( 'NONE',  ( -0.7300000000000004263, -0.8999999999999999112, -0.08000000000000000167 ) ) ;
#2401 =( NAMED_UNIT ( * ) SI_UNIT ( $, .STERADIAN. ) SOLID_ANGLE_UNIT ( ) );
#2402 = VECTOR ( 'NONE', #4976, 1000.000000000000000 ) ;
#2403 = FILL_AREA_STYLE ('',( #3586 ) ) ;
#2404 = FILL_AREA_STYLE_COLOUR ( '', #4793 ) ;
#2405 = ORIENTED_EDGE ( 'NONE', *, *, #4528, .T. ) ;
#2406 = VERTEX_POINT ( 'NONE', #1646 ) ;
#2407 = COLOUR_RGB ( '',0.8039215686274510109, 0.8039215686274510109, 0.8039215686274510109 ) ;
#2408 = MANIFOLD_SOLID_BREP ( 'LPattern1[1]', #4579 ) ;
#2409 = CARTESIAN_POINT ( 'NONE',  ( 1.169999999999999707, -0.9999999999999997780, -0.2855262579950638147 ) ) ;
#2410 = EDGE_LOOP ( 'NONE', ( #1748, #1892, #5200, #3040 ) ) ;
#2411 = CARTESIAN_POINT ( 'NONE',  ( 0.000000000000000000, 0.000000000000000000, 0.000000000000000000 ) ) ;
#2412 = PLANE ( 'NONE',  #2877 ) ;
#2413 = MANIFOLD_SOLID_BREP ( 'Boss-Extrude4', #5279 ) ;
#2414 = AXIS2_PLACEMENT_3D ( 'NONE', #2086, #4175, #3696 ) ;
#2415 = ADVANCED_FACE ( 'NONE', ( #4967 ), #884, .F. ) ;
#2416 = EDGE_CURVE ( 'NONE', #3739, #1754, #5017, .T. ) ;
#2417 =( GEOMETRIC_REPRESENTATION_CONTEXT ( 3 ) GLOBAL_UNCERTAINTY_ASSIGNED_CONTEXT ( ( #5265 ) ) GLOBAL_UNIT_ASSIGNED_CONTEXT ( ( #3677, #2040, #4503 ) ) REPRESENTATION_CONTEXT ( 'NONE', 'WORKASPACE' ) );
#2418 = FACE_BOUND ( 'NONE', #5021, .T. ) ;
#2419 = DIRECTION ( 'NONE',  ( 0.000000000000000000, 0.000000000000000000, -1.000000000000000000 ) ) ;
#2420 = FILL_AREA_STYLE ('',( #4930 ) ) ;
#2421 = ORIENTED_EDGE ( 'NONE', *, *, #1293, .F. ) ;
#2422 = VECTOR ( 'NONE', #614, 1000.000000000000000 ) ;
#2423 = SURFACE_STYLE_USAGE ( .BOTH. , #2837 ) ;
#2424 = LINE ( 'NONE', #52, #879 ) ;
#2425 = CARTESIAN_POINT ( 'NONE',  ( -1.170000000000000373, 1.253024352625586868, -0.3293317578527860667 ) ) ;
#2426 = FACE_OUTER_BOUND ( 'NONE', #3569, .T. ) ;
#2427 =( GEOMETRIC_REPRESENTATION_CONTEXT ( 3 ) GLOBAL_UNCERTAINTY_ASSIGNED_CONTEXT ( ( #3486 ) ) GLOBAL_UNIT_ASSIGNED_CONTEXT ( ( #2245, #1479, #2645 ) ) REPRESENTATION_CONTEXT ( 'NONE', 'WORKASPACE' ) );
#2428 = DIRECTION ( 'NONE',  ( 1.000000000000000000, 0.000000000000000000, 0.000000000000000000 ) ) ;
#2429 = CARTESIAN_POINT ( 'NONE',  ( -0.7300000000000004263, -1.199999999999999956, -0.2855262579950635371 ) ) ;
#2430 = EDGE_CURVE ( 'NONE', #2356, #1753, #117, .T. ) ;
#2431 =( NAMED_UNIT ( * ) PLANE_ANGLE_UNIT ( ) SI_UNIT ( $, .RADIAN. ) );
#2432 = CARTESIAN_POINT ( 'NONE',  ( -1.170000000000000373, -1.259999999999999343, -0.2295753528268036636 ) ) ;
#2433 = ORIENTED_EDGE ( 'NONE', *, *, #4036, .T. ) ;
#2434 = ORIENTED_EDGE ( 'NONE', *, *, #2511, .T. ) ;
#2435 = VECTOR ( 'NONE', #1895, 1000.000000000000000 ) ;
#2436 = VERTEX_POINT ( 'NONE', #617 ) ;
#2437 = AXIS2_PLACEMENT_3D ( 'NONE', #4668, #3812, #661 ) ;
#2438 = DIRECTION ( 'NONE',  ( 1.000000000000000000, 0.000000000000000000, 0.000000000000000000 ) ) ;
#2439 = CARTESIAN_POINT ( 'NONE',  ( 0.2199999999999996125, 0.8999999999999999112, -0.08000000000000000167 ) ) ;
#2440 = MECHANICAL_DESIGN_GEOMETRIC_PRESENTATION_REPRESENTATION (  '', ( #4690 ), #3131 ) ;
#2441 = MECHANICAL_DESIGN_GEOMETRIC_PRESENTATION_REPRESENTATION (  '', ( #1605 ), #591 ) ;
#2442 = DIRECTION ( 'NONE',  ( -0.000000000000000000, 1.000000000000000000, -0.000000000000000000 ) ) ;
#2443 = SURFACE_STYLE_FILL_AREA ( #3991 ) ;
#2444 = VERTEX_POINT ( 'NONE', #937 ) ;
#2445 = MECHANICAL_DESIGN_GEOMETRIC_PRESENTATION_REPRESENTATION (  '', ( #4782 ), #2625 ) ;
#2446 = EDGE_CURVE ( 'NONE', #5285, #1468, #1749, .T. ) ;
#2447 = STYLED_ITEM ( 'NONE', ( #2044 ), #3188 ) ;
#2448 =( NAMED_UNIT ( * ) SI_UNIT ( $, .STERADIAN. ) SOLID_ANGLE_UNIT ( ) );
#2449 = CARTESIAN_POINT ( 'NONE',  ( 0.2199999999999996125, -1.399999999999999689, -0.3396092963070124204 ) ) ;
#2450 = VECTOR ( 'NONE', #4365, 1000.000000000000114 ) ;
#2451 = EDGE_CURVE ( 'NONE', #4972, #554, #2203, .T. ) ;
#2452 = CARTESIAN_POINT ( 'NONE',  ( -1.343581129629361604, 0.6935811296293619144, 0.3750000000000000000 ) ) ;
#2453 = VECTOR ( 'NONE', #4754, 1000.000000000000000 ) ;
#2454 = CYLINDRICAL_SURFACE ( 'NONE', #4333, 0.2000000000000000389 ) ;
#2455 = FILL_AREA_STYLE ('',( #4052 ) ) ;
#2456 = ORIENTED_EDGE ( 'NONE', *, *, #1620, .T. ) ;
#2457 = DIRECTION ( 'NONE',  ( 0.000000000000000000, 8.470329472543025577E-17, 1.000000000000000000 ) ) ;
#2458 = LINE ( 'NONE', #4416, #2711 ) ;
#2459 = DIRECTION ( 'NONE',  ( 0.000000000000000000, -1.351951388106424944E-15, -1.000000000000000000 ) ) ;
#2460 =( GEOMETRIC_REPRESENTATION_CONTEXT ( 3 ) GLOBAL_UNCERTAINTY_ASSIGNED_CONTEXT ( ( #2932 ) ) GLOBAL_UNIT_ASSIGNED_CONTEXT ( ( #3700, #1641, #2018 ) ) REPRESENTATION_CONTEXT ( 'NONE', 'WORKASPACE' ) );
#2461 =( BOUNDED_CURVE ( )  B_SPLINE_CURVE ( 3, ( #3805, #204, #4720, #2237 ),
 .UNSPECIFIED., .F., .T. ) 
 B_SPLINE_CURVE_WITH_KNOTS ( ( 4, 4 ),
 ( 5.503250352303679982, 7.063120262055496923 ),
 .UNSPECIFIED. ) 
 CURVE ( )  GEOMETRIC_REPRESENTATION_ITEM ( )  RATIONAL_B_SPLINE_CURVE ( ( 1.000000000000000000, 0.8073061876036314866, 0.8073061876036314866, 1.000000000000000000 ) ) 
 REPRESENTATION_ITEM ( '' )  );
#2462 = VERTEX_POINT ( 'NONE', #4625 ) ;
#2463 = ADVANCED_FACE ( 'NONE', ( #2541 ), #168, .F. ) ;
#2464 = DIRECTION ( 'NONE',  ( 0.000000000000000000, 3.957832284416030179E-15, -1.000000000000000000 ) ) ;
#2465 = DIRECTION ( 'NONE',  ( 0.000000000000000000, 1.445602896647339508E-15, -1.000000000000000000 ) ) ;
#2466 = CARTESIAN_POINT ( 'NONE',  ( -1.449760935694446973, 0.7689633922518408493, -0.08227454493103901478 ) ) ;
#2467 = MECHANICAL_DESIGN_GEOMETRIC_PRESENTATION_REPRESENTATION (  '', ( #3159 ), #447 ) ;
#2468 = VECTOR ( 'NONE', #3150, 1000.000000000000000 ) ;
#2469 = CARTESIAN_POINT ( 'NONE',  ( 1.450806167510463540, -0.7262170253578432710, 0.07232982849429266115 ) ) ;
#2470 = DIRECTION ( 'NONE',  ( 0.000000000000000000, 0.000000000000000000, -1.000000000000000000 ) ) ;
#2471 = ORIENTED_EDGE ( 'NONE', *, *, #3685, .T. ) ;
#2472 = CARTESIAN_POINT ( 'NONE',  ( -0.2200000000000004730, 0.8999999999999999112, -0.1800000000000000211 ) ) ;
#2473 = CARTESIAN_POINT ( 'NONE',  ( 0.7299999999999995381, 0.8999999999999999112, -0.1800000000000000211 ) ) ;
#2474 = CARTESIAN_POINT ( 'NONE',  ( -0.2200000000000004730, -1.159999999999999032, -0.1199999999999997735 ) ) ;
#2475 =( NAMED_UNIT ( * ) SI_UNIT ( $, .STERADIAN. ) SOLID_ANGLE_UNIT ( ) );
#2476 = CARTESIAN_POINT ( 'NONE',  ( -1.343581129629361381, 0.7681702717819823834, -0.3828396347450740422 ) ) ;
#2477 = PRESENTATION_STYLE_ASSIGNMENT (( #2065 ) ) ;
#2478 = FACE_OUTER_BOUND ( 'NONE', #5030, .T. ) ;
#2479 = MECHANICAL_DESIGN_GEOMETRIC_PRESENTATION_REPRESENTATION (  '', ( #4822 ), #4123 ) ;
#2480 = EDGE_CURVE ( 'NONE', #4302, #3411, #564, .T. ) ;
#2481 = EDGE_CURVE ( 'NONE', #1317, #1494, #1410, .T. ) ;
#2482 = FACE_OUTER_BOUND ( 'NONE', #1674, .T. ) ;
#2483 = VERTEX_POINT ( 'NONE', #3361 ) ;
#2484 = SURFACE_STYLE_FILL_AREA ( #2821 ) ;
#2485 = VECTOR ( 'NONE', #2990, 1000.000000000000000 ) ;
#2486 = FACE_OUTER_BOUND ( 'NONE', #3648, .T. ) ;
#2487 = CARTESIAN_POINT ( 'NONE',  ( -1.183581129629361683, -0.5335811296293614392, 0.4399999999999999467 ) ) ;
#2488 = ORIENTED_EDGE ( 'NONE', *, *, #5175, .T. ) ;
#2489 = CIRCLE ( 'NONE', #4988, 0.07999999999999998779 ) ;
#2490 = ORIENTED_EDGE ( 'NONE', *, *, #2916, .T. ) ;
#2491 = UNCERTAINTY_MEASURE_WITH_UNIT (LENGTH_MEASURE( 1.000000000000000082E-05 ), #4433, 'distance_accuracy_value', 'NONE');
#2492 = ORIENTED_EDGE ( 'NONE', *, *, #3167, .T. ) ;
#2493 = SURFACE_STYLE_FILL_AREA ( #892 ) ;
#2494 = DIRECTION ( 'NONE',  ( 1.000000000000000000, 0.000000000000000000, 0.000000000000000000 ) ) ;
#2495 = ADVANCED_FACE ( 'NONE', ( #3454 ), #4658, .T. ) ;
#2496 = PRESENTATION_STYLE_ASSIGNMENT (( #4554 ) ) ;
#2497 = ORIENTED_EDGE ( 'NONE', *, *, #4444, .F. ) ;
#2498 = PLANE ( 'NONE',  #2110 ) ;
#2499 = DIRECTION ( 'NONE',  ( 0.000000000000000000, 0.000000000000000000, -1.000000000000000000 ) ) ;
#2500 =( GEOMETRIC_REPRESENTATION_CONTEXT ( 3 ) GLOBAL_UNCERTAINTY_ASSIGNED_CONTEXT ( ( #3627 ) ) GLOBAL_UNIT_ASSIGNED_CONTEXT ( ( #1243, #420, #4535 ) ) REPRESENTATION_CONTEXT ( 'NONE', 'WORKASPACE' ) );
#2501 = CYLINDRICAL_SURFACE ( 'NONE', #1742, 0.07500000000000002498 ) ;
#2502 = CARTESIAN_POINT ( 'NONE',  ( -0.7300000000000004263, -1.399999999999999911, -0.5000000000000000000 ) ) ;
#2503 = STYLED_ITEM ( 'NONE', ( #2112 ), #1042 ) ;
#2504 = VECTOR ( 'NONE', #1172, 1000.000000000000000 ) ;
#2505 = CARTESIAN_POINT ( 'NONE',  ( 1.418170271781981739, -0.7999999999999998224, -0.3828396347450740422 ) ) ;
#2506 = CARTESIAN_POINT ( 'NONE',  ( -1.450000000000000178, 0.8000000000000002665, -0.08000000000000000167 ) ) ;
#2507 = CLOSED_SHELL ( 'NONE', ( #436, #813, #3751, #4590, #1810, #2230, #1553, #31, #331, #4551, #4803, #2278, #5266, #1958 ) ) ;
#2508 = ORIENTED_EDGE ( 'NONE', *, *, #1092, .T. ) ;
#2509 =( NAMED_UNIT ( * ) PLANE_ANGLE_UNIT ( ) SI_UNIT ( $, .RADIAN. ) );
#2510 = DIRECTION ( 'NONE',  ( 0.000000000000000000, 0.9945218953682734009, -0.1045284632676537068 ) ) ;
#2511 = EDGE_CURVE ( 'NONE', #1035, #2389, #4244, .T. ) ;
#2512 = EDGE_CURVE ( 'NONE', #1528, #2071, #3030, .T. ) ;
#2513 = DIRECTION ( 'NONE',  ( 1.000000000000000000, 0.000000000000000000, 0.000000000000000000 ) ) ;
#2514 = ORIENTED_EDGE ( 'NONE', *, *, #3252, .F. ) ;
#2515 = EDGE_LOOP ( 'NONE', ( #1780, #2624, #3363, #4344, #624, #272, #2631, #4387, #4292, #3832, #3936, #1437 ) ) ;
#2516 = EDGE_LOOP ( 'NONE', ( #916, #5166, #4004, #4285 ) ) ;
#2517 = VECTOR ( 'NONE', #1744, 1000.000000000000000 ) ;
#2518 = ADVANCED_FACE ( 'NONE', ( #4681 ), #3004, .T. ) ;
#2519 = COLOUR_RGB ( '',0.8039215686274510109, 0.8039215686274510109, 0.8039215686274510109 ) ;
#2520 = CARTESIAN_POINT ( 'NONE',  ( -0.7300000000000004263, -0.9599999999999994094, -0.1199999999999999956 ) ) ;
#2521 =( NAMED_UNIT ( * ) PLANE_ANGLE_UNIT ( ) SI_UNIT ( $, .RADIAN. ) );
#2522 = AXIS2_PLACEMENT_3D ( 'NONE', #5114, #238, #1086 ) ;
#2523 = ORIENTED_EDGE ( 'NONE', *, *, #2133, .T. ) ;
#2524 = CARTESIAN_POINT ( 'NONE',  ( 0.000000000000000000, -0.6935811296293615813, 0.3750000000000000000 ) ) ;
#2525 = SURFACE_STYLE_USAGE ( .BOTH. , #2881 ) ;
#2526 = PRESENTATION_LAYER_ASSIGNMENT (  '', '', ( #1185 ) ) ;
#2527 = VECTOR ( 'NONE', #2637, 1000.000000000000000 ) ;
#2528 = FACE_OUTER_BOUND ( 'NONE', #4684, .T. ) ;
#2529 = LINE ( 'NONE', #109, #4766 ) ;
#2530 = VECTOR ( 'NONE', #2758, 1000.000000000000000 ) ;
#2531 = FACE_OUTER_BOUND ( 'NONE', #172, .T. ) ;
#2532 = SURFACE_STYLE_FILL_AREA ( #988 ) ;
#2533 =( NAMED_UNIT ( * ) SI_UNIT ( $, .STERADIAN. ) SOLID_ANGLE_UNIT ( ) );
#2534 = VECTOR ( 'NONE', #1678, 1000.000000000000000 ) ;
#2535 =( GEOMETRIC_REPRESENTATION_CONTEXT ( 3 ) GLOBAL_UNCERTAINTY_ASSIGNED_CONTEXT ( ( #2491 ) ) GLOBAL_UNIT_ASSIGNED_CONTEXT ( ( #4433, #3656, #1710 ) ) REPRESENTATION_CONTEXT ( 'NONE', 'WORKASPACE' ) );
#2536 = CARTESIAN_POINT ( 'NONE',  ( 0.7299999999999995381, -1.259999999999999343, -0.2295753528268036636 ) ) ;
#2537 = DIRECTION ( 'NONE',  ( -0.9945218953682734009, 0.000000000000000000, -0.1045284632676537068 ) ) ;
#2538 = AXIS2_PLACEMENT_3D ( 'NONE', #1302, #2921, #712 ) ;
#2539 = UNCERTAINTY_MEASURE_WITH_UNIT (LENGTH_MEASURE( 1.000000000000000082E-05 ), #289, 'distance_accuracy_value', 'NONE');
#2540 = EDGE_LOOP ( 'NONE', ( #602, #2243, #709, #677 ) ) ;
#2541 = FACE_OUTER_BOUND ( 'NONE', #2547, .T. ) ;
#2542 = SURFACE_STYLE_USAGE ( .BOTH. , #5051 ) ;
#2543 = AXIS2_PLACEMENT_3D ( 'NONE', #1139, #3846, #213 ) ;
#2544 = ORIENTED_EDGE ( 'NONE', *, *, #3415, .T. ) ;
#2545 = ORIENTED_EDGE ( 'NONE', *, *, #3519, .T. ) ;
#2546 = EDGE_CURVE ( 'NONE', #3762, #4230, #1022, .T. ) ;
#2547 = EDGE_LOOP ( 'NONE', ( #3092, #1922, #2490, #2827 ) ) ;
#2548 = CARTESIAN_POINT ( 'NONE',  ( -0.2200000000000004730, 0.7999999999999998224, 0.08000000000000000167 ) ) ;
#2549 = VECTOR ( 'NONE', #2148, 1000.000000000000000 ) ;
#2550 =( NAMED_UNIT ( * ) PLANE_ANGLE_UNIT ( ) SI_UNIT ( $, .RADIAN. ) );
#2551 = UNCERTAINTY_MEASURE_WITH_UNIT (LENGTH_MEASURE( 1.000000000000000082E-05 ), #4082, 'distance_accuracy_value', 'NONE');
#2552 = CARTESIAN_POINT ( 'NONE',  ( -0.2200000000000004730, 0.9999999999999997780, -0.2855262579950638147 ) ) ;
#2553 = EDGE_CURVE ( 'NONE', #5217, #2720, #2642, .T. ) ;
#2554 = ORIENTED_EDGE ( 'NONE', *, *, #1043, .F. ) ;
#2555 = CARTESIAN_POINT ( 'NONE',  ( -1.170000000000000373, 1.186048705251175006, -0.4850390680470285654 ) ) ;
#2556 = LINE ( 'NONE', #4640, #3813 ) ;
#2557 = PRODUCT_DEFINITION_FORMATION_WITH_SPECIFIED_SOURCE ( 'ANY', '', #452, .NOT_KNOWN. ) ;
#2558 = VECTOR ( 'NONE', #4620, 1000.000000000000000 ) ;
#2559 = EDGE_LOOP ( 'NONE', ( #3211, #2497, #942, #4727 ) ) ;
#2560 = FACE_OUTER_BOUND ( 'NONE', #1356, .T. ) ;
#2561 = PLANE ( 'NONE',  #3105 ) ;
#2562 = DIRECTION ( 'NONE',  ( 1.000000000000000000, 0.000000000000000000, 0.000000000000000000 ) ) ;
#2563 =( LENGTH_UNIT ( ) NAMED_UNIT ( * ) SI_UNIT ( .MILLI., .METRE. ) );
#2564 = CARTESIAN_POINT ( 'NONE',  ( -1.170000000000000373, -1.253024352625586868, -0.3293317578527860667 ) ) ;
#2565 = ADVANCED_FACE ( 'NONE', ( #1047 ), #536, .F. ) ;
#2566 = ORIENTED_EDGE ( 'NONE', *, *, #3174, .T. ) ;
#2567 = AXIS2_PLACEMENT_3D ( 'NONE', #1908, #3530, #5214 ) ;
#2568 = LINE ( 'NONE', #3360, #1436 ) ;
#2569 = FILL_AREA_STYLE_COLOUR ( '', #615 ) ;
#2570 = DIRECTION ( 'NONE',  ( 0.000000000000000000, -1.000000000000000000, 0.000000000000000000 ) ) ;
#2571 = VERTEX_POINT ( 'NONE', #5246 ) ;
#2572 = ORIENTED_EDGE ( 'NONE', *, *, #2598, .F. ) ;
#2573 = ORIENTED_EDGE ( 'NONE', *, *, #423, .T. ) ;
#2574 =( NAMED_UNIT ( * ) SI_UNIT ( $, .STERADIAN. ) SOLID_ANGLE_UNIT ( ) );
#2575 = FILL_AREA_STYLE ('',( #202 ) ) ;
#2576 = PRESENTATION_STYLE_ASSIGNMENT (( #3038 ) ) ;
#2577 = UNCERTAINTY_MEASURE_WITH_UNIT (LENGTH_MEASURE( 1.000000000000000082E-05 ), #670, 'distance_accuracy_value', 'NONE');
#2578 = COLOUR_RGB ( '',0.8039215686274510109, 0.8039215686274510109, 0.8039215686274510109 ) ;
#2579 = CARTESIAN_POINT ( 'NONE',  ( 0.7299999999999995381, -1.159999999999999476, -0.2295753528268036636 ) ) ;
#2580 = VERTEX_POINT ( 'NONE', #4841 ) ;
#2581 = DIRECTION ( 'NONE',  ( 0.000000000000000000, 1.351951388106425141E-15, -1.000000000000000000 ) ) ;
#2582 =( NAMED_UNIT ( * ) PLANE_ANGLE_UNIT ( ) SI_UNIT ( $, .RADIAN. ) );
#2583 = CIRCLE ( 'NONE', #313, 0.07500000000000002498 ) ;
#2584 = DIRECTION ( 'NONE',  ( 0.000000000000000000, 0.000000000000000000, -1.000000000000000000 ) ) ;
#2585 = EDGE_CURVE ( 'NONE', #2483, #1629, #1516, .T. ) ;
#2586 = ADVANCED_FACE ( 'NONE', ( #4295 ), #329, .T. ) ;
#2587 = VERTEX_POINT ( 'NONE', #2743 ) ;
#2588 = DIRECTION ( 'NONE',  ( 0.1039620511844979306, -0.1039620511844979306, 0.9891328443778538704 ) ) ;
#2589 = DIRECTION ( 'NONE',  ( 0.000000000000000000, 0.000000000000000000, -1.000000000000000000 ) ) ;
#2590 = UNCERTAINTY_MEASURE_WITH_UNIT (LENGTH_MEASURE( 1.000000000000000082E-05 ), #4665, 'distance_accuracy_value', 'NONE');
#2591 = FACE_OUTER_BOUND ( 'NONE', #2559, .T. ) ;
#2592 = CARTESIAN_POINT ( 'NONE',  ( -0.7300000000000004263, 1.159999999999999476, -0.2295753528268036636 ) ) ;
#2593 = MECHANICAL_DESIGN_GEOMETRIC_PRESENTATION_REPRESENTATION (  '', ( #2503 ), #568 ) ;
#2594 =( GEOMETRIC_REPRESENTATION_CONTEXT ( 3 ) GLOBAL_UNCERTAINTY_ASSIGNED_CONTEXT ( ( #1193 ) ) GLOBAL_UNIT_ASSIGNED_CONTEXT ( ( #3784, #4148, #904 ) ) REPRESENTATION_CONTEXT ( 'NONE', 'WORKASPACE' ) );
#2595 = DIRECTION ( 'NONE',  ( 0.000000000000000000, -3.957832284416030179E-15, -1.000000000000000000 ) ) ;
#2596 = VERTEX_POINT ( 'NONE', #673 ) ;
#2597 = CARTESIAN_POINT ( 'NONE',  ( -1.450000000000000178, -0.7999999999999998224, 0.08000000000000000167 ) ) ;
#2598 = EDGE_CURVE ( 'NONE', #3762, #4593, #4961, .T. ) ;
#2599 =( NAMED_UNIT ( * ) PLANE_ANGLE_UNIT ( ) SI_UNIT ( $, .RADIAN. ) );
#2600 = EDGE_LOOP ( 'NONE', ( #2309, #3738, #3623, #795 ) ) ;
#2601 = ORIENTED_EDGE ( 'NONE', *, *, #3750, .F. ) ;
#2602 =( NAMED_UNIT ( * ) SI_UNIT ( $, .STERADIAN. ) SOLID_ANGLE_UNIT ( ) );
#2603 = FACE_OUTER_BOUND ( 'NONE', #3400, .T. ) ;
#2604 = COLOUR_RGB ( '',0.8039215686274510109, 0.8039215686274510109, 0.8039215686274510109 ) ;
#2605 = CARTESIAN_POINT ( 'NONE',  ( -1.449998880753508468, -0.7254097386008875326, -0.08001064891903696130 ) ) ;
#2606 = ORIENTED_EDGE ( 'NONE', *, *, #1049, .T. ) ;
#2607 = CARTESIAN_POINT ( 'NONE',  ( -1.170000000000000373, -0.8999999999999999112, -0.1800000000000000211 ) ) ;
#2608 = MECHANICAL_DESIGN_GEOMETRIC_PRESENTATION_REPRESENTATION (  '', ( #3123 ), #1430 ) ;
#2609 = CARTESIAN_POINT ( 'NONE',  ( 1.375409738600887444, 0.7999988807535084456, 0.08001064891903697518 ) ) ;
#2610 =( NAMED_UNIT ( * ) PLANE_ANGLE_UNIT ( ) SI_UNIT ( $, .RADIAN. ) );
#2611 = STYLED_ITEM ( 'NONE', ( #3466 ), #4898 ) ;
#2612 = VERTEX_POINT ( 'NONE', #2283 ) ;
#2613 = SURFACE_STYLE_FILL_AREA ( #3439 ) ;
#2614 = DIRECTION ( 'NONE',  ( 0.000000000000000000, -0.9975640502598243087, -0.06975647374412512203 ) ) ;
#2615 = FACE_OUTER_BOUND ( 'NONE', #3982, .T. ) ;
#2616 = EDGE_CURVE ( 'NONE', #3222, #5137, #4819, .T. ) ;
#2617 = VECTOR ( 'NONE', #2260, 1000.000000000000114 ) ;
#2618 = DIRECTION ( 'NONE',  ( 0.000000000000000000, 0.000000000000000000, -1.000000000000000000 ) ) ;
#2619 = FILL_AREA_STYLE ('',( #1017 ) ) ;
#2620 = DIRECTION ( 'NONE',  ( 0.000000000000000000, 1.000000000000000000, -4.109696271182928860E-15 ) ) ;
#2621 = PRESENTATION_LAYER_ASSIGNMENT (  '', '', ( #1948 ) ) ;
#2622 = CARTESIAN_POINT ( 'NONE',  ( -1.170000000000000373, 0.8999999999999999112, -0.1800000000000000211 ) ) ;
#2623 = ADVANCED_FACE ( 'NONE', ( #2765 ), #1101, .T. ) ;
#2624 = ORIENTED_EDGE ( 'NONE', *, *, #454, .F. ) ;
#2625 =( GEOMETRIC_REPRESENTATION_CONTEXT ( 3 ) GLOBAL_UNCERTAINTY_ASSIGNED_CONTEXT ( ( #65 ) ) GLOBAL_UNIT_ASSIGNED_CONTEXT ( ( #4618, #3819, #3025 ) ) REPRESENTATION_CONTEXT ( 'NONE', 'WORKASPACE' ) );
#2626 = CARTESIAN_POINT ( 'NONE',  ( -1.418170271781982184, 0.7611114329516998067, 0.3828396347450740422 ) ) ;
#2627 = DIRECTION ( 'NONE',  ( 1.000000000000000000, 0.000000000000000000, 0.000000000000000000 ) ) ;
#2628 = CARTESIAN_POINT ( 'NONE',  ( 1.376217025357843182, -0.7262170253578432710, 0.06449019374921866055 ) ) ;
#2629 = CIRCLE ( 'NONE', #695, 0.07999999999999998779 ) ;
#2630 = VERTEX_POINT ( 'NONE', #1690 ) ;
#2631 = ORIENTED_EDGE ( 'NONE', *, *, #1907, .F. ) ;
#2632 = DIRECTION ( 'NONE',  ( 1.453565681539901511E-15, 1.000000000000000000, -0.000000000000000000 ) ) ;
#2633 = CARTESIAN_POINT ( 'NONE',  ( -1.375000000000000222, 0.8000000000000002665, 0.08000000000000000167 ) ) ;
#2634 = AXIS2_PLACEMENT_3D ( 'NONE', #745, #2300, #321 ) ;
#2635 = EDGE_CURVE ( 'NONE', #4924, #1463, #3418, .T. ) ;
#2636 = ORIENTED_EDGE ( 'NONE', *, *, #4575, .F. ) ;
#2637 = DIRECTION ( 'NONE',  ( 0.000000000000000000, 1.351951388106425141E-15, -1.000000000000000000 ) ) ;
#2638 = PRESENTATION_LAYER_ASSIGNMENT (  '', '', ( #1039 ) ) ;
#2639 = STYLED_ITEM ( 'NONE', ( #2749 ), #2349 ) ;
#2640 = LINE ( 'NONE', #4282, #2109 ) ;
#2641 = SURFACE_STYLE_FILL_AREA ( #3898 ) ;
#2642 = CIRCLE ( 'NONE', #5235, 0.2000000000000000389 ) ;
#2643 = EDGE_LOOP ( 'NONE', ( #127, #1051, #2034, #1846 ) ) ;
#2644 = SURFACE_STYLE_USAGE ( .BOTH. , #2671 ) ;
#2645 =( NAMED_UNIT ( * ) SI_UNIT ( $, .STERADIAN. ) SOLID_ANGLE_UNIT ( ) );
#2646 = CARTESIAN_POINT ( 'NONE',  ( 1.418170271781981739, 0.6935811296293618033, 0.3828396347450740422 ) ) ;
#2647 = CARTESIAN_POINT ( 'NONE',  ( -1.375000000000000222, -0.7999999999999998224, -0.08000000000000000167 ) ) ;
#2648 = DIRECTION ( 'NONE',  ( -0.000000000000000000, -0.000000000000000000, 1.000000000000000000 ) ) ;
#2649 = AXIS2_PLACEMENT_3D ( 'NONE', #4461, #2019, #10 ) ;
#2650 = DIRECTION ( 'NONE',  ( 0.000000000000000000, 0.000000000000000000, 1.000000000000000000 ) ) ;
#2651 = CARTESIAN_POINT ( 'NONE',  ( 1.375136580382891438, -0.7999999999999998224, 0.07999999999999990452 ) ) ;
#2652 = PRESENTATION_STYLE_ASSIGNMENT (( #1434 ) ) ;
#2653 = LINE ( 'NONE', #1512, #2688 ) ;
#2654 = ORIENTED_EDGE ( 'NONE', *, *, #4144, .F. ) ;
#2655 =( NAMED_UNIT ( * ) SI_UNIT ( $, .STERADIAN. ) SOLID_ANGLE_UNIT ( ) );
#2656 = CARTESIAN_POINT ( 'NONE',  ( -1.170000000000000373, -1.399999999999999911, -0.5000000000000000000 ) ) ;
#2657 = EDGE_CURVE ( 'NONE', #4135, #4230, #2035, .T. ) ;
#2658 = ADVANCED_FACE ( 'NONE', ( #1224 ), #3258, .T. ) ;
#2659 = ORIENTED_EDGE ( 'NONE', *, *, #1395, .T. ) ;
#2660 = ORIENTED_EDGE ( 'NONE', *, *, #233, .T. ) ;
#2661 =( NAMED_UNIT ( * ) SI_UNIT ( $, .STERADIAN. ) SOLID_ANGLE_UNIT ( ) );
#2662 = DIRECTION ( 'NONE',  ( 0.000000000000000000, 0.000000000000000000, -1.000000000000000000 ) ) ;
#2663 = STYLED_ITEM ( 'NONE', ( #1198 ), #453 ) ;
#2664 = AXIS2_PLACEMENT_3D ( 'NONE', #1184, #2803, #4317 ) ;
#2665 = VERTEX_POINT ( 'NONE', #451 ) ;
#2666 = FACE_OUTER_BOUND ( 'NONE', #1206, .T. ) ;
#2667 = CARTESIAN_POINT ( 'NONE',  ( 1.169999999999999707, 0.9999999999999995559, -0.1799999999999999378 ) ) ;
#2668 = DIRECTION ( 'NONE',  ( 1.000000000000000000, -0.000000000000000000, 0.000000000000000000 ) ) ;
#2669 = AXIS2_PLACEMENT_3D ( 'NONE', #98, #1336, #2130 ) ;
#2670 = ORIENTED_EDGE ( 'NONE', *, *, #2790, .T. ) ;
#2671 = SURFACE_SIDE_STYLE ('',( #2613 ) ) ;
#2672 = ORIENTED_EDGE ( 'NONE', *, *, #531, .T. ) ;
#2673 = CARTESIAN_POINT ( 'NONE',  ( -1.170000000000000373, 0.7999999999999998224, 0.08000000000000000167 ) ) ;
#2674 = DIRECTION ( 'NONE',  ( 0.000000000000000000, 0.000000000000000000, 1.000000000000000000 ) ) ;
#2675 = CARTESIAN_POINT ( 'NONE',  ( -0.2200000000000004730, 0.7999999999999998224, -0.08000000000000000167 ) ) ;
#2676 = DIRECTION ( 'NONE',  ( 0.000000000000000000, 0.000000000000000000, 1.000000000000000000 ) ) ;
#2677 = DIRECTION ( 'NONE',  ( 0.000000000000000000, -0.06975647374412512203, 0.9975640502598243087 ) ) ;
#2678 = CYLINDRICAL_SURFACE ( 'NONE', #173, 0.07999999999999998779 ) ;
#2679 = VERTEX_POINT ( 'NONE', #4505 ) ;
#2680 = PRESENTATION_STYLE_ASSIGNMENT (( #3558 ) ) ;
#2681 = UNCERTAINTY_MEASURE_WITH_UNIT (LENGTH_MEASURE( 1.000000000000000082E-05 ), #1833, 'distance_accuracy_value', 'NONE');
#2682 = VECTOR ( 'NONE', #1377, 1000.000000000000000 ) ;
#2683 = PLANE ( 'NONE',  #3667 ) ;
#2684 = ORIENTED_EDGE ( 'NONE', *, *, #4197, .F. ) ;
#2685 = ORIENTED_EDGE ( 'NONE', *, *, #2657, .T. ) ;
#2686 = EDGE_CURVE ( 'NONE', #1594, #744, #3907, .T. ) ;
#2687 = EDGE_CURVE ( 'NONE', #616, #89, #400, .T. ) ;
#2688 = VECTOR ( 'NONE', #4322, 1000.000000000000000 ) ;
#2689 = CARTESIAN_POINT ( 'NONE',  ( -0.7300000000000004263, 1.399999999999999911, -0.5000000000000000000 ) ) ;
#2690 = CARTESIAN_POINT ( 'NONE',  ( 1.418170271781981739, 0.6935811296293619144, -0.3828396347450740422 ) ) ;
#2691 = CARTESIAN_POINT ( 'NONE',  ( 1.449998880753508024, -0.7254097386008874215, -0.08001064891903697518 ) ) ;
#2692 = PLANE ( 'NONE',  #4356 ) ;
#2693 = ORIENTED_EDGE ( 'NONE', *, *, #3327, .F. ) ;
#2694 =( NAMED_UNIT ( * ) SI_UNIT ( $, .STERADIAN. ) SOLID_ANGLE_UNIT ( ) );
#2695 =( GEOMETRIC_REPRESENTATION_CONTEXT ( 3 ) GLOBAL_UNCERTAINTY_ASSIGNED_CONTEXT ( ( #3917 ) ) GLOBAL_UNIT_ASSIGNED_CONTEXT ( ( #1138, #4399, #2344 ) ) REPRESENTATION_CONTEXT ( 'NONE', 'WORKASPACE' ) );
#2696 = EDGE_CURVE ( 'NONE', #1060, #4372, #474, .T. ) ;
#2697 = DIRECTION ( 'NONE',  ( 1.000000000000000000, 0.000000000000000000, 0.000000000000000000 ) ) ;
#2698 = CARTESIAN_POINT ( 'NONE',  ( -0.7300000000000004263, -1.159999999999999032, -0.1199999999999997735 ) ) ;
#2699 = ORIENTED_EDGE ( 'NONE', *, *, #2824, .T. ) ;
#2700 = CARTESIAN_POINT ( 'NONE',  ( -0.2200000000000004730, -0.9599999999999994094, -0.1199999999999999956 ) ) ;
#2701 = CARTESIAN_POINT ( 'NONE',  ( -0.2200000000000004730, 1.253024352625586868, -0.3293317578527860667 ) ) ;
#2702 = ORIENTED_EDGE ( 'NONE', *, *, #2986, .T. ) ;
#2703 = VECTOR ( 'NONE', #5271, 1000.000000000000000 ) ;
#2704 = DIRECTION ( 'NONE',  ( 0.000000000000000000, 0.000000000000000000, -1.000000000000000000 ) ) ;
#2705 = PRESENTATION_LAYER_ASSIGNMENT (  '', '', ( #5014 ) ) ;
#2706 = CARTESIAN_POINT ( 'NONE',  ( -1.343581129629361604, -0.6935811296293614703, -0.3750000000000000000 ) ) ;
#2707 = DIRECTION ( 'NONE',  ( -1.000000000000000000, 0.000000000000000000, 0.000000000000000000 ) ) ;
#2708 = SURFACE_SIDE_STYLE ('',( #5158 ) ) ;
#2709 =( LENGTH_UNIT ( ) NAMED_UNIT ( * ) SI_UNIT ( .MILLI., .METRE. ) );
#2710 =( LENGTH_UNIT ( ) NAMED_UNIT ( * ) SI_UNIT ( .MILLI., .METRE. ) );
#2711 = VECTOR ( 'NONE', #2771, 1000.000000000000000 ) ;
#2712 = EDGE_LOOP ( 'NONE', ( #4974, #132, #4018, #4918 ) ) ;
#2713 = SURFACE_SIDE_STYLE ('',( #3483 ) ) ;
#2714 = CARTESIAN_POINT ( 'NONE',  ( -1.170000000000000373, 1.399999999999999911, -0.5000000000000000000 ) ) ;
#2715 = AXIS2_PLACEMENT_3D ( 'NONE', #2340, #4829, #1978 ) ;
#2716 = STYLED_ITEM ( 'NONE', ( #2266 ), #5277 ) ;
#2717 = PRESENTATION_STYLE_ASSIGNMENT (( #2205 ) ) ;
#2718 = VERTEX_POINT ( 'NONE', #2891 ) ;
#2719 = AXIS2_PLACEMENT_3D ( 'NONE', #2429, #3608, #4050 ) ;
#2720 = VERTEX_POINT ( 'NONE', #880 ) ;
#2721 = SURFACE_SIDE_STYLE ('',( #5253 ) ) ;
#2722 = CARTESIAN_POINT ( 'NONE',  ( -0.2200000000000004730, 1.000000000000000000, -0.2855262579950638147 ) ) ;
#2723 = AXIS2_PLACEMENT_3D ( 'NONE', #3170, #4832, #2032 ) ;
#2724 = ADVANCED_FACE ( 'NONE', ( #2478 ), #1591, .T. ) ;
#2725 = CARTESIAN_POINT ( 'NONE',  ( -1.449760935694446973, -0.7689633922518405162, -0.08227454493103668332 ) ) ;
#2726 = ORIENTED_EDGE ( 'NONE', *, *, #2916, .F. ) ;
#2727 = STYLED_ITEM ( 'NONE', ( #3287 ), #1520 ) ;
#2728 = FILL_AREA_STYLE ('',( #1114 ) ) ;
#2729 = COLOUR_RGB ( '',0.8039215686274510109, 0.8039215686274510109, 0.8039215686274510109 ) ;
#2730 = EDGE_CURVE ( 'NONE', #2444, #3611, #610, .T. ) ;
#2731 = EDGE_CURVE ( 'NONE', #2370, #538, #1358, .T. ) ;
#2732 = ORIENTED_EDGE ( 'NONE', *, *, #1072, .F. ) ;
#2733 =( NAMED_UNIT ( * ) PLANE_ANGLE_UNIT ( ) SI_UNIT ( $, .RADIAN. ) );
#2734 = COLOUR_RGB ( '',0.8039215686274510109, 0.8039215686274510109, 0.8039215686274510109 ) ;
#2735 = MECHANICAL_DESIGN_GEOMETRIC_PRESENTATION_REPRESENTATION (  '', ( #4531 ), #4958 ) ;
#2736 = FACE_OUTER_BOUND ( 'NONE', #1703, .T. ) ;
#2737 = CARTESIAN_POINT ( 'NONE',  ( 1.449999999999999734, -0.7999999999999998224, -0.08000000000000000167 ) ) ;
#2738 =( NAMED_UNIT ( * ) SI_UNIT ( $, .STERADIAN. ) SOLID_ANGLE_UNIT ( ) );
#2739 = CARTESIAN_POINT ( 'NONE',  ( 1.343581129629361159, -0.6935811296293613593, -0.3750000000000000000 ) ) ;
#2740 = CARTESIAN_POINT ( 'NONE',  ( 0.7299999999999995381, -1.253024352625586868, -0.3293317578527861222 ) ) ;
#2741 = CARTESIAN_POINT ( 'NONE',  ( 0.7299999999999995381, 1.399999999999999911, -0.5000000000000000000 ) ) ;
#2742 = EDGE_LOOP ( 'NONE', ( #4872, #4768, #873, #159 ) ) ;
#2743 = CARTESIAN_POINT ( 'NONE',  ( 1.169999999999999707, 1.159999999999999032, -0.1199999999999997735 ) ) ;
#2744 = EDGE_CURVE ( 'NONE', #4351, #4593, #3416, .T. ) ;
#2745 = STYLED_ITEM ( 'NONE', ( #1853 ), #813 ) ;
#2746 = LINE ( 'NONE', #3161, #623 ) ;
#2747 = ORIENTED_EDGE ( 'NONE', *, *, #4044, .F. ) ;
#2748 = ORIENTED_EDGE ( 'NONE', *, *, #4166, .F. ) ;
#2749 = PRESENTATION_STYLE_ASSIGNMENT (( #738 ) ) ;
#2750 = CARTESIAN_POINT ( 'NONE',  ( 0.7299999999999995381, -0.8999999999999999112, -0.08000000000000000167 ) ) ;
#2751 = ORIENTED_EDGE ( 'NONE', *, *, #1325, .T. ) ;
#2752 = STYLED_ITEM ( 'NONE', ( #2320 ), #4436 ) ;
#2753 = VERTEX_POINT ( 'NONE', #1299 ) ;
#2754 = SURFACE_STYLE_FILL_AREA ( #1529 ) ;
#2755 = MECHANICAL_DESIGN_GEOMETRIC_PRESENTATION_REPRESENTATION (  '', ( #1400 ), #2242 ) ;
#2756 = EDGE_CURVE ( 'NONE', #4896, #4902, #137, .T. ) ;
#2757 = ADVANCED_FACE ( 'NONE', ( #2591 ), #1016, .T. ) ;
#2758 = DIRECTION ( 'NONE',  ( 0.000000000000000000, -1.351951388106425141E-15, -1.000000000000000000 ) ) ;
#2759 = PRESENTATION_STYLE_ASSIGNMENT (( #2375 ) ) ;
#2760 = VECTOR ( 'NONE', #1381, 1000.000000000000000 ) ;
#2761 = CARTESIAN_POINT ( 'NONE',  ( 0.2199999999999996125, -0.7999999999999998224, -0.08000000000000000167 ) ) ;
#2762 = SURFACE_SIDE_STYLE ('',( #1147 ) ) ;
#2763 = EDGE_LOOP ( 'NONE', ( #4271, #1253, #1046, #3574, #1940, #2047, #4630, #4309 ) ) ;
#2764 = CARTESIAN_POINT ( 'NONE',  ( 0.2199999999999996125, 1.159999999999999476, -0.2295753528268036636 ) ) ;
#2765 = FACE_OUTER_BOUND ( 'NONE', #3977, .T. ) ;
#2766 = VECTOR ( 'NONE', #2830, 1000.000000000000114 ) ;
#2767 = CARTESIAN_POINT ( 'NONE',  ( 0.7299999999999995381, 1.199999999999999956, -0.2855262579950635371 ) ) ;
#2768 = EDGE_LOOP ( 'NONE', ( #2659, #2554, #2897, #4919 ) ) ;
#2769 = EDGE_LOOP ( 'NONE', ( #1340, #381, #4710, #2800 ) ) ;
#2770 = DIRECTION ( 'NONE',  ( -1.000000000000000000, -0.000000000000000000, -0.000000000000000000 ) ) ;
#2771 = DIRECTION ( 'NONE',  ( 0.000000000000000000, 4.109696271182928860E-15, 1.000000000000000000 ) ) ;
#2772 = DIRECTION ( 'NONE',  ( 1.000000000000000000, 0.000000000000000000, 0.000000000000000000 ) ) ;
#2773 = PRESENTATION_LAYER_ASSIGNMENT (  '', '', ( #1743 ) ) ;
#2774 = EDGE_LOOP ( 'NONE', ( #3132, #4569, #1808, #539 ) ) ;
#2775 = CARTESIAN_POINT ( 'NONE',  ( -1.183581129629361683, -0.5335811296293614392, 0.4500000000000000111 ) ) ;
#2776 = FILL_AREA_STYLE_COLOUR ( '', #4390 ) ;
#2777 = DIRECTION ( 'NONE',  ( 1.000000000000000000, 0.000000000000000000, 0.000000000000000000 ) ) ;
#2778 = ORIENTED_EDGE ( 'NONE', *, *, #5175, .F. ) ;
#2779 = FACE_OUTER_BOUND ( 'NONE', #308, .T. ) ;
#2780 = PLANE ( 'NONE',  #1094 ) ;
#2781 = CARTESIAN_POINT ( 'NONE',  ( 0.7299999999999995381, 0.9599999999999994094, 0.07999999999999998779 ) ) ;
#2782 = FILL_AREA_STYLE_COLOUR ( '', #1634 ) ;
#2783 = SURFACE_SIDE_STYLE ('',( #446 ) ) ;
#2784 = EDGE_CURVE ( 'NONE', #2679, #2720, #1825, .T. ) ;
#2785 = DIRECTION ( 'NONE',  ( 0.000000000000000000, 0.000000000000000000, -1.000000000000000000 ) ) ;
#2786 = DIRECTION ( 'NONE',  ( 0.000000000000000000, -1.000000000000000000, 0.000000000000000000 ) ) ;
#2787 = SURFACE_SIDE_STYLE ('',( #2532 ) ) ;
#2788 = CARTESIAN_POINT ( 'NONE',  ( -0.2200000000000004730, 1.199999999999999956, -0.2855262579950635371 ) ) ;
#2789 = VECTOR ( 'NONE', #3925, 1000.000000000000000 ) ;
#2790 = EDGE_CURVE ( 'NONE', #783, #2718, #3981, .T. ) ;
#2791 = DIRECTION ( 'NONE',  ( 0.000000000000000000, 0.000000000000000000, 1.000000000000000000 ) ) ;
#2792 = ORIENTED_EDGE ( 'NONE', *, *, #1660, .T. ) ;
#2793 = ORIENTED_EDGE ( 'NONE', *, *, #553, .F. ) ;
#2794 = VECTOR ( 'NONE', #1057, 1000.000000000000000 ) ;
#2795 = FILL_AREA_STYLE ('',( #5139 ) ) ;
#2796 = VECTOR ( 'NONE', #4750, 1000.000000000000000 ) ;
#2797 = CARTESIAN_POINT ( 'NONE',  ( 1.374999999999999334, 0.8000000000000002665, -0.08000000000000000167 ) ) ;
#2798 = SURFACE_STYLE_FILL_AREA ( #363 ) ;
#2799 = VECTOR ( 'NONE', #4075, 1000.000000000000000 ) ;
#2800 = ORIENTED_EDGE ( 'NONE', *, *, #1721, .T. ) ;
#2801 = COLOUR_RGB ( '',0.8039215686274510109, 0.8039215686274510109, 0.8039215686274510109 ) ;
#2802 = CARTESIAN_POINT ( 'NONE',  ( 0.7299999999999995381, 1.159999999999999032, -0.1199999999999997735 ) ) ;
#2803 = DIRECTION ( 'NONE',  ( -0.000000000000000000, -1.000000000000000000, 0.000000000000000000 ) ) ;
#2804 =( GEOMETRIC_REPRESENTATION_CONTEXT ( 3 ) GLOBAL_UNCERTAINTY_ASSIGNED_CONTEXT ( ( #2077 ) ) GLOBAL_UNIT_ASSIGNED_CONTEXT ( ( #2310, #3130, #4384 ) ) REPRESENTATION_CONTEXT ( 'NONE', 'WORKASPACE' ) );
#2805 = EDGE_CURVE ( 'NONE', #4594, #4596, #3347, .T. ) ;
#2806 = ORIENTED_EDGE ( 'NONE', *, *, #314, .T. ) ;
#2807 = DIRECTION ( 'NONE',  ( 0.000000000000000000, 0.000000000000000000, -1.000000000000000000 ) ) ;
#2808 = CARTESIAN_POINT ( 'NONE',  ( -1.450000000000000400, 0.7251365803828915269, 0.07999999999999990452 ) ) ;
#2809 = DIRECTION ( 'NONE',  ( 1.000000000000000000, 0.000000000000000000, 0.000000000000000000 ) ) ;
#2810 = ORIENTED_EDGE ( 'NONE', *, *, #1660, .F. ) ;
#2811 = CARTESIAN_POINT ( 'NONE',  ( -0.7300000000000004263, 1.253024352625586868, -0.3293317578527860667 ) ) ;
#2812 = DIRECTION ( 'NONE',  ( 1.000000000000000000, 0.000000000000000000, 0.000000000000000000 ) ) ;
#2813 = DIRECTION ( 'NONE',  ( 0.000000000000000000, 0.000000000000000000, -1.000000000000000000 ) ) ;
#2814 = CARTESIAN_POINT ( 'NONE',  ( 0.7299999999999995381, 1.399999999999999689, -0.3396092963070124204 ) ) ;
#2815 = MECHANICAL_DESIGN_GEOMETRIC_PRESENTATION_REPRESENTATION (  '', ( #1039 ), #20 ) ;
#2816 =( LENGTH_UNIT ( ) NAMED_UNIT ( * ) SI_UNIT ( .MILLI., .METRE. ) );
#2817 = CYLINDRICAL_SURFACE ( 'NONE', #1547, 0.07499999999999998335 ) ;
#2818 = CARTESIAN_POINT ( 'NONE',  ( 1.343581129629361159, 0.7681702717819823834, 0.3828396347450740422 ) ) ;
#2819 = ORIENTED_EDGE ( 'NONE', *, *, #2546, .F. ) ;
#2820 = VERTEX_POINT ( 'NONE', #697 ) ;
#2821 = FILL_AREA_STYLE ('',( #3213 ) ) ;
#2822 = DIRECTION ( 'NONE',  ( 0.000000000000000000, 0.000000000000000000, -1.000000000000000000 ) ) ;
#2823 = EDGE_CURVE ( 'NONE', #3166, #5142, #1459, .T. ) ;
#2824 = EDGE_CURVE ( 'NONE', #537, #2050, #2302, .T. ) ;
#2825 = LINE ( 'NONE', #3316, #4478 ) ;
#2826 =( GEOMETRIC_REPRESENTATION_CONTEXT ( 3 ) GLOBAL_UNCERTAINTY_ASSIGNED_CONTEXT ( ( #3384 ) ) GLOBAL_UNIT_ASSIGNED_CONTEXT ( ( #5212, #373, #2738 ) ) REPRESENTATION_CONTEXT ( 'NONE', 'WORKASPACE' ) );
#2827 = ORIENTED_EDGE ( 'NONE', *, *, #2687, .T. ) ;
#2828 = MECHANICAL_DESIGN_GEOMETRIC_PRESENTATION_REPRESENTATION (  '', ( #4584 ), #968 ) ;
#2829 = FILL_AREA_STYLE_COLOUR ( '', #769 ) ;
#2830 = DIRECTION ( 'NONE',  ( -0.1039620511844979306, 0.1039620511844979306, -0.9891328443778538704 ) ) ;
#2831 = SURFACE_SIDE_STYLE ('',( #843 ) ) ;
#2832 = CARTESIAN_POINT ( 'NONE',  ( 0.2199999999999996125, 0.9599999999999994094, -0.1199999999999999956 ) ) ;
#2833 = CYLINDRICAL_SURFACE ( 'NONE', #3825, 0.09999999999999993616 ) ;
#2834 = EDGE_LOOP ( 'NONE', ( #2383, #761, #1248, #4203 ) ) ;
#2835 = MECHANICAL_DESIGN_GEOMETRIC_PRESENTATION_REPRESENTATION (  '', ( #4644 ), #2919 ) ;
#2836 = EDGE_CURVE ( 'NONE', #1463, #5274, #4287, .T. ) ;
#2837 = SURFACE_SIDE_STYLE ('',( #801 ) ) ;
#2838 = UNCERTAINTY_MEASURE_WITH_UNIT (LENGTH_MEASURE( 1.000000000000000082E-05 ), #4473, 'distance_accuracy_value', 'NONE');
#2839 = FILL_AREA_STYLE_COLOUR ( '', #1040 ) ;
#2840 = SURFACE_SIDE_STYLE ('',( #3153 ) ) ;
#2841 = MECHANICAL_DESIGN_GEOMETRIC_PRESENTATION_REPRESENTATION (  '', ( #1902 ), #41 ) ;
#2842 = DIRECTION ( 'NONE',  ( 0.000000000000000000, 0.000000000000000000, -1.000000000000000000 ) ) ;
#2843 =( GEOMETRIC_REPRESENTATION_CONTEXT ( 3 ) GLOBAL_UNCERTAINTY_ASSIGNED_CONTEXT ( ( #917 ) ) GLOBAL_UNIT_ASSIGNED_CONTEXT ( ( #124, #2550, #5108 ) ) REPRESENTATION_CONTEXT ( 'NONE', 'WORKASPACE' ) );
#2844 = ORIENTED_EDGE ( 'NONE', *, *, #1692, .F. ) ;
#2845 = ORIENTED_EDGE ( 'NONE', *, *, #401, .T. ) ;
#2846 = MECHANICAL_DESIGN_GEOMETRIC_PRESENTATION_REPRESENTATION (  '', ( #3526 ), #1824 ) ;
#2847 =( NAMED_UNIT ( * ) SI_UNIT ( $, .STERADIAN. ) SOLID_ANGLE_UNIT ( ) );
#2848 =( NAMED_UNIT ( * ) SI_UNIT ( $, .STERADIAN. ) SOLID_ANGLE_UNIT ( ) );
#2849 = DIRECTION ( 'NONE',  ( 0.000000000000000000, 0.000000000000000000, -1.000000000000000000 ) ) ;
#2850 = EDGE_CURVE ( 'NONE', #671, #1153, #1481, .T. ) ;
#2851 = ORIENTED_EDGE ( 'NONE', *, *, #4306, .T. ) ;
#2852 = SURFACE_STYLE_FILL_AREA ( #4420 ) ;
#2853 = DIRECTION ( 'NONE',  ( 0.000000000000000000, 1.000000000000000000, -8.470329472543026810E-17 ) ) ;
#2854 = DIRECTION ( 'NONE',  ( 0.000000000000000000, -0.9945218953682734009, 0.1045284632676537068 ) ) ;
#2855 = CIRCLE ( 'NONE', #1413, 0.09999999999999993616 ) ;
#2856 = EDGE_CURVE ( 'NONE', #4902, #1468, #5095, .T. ) ;
#2857 = CARTESIAN_POINT ( 'NONE',  ( -1.170000000000000373, -1.253024352625586868, -0.3293317578527861222 ) ) ;
#2858 = ORIENTED_EDGE ( 'NONE', *, *, #4008, .F. ) ;
#2859 = VECTOR ( 'NONE', #3968, 1000.000000000000000 ) ;
#2860 = SURFACE_SIDE_STYLE ('',( #3227 ) ) ;
#2861 = FILL_AREA_STYLE ('',( #1685 ) ) ;
#2862 = LINE ( 'NONE', #4025, #3313 ) ;
#2863 = FILL_AREA_STYLE_COLOUR ( '', #3593 ) ;
#2864 =( GEOMETRIC_REPRESENTATION_CONTEXT ( 3 ) GLOBAL_UNCERTAINTY_ASSIGNED_CONTEXT ( ( #674 ) ) GLOBAL_UNIT_ASSIGNED_CONTEXT ( ( #1090, #3525, #1164 ) ) REPRESENTATION_CONTEXT ( 'NONE', 'WORKASPACE' ) );
#2865 = DIRECTION ( 'NONE',  ( 0.000000000000000000, -8.470329472543025577E-17, 1.000000000000000000 ) ) ;
#2866 = EDGE_CURVE ( 'NONE', #3401, #4525, #3906, .T. ) ;
#2867 = VERTEX_POINT ( 'NONE', #1140 ) ;
#2868 = VECTOR ( 'NONE', #311, 1000.000000000000000 ) ;
#2869 = ORIENTED_EDGE ( 'NONE', *, *, #1738, .T. ) ;
#2870 =( NAMED_UNIT ( * ) PLANE_ANGLE_UNIT ( ) SI_UNIT ( $, .RADIAN. ) );
#2871 = SURFACE_STYLE_USAGE ( .BOTH. , #3240 ) ;
#2872 = EDGE_LOOP ( 'NONE', ( #171, #1672, #4225, #2434 ) ) ;
#2873 = COLOUR_RGB ( '',0.8039215686274510109, 0.8039215686274510109, 0.8039215686274510109 ) ;
#2874 = DIRECTION ( 'NONE',  ( 0.000000000000000000, 0.000000000000000000, -1.000000000000000000 ) ) ;
#2875 = DIRECTION ( 'NONE',  ( -1.000000000000000000, 3.038779738999316822E-16, 2.891205793294679411E-15 ) ) ;
#2876 = DIRECTION ( 'NONE',  ( 0.000000000000000000, -0.1045284632676537068, -0.9945218953682734009 ) ) ;
#2877 = AXIS2_PLACEMENT_3D ( 'NONE', #4061, #2029, #97 ) ;
#2878 = CIRCLE ( 'NONE', #5203, 0.07500000000000002498 ) ;
#2879 = DIRECTION ( 'NONE',  ( 1.000000000000000000, 0.000000000000000000, 0.000000000000000000 ) ) ;
#2880 = VERTEX_POINT ( 'NONE', #3939 ) ;
#2881 = SURFACE_SIDE_STYLE ('',( #76 ) ) ;
#2882 =( GEOMETRIC_REPRESENTATION_CONTEXT ( 3 ) GLOBAL_UNCERTAINTY_ASSIGNED_CONTEXT ( ( #125 ) ) GLOBAL_UNIT_ASSIGNED_CONTEXT ( ( #1324, #5073, #2533 ) ) REPRESENTATION_CONTEXT ( 'NONE', 'WORKASPACE' ) );
#2883 = PRESENTATION_STYLE_ASSIGNMENT (( #2423 ) ) ;
#2884 = EDGE_CURVE ( 'NONE', #4060, #4014, #5183, .T. ) ;
#2885 = EDGE_CURVE ( 'NONE', #4698, #2180, #1903, .T. ) ;
#2886 = COLOUR_RGB ( '',0.8039215686274510109, 0.8039215686274510109, 0.8039215686274510109 ) ;
#2887 = CARTESIAN_POINT ( 'NONE',  ( -1.170000000000000373, -1.159999999999999476, -0.2295753528268036636 ) ) ;
#2888 = DIRECTION ( 'NONE',  ( 0.000000000000000000, 0.000000000000000000, 1.000000000000000000 ) ) ;
#2889 = CARTESIAN_POINT ( 'NONE',  ( 0.7299999999999995381, 0.7999999999999998224, 0.08000000000000000167 ) ) ;
#2890 = CARTESIAN_POINT ( 'NONE',  ( -1.263581129629361754, -0.5335811296293614392, 0.4399999999999999467 ) ) ;
#2891 = CARTESIAN_POINT ( 'NONE',  ( -1.449998880753508468, -0.7254097386008874215, 0.08001064891903693355 ) ) ;
#2892 = COLOUR_RGB ( '',0.8039215686274510109, 0.8039215686274510109, 0.8039215686274510109 ) ;
#2893 = CARTESIAN_POINT ( 'NONE',  ( 1.449999999999999734, -0.7999999999999998224, 0.08000000000000000167 ) ) ;
#2894 =( LENGTH_UNIT ( ) NAMED_UNIT ( * ) SI_UNIT ( .MILLI., .METRE. ) );
#2895 = VECTOR ( 'NONE', #4745, 1000.000000000000114 ) ;
#2896 = PRESENTATION_LAYER_ASSIGNMENT (  '', '', ( #4273 ) ) ;
#2897 = ORIENTED_EDGE ( 'NONE', *, *, #1232, .F. ) ;
#2898 = SURFACE_SIDE_STYLE ('',( #5275 ) ) ;
#2899 = SURFACE_SIDE_STYLE ('',( #861 ) ) ;
#2900 = EDGE_CURVE ( 'NONE', #334, #1153, #4516, .T. ) ;
#2901 = LINE ( 'NONE', #4545, #991 ) ;
#2902 = EDGE_LOOP ( 'NONE', ( #2179, #1076, #2297, #1105 ) ) ;
#2903 = ORIENTED_EDGE ( 'NONE', *, *, #3469, .F. ) ;
#2904 = EDGE_LOOP ( 'NONE', ( #120, #1949, #2654, #1807 ) ) ;
#2905 = CARTESIAN_POINT ( 'NONE',  ( -0.2200000000000004730, 0.9999999999999995559, -0.1799999999999999378 ) ) ;
#2906 = DIRECTION ( 'NONE',  ( 0.000000000000000000, -8.470329472543025577E-17, 1.000000000000000000 ) ) ;
#2907 = DIRECTION ( 'NONE',  ( 0.000000000000000000, 0.000000000000000000, 1.000000000000000000 ) ) ;
#2908 = COLOUR_RGB ( '',0.8039215686274510109, 0.8039215686274510109, 0.8039215686274510109 ) ;
#2909 = COLOUR_RGB ( '',0.8039215686274510109, 0.8039215686274510109, 0.8039215686274510109 ) ;
#2910 = SURFACE_SIDE_STYLE ('',( #1316 ) ) ;
#2911 = DIRECTION ( 'NONE',  ( 0.000000000000000000, 4.109696271182928860E-15, 1.000000000000000000 ) ) ;
#2912 = ORIENTED_EDGE ( 'NONE', *, *, #3731, .F. ) ;
#2913 = CARTESIAN_POINT ( 'NONE',  ( 1.418170271781981739, -0.6935811296293614703, 0.3828396347450740422 ) ) ;
#2914 = CARTESIAN_POINT ( 'NONE',  ( 1.375409738600887666, -0.7999988807535080015, -0.08001064891903698906 ) ) ;
#2915 = DIRECTION ( 'NONE',  ( -1.000000000000000000, -0.000000000000000000, -0.000000000000000000 ) ) ;
#2916 = EDGE_CURVE ( 'NONE', #5281, #616, #4809, .T. ) ;
#2917 = SURFACE_SIDE_STYLE ('',( #1351 ) ) ;
#2918 = DIRECTION ( 'NONE',  ( 0.000000000000000000, 0.000000000000000000, -1.000000000000000000 ) ) ;
#2919 =( GEOMETRIC_REPRESENTATION_CONTEXT ( 3 ) GLOBAL_UNCERTAINTY_ASSIGNED_CONTEXT ( ( #1888 ) ) GLOBAL_UNIT_ASSIGNED_CONTEXT ( ( #495, #1640, #3352 ) ) REPRESENTATION_CONTEXT ( 'NONE', 'WORKASPACE' ) );
#2920 = AXIS2_PLACEMENT_3D ( 'NONE', #5096, #1428, #1183 ) ;
#2921 = DIRECTION ( 'NONE',  ( 0.000000000000000000, -0.06975647374412440038, -0.9975640502598243087 ) ) ;
#2922 = EDGE_CURVE ( 'NONE', #2253, #5223, #1508, .T. ) ;
#2923 = VERTEX_POINT ( 'NONE', #350 ) ;
#2924 = PRESENTATION_STYLE_ASSIGNMENT (( #4873 ) ) ;
#2925 = STYLED_ITEM ( 'NONE', ( #517 ), #3751 ) ;
#2926 = ORIENTED_EDGE ( 'NONE', *, *, #722, .F. ) ;
#2927 = PRESENTATION_LAYER_ASSIGNMENT (  '', '', ( #4830 ) ) ;
#2928 = ORIENTED_EDGE ( 'NONE', *, *, #4804, .F. ) ;
#2929 = UNCERTAINTY_MEASURE_WITH_UNIT (LENGTH_MEASURE( 1.000000000000000082E-05 ), #597, 'distance_accuracy_value', 'NONE');
#2930 = ORIENTED_EDGE ( 'NONE', *, *, #2075, .F. ) ;
#2931 = SURFACE_SIDE_STYLE ('',( #3322 ) ) ;
#2932 = UNCERTAINTY_MEASURE_WITH_UNIT (LENGTH_MEASURE( 1.000000000000000082E-05 ), #3700, 'distance_accuracy_value', 'NONE');
#2933 = ORIENTED_EDGE ( 'NONE', *, *, #691, .T. ) ;
#2934 = DIRECTION ( 'NONE',  ( 1.000000000000000000, 0.000000000000000000, -0.000000000000000000 ) ) ;
#2935 = CARTESIAN_POINT ( 'NONE',  ( -1.343581129629361604, -0.6935811296293614703, -0.3750000000000000000 ) ) ;
#2936 = CIRCLE ( 'NONE', #3449, 0.09999999999999993616 ) ;
#2937 = CARTESIAN_POINT ( 'NONE',  ( -0.7300000000000004263, 0.9999999999999995559, -0.1799999999999999378 ) ) ;
#2938 =( NAMED_UNIT ( * ) PLANE_ANGLE_UNIT ( ) SI_UNIT ( $, .RADIAN. ) );
#2939 = CIRCLE ( 'NONE', #3879, 0.09999999999999985290 ) ;
#2940 = DIRECTION ( 'NONE',  ( 0.000000000000000000, 0.9975640502598243087, 0.06975647374412440038 ) ) ;
#2941 = FACE_OUTER_BOUND ( 'NONE', #1840, .T. ) ;
#2942 = ADVANCED_FACE ( 'NONE', ( #1093 ), #296, .T. ) ;
#2943 = FACE_OUTER_BOUND ( 'NONE', #2982, .T. ) ;
#2944 = CYLINDRICAL_SURFACE ( 'NONE', #1087, 0.09999999999999985290 ) ;
#2945 = AXIS2_PLACEMENT_3D ( 'NONE', #2700, #4855, #4807 ) ;
#2946 = ORIENTED_EDGE ( 'NONE', *, *, #2885, .T. ) ;
#2947 = LINE ( 'NONE', #837, #1345 ) ;
#2948 = FILL_AREA_STYLE_COLOUR ( '', #2407 ) ;
#2949 = ADVANCED_FACE ( 'NONE', ( #3049 ), #3527, .F. ) ;
#2950 = ORIENTED_EDGE ( 'NONE', *, *, #4064, .F. ) ;
#2951 = ORIENTED_EDGE ( 'NONE', *, *, #601, .T. ) ;
#2952 = ORIENTED_EDGE ( 'NONE', *, *, #1203, .T. ) ;
#2953 = PRESENTATION_LAYER_ASSIGNMENT (  '', '', ( #1595 ) ) ;
#2954 = DIRECTION ( 'NONE',  ( 0.000000000000000000, -0.06975647374412440038, -0.9975640502598243087 ) ) ;
#2955 =( NAMED_UNIT ( * ) PLANE_ANGLE_UNIT ( ) SI_UNIT ( $, .RADIAN. ) );
#2956 = AXIS2_PLACEMENT_3D ( 'NONE', #4512, #2457, #507 ) ;
#2957 = CARTESIAN_POINT ( 'NONE',  ( -0.2200000000000004730, -0.9999999999999995559, -0.1799999999999999378 ) ) ;
#2958 = UNCERTAINTY_MEASURE_WITH_UNIT (LENGTH_MEASURE( 1.000000000000000082E-05 ), #2073, 'distance_accuracy_value', 'NONE');
#2959 = EDGE_LOOP ( 'NONE', ( #5111, #4301, #3794, #800 ) ) ;
#2960 = PRESENTATION_STYLE_ASSIGNMENT (( #979 ) ) ;
#2961 = DIRECTION ( 'NONE',  ( 1.000000000000000000, 0.000000000000000000, 0.000000000000000000 ) ) ;
#2962 = CIRCLE ( 'NONE', #3996, 0.07499999999999998335 ) ;
#2963 = EDGE_CURVE ( 'NONE', #47, #1645, #2097, .T. ) ;
#2964 = EDGE_LOOP ( 'NONE', ( #5003, #2343, #4243, #75, #4965, #4823, #3210, #2108, #442, #206, #3070, #4941 ) ) ;
#2965 = LINE ( 'NONE', #2164, #1498 ) ;
#2966 = CARTESIAN_POINT ( 'NONE',  ( 1.169999999999999707, -0.7999999999999998224, 0.08000000000000000167 ) ) ;
#2967 = UNCERTAINTY_MEASURE_WITH_UNIT (LENGTH_MEASURE( 1.000000000000000082E-05 ), #440, 'distance_accuracy_value', 'NONE');
#2968 = PRESENTATION_STYLE_ASSIGNMENT (( #4263 ) ) ;
#2969 = VECTOR ( 'NONE', #2442, 1000.000000000000000 ) ;
#2970 = CARTESIAN_POINT ( 'NONE',  ( 0.7299999999999995381, -0.9599999999999994094, 0.07999999999999998779 ) ) ;
#2971 = MECHANICAL_DESIGN_GEOMETRIC_PRESENTATION_REPRESENTATION (  '', ( #1362 ), #1447 ) ;
#2972 = DIRECTION ( 'NONE',  ( 0.000000000000000000, 1.000000000000000000, -4.109696271182928860E-15 ) ) ;
#2973 = DIRECTION ( 'NONE',  ( 0.000000000000000000, 1.000000000000000000, 0.000000000000000000 ) ) ;
#2974 = CARTESIAN_POINT ( 'NONE',  ( -1.170000000000000373, 0.7999999999999998224, -0.08000000000000000167 ) ) ;
#2975 = UNCERTAINTY_MEASURE_WITH_UNIT (LENGTH_MEASURE( 1.000000000000000082E-05 ), #3272, 'distance_accuracy_value', 'NONE');
#2976 = ORIENTED_EDGE ( 'NONE', *, *, #2986, .F. ) ;
#2977 = LINE ( 'NONE', #1357, #2354 ) ;
#2978 = COLOUR_RGB ( '',0.8039215686274510109, 0.8039215686274510109, 0.8039215686274510109 ) ;
#2979 = DIRECTION ( 'NONE',  ( 1.000000000000000000, 0.000000000000000000, 0.000000000000000000 ) ) ;
#2980 = COLOUR_RGB ( '',0.8039215686274510109, 0.8039215686274510109, 0.8039215686274510109 ) ;
#2981 = PRESENTATION_LAYER_ASSIGNMENT (  '', '', ( #2639 ) ) ;
#2982 = EDGE_LOOP ( 'NONE', ( #4567, #3533 ) ) ;
#2983 = ORIENTED_EDGE ( 'NONE', *, *, #1649, .T. ) ;
#2984 = ORIENTED_EDGE ( 'NONE', *, *, #2985, .T. ) ;
#2985 = EDGE_CURVE ( 'NONE', #5281, #3162, #4850, .T. ) ;
#2986 = EDGE_CURVE ( 'NONE', #1218, #1303, #3549, .T. ) ;
#2987 = DIRECTION ( 'NONE',  ( 1.000000000000000000, 0.000000000000000000, 0.000000000000000000 ) ) ;
#2988 = FACE_OUTER_BOUND ( 'NONE', #1412, .T. ) ;
#2989 = STYLED_ITEM ( 'NONE', ( #4543 ), #2413 ) ;
#2990 = DIRECTION ( 'NONE',  ( 0.000000000000000000, 0.000000000000000000, -1.000000000000000000 ) ) ;
#2991 = VERTEX_POINT ( 'NONE', #2811 ) ;
#2992 = PLANE ( 'NONE',  #4083 ) ;
#2993 = DIRECTION ( 'NONE',  ( 0.000000000000000000, 0.000000000000000000, -1.000000000000000000 ) ) ;
#2994 =( GEOMETRIC_REPRESENTATION_CONTEXT ( 3 ) GLOBAL_UNCERTAINTY_ASSIGNED_CONTEXT ( ( #3756 ) ) GLOBAL_UNIT_ASSIGNED_CONTEXT ( ( #4652, #4318, #3419 ) ) REPRESENTATION_CONTEXT ( 'NONE', 'WORKASPACE' ) );
#2995 = ORIENTED_EDGE ( 'NONE', *, *, #2316, .F. ) ;
#2996 =( LENGTH_UNIT ( ) NAMED_UNIT ( * ) SI_UNIT ( .MILLI., .METRE. ) );
#2997 = CARTESIAN_POINT ( 'NONE',  ( -1.450000000000000178, 0.8000000000000002665, 0.08000000000000000167 ) ) ;
#2998 = DIRECTION ( 'NONE',  ( 0.000000000000000000, 0.000000000000000000, -1.000000000000000000 ) ) ;
#2999 = DIRECTION ( 'NONE',  ( 0.000000000000000000, 0.000000000000000000, 1.000000000000000000 ) ) ;
#3000 =( NAMED_UNIT ( * ) SI_UNIT ( $, .STERADIAN. ) SOLID_ANGLE_UNIT ( ) );
#3001 =( LENGTH_UNIT ( ) NAMED_UNIT ( * ) SI_UNIT ( .MILLI., .METRE. ) );
#3002 = CARTESIAN_POINT ( 'NONE',  ( -0.7300000000000004263, -0.9599999999999994094, 0.07999999999999998779 ) ) ;
#3003 = ORIENTED_EDGE ( 'NONE', *, *, #1976, .T. ) ;
#3004 = SPHERICAL_SURFACE ( 'NONE', #4719, 0.07499999999999999722 ) ;
#3005 = VECTOR ( 'NONE', #3245, 1000.000000000000000 ) ;
#3006 = ORIENTED_EDGE ( 'NONE', *, *, #301, .T. ) ;
#3007 = ORIENTED_EDGE ( 'NONE', *, *, #4565, .T. ) ;
#3008 = ORIENTED_EDGE ( 'NONE', *, *, #3860, .F. ) ;
#3009 = VECTOR ( 'NONE', #4948, 1000.000000000000000 ) ;
#3010 = LINE ( 'NONE', #4304, #932 ) ;
#3011 = CARTESIAN_POINT ( 'NONE',  ( 1.169999999999999707, 1.399999999999999911, -0.5000000000000000000 ) ) ;
#3012 = SURFACE_SIDE_STYLE ('',( #3037 ) ) ;
#3013 = CARTESIAN_POINT ( 'NONE',  ( -1.418170271781982184, -0.6935811296293613593, 0.3828396347450740422 ) ) ;
#3014 = VECTOR ( 'NONE', #2204, 1000.000000000000000 ) ;
#3015 = EDGE_CURVE ( 'NONE', #888, #4979, #1265, .T. ) ;
#3016 = CARTESIAN_POINT ( 'NONE',  ( 1.375273160256224259, 0.7999996269169085128, 0.08000354964850761585 ) ) ;
#3017 = ORIENTED_EDGE ( 'NONE', *, *, #927, .F. ) ;
#3018 = DIRECTION ( 'NONE',  ( 0.000000000000000000, 0.000000000000000000, 1.000000000000000000 ) ) ;
#3019 = CARTESIAN_POINT ( 'NONE',  ( 0.7299999999999995381, -1.253024352625586868, -0.3293317578527861222 ) ) ;
#3020 = ADVANCED_FACE ( 'NONE', ( #3602 ), #3626, .F. ) ;
#3021 = EDGE_LOOP ( 'NONE', ( #3901, #3422, #3399, #1759 ) ) ;
#3022 = CARTESIAN_POINT ( 'NONE',  ( -1.343581129629361604, -0.6935811296293615813, 0.3750000000000000000 ) ) ;
#3023 = FACE_OUTER_BOUND ( 'NONE', #3857, .T. ) ;
#3024 = CARTESIAN_POINT ( 'NONE',  ( 1.343581129629361159, 0.6935811296293619144, -0.3750000000000000000 ) ) ;
#3025 =( NAMED_UNIT ( * ) SI_UNIT ( $, .STERADIAN. ) SOLID_ANGLE_UNIT ( ) );
#3026 = CARTESIAN_POINT ( 'NONE',  ( -0.2200000000000004730, 0.8999999999999999112, -0.08000000000000000167 ) ) ;
#3027 = VECTOR ( 'NONE', #2888, 1000.000000000000000 ) ;
#3028 = DIRECTION ( 'NONE',  ( 0.000000000000000000, 0.000000000000000000, 1.000000000000000000 ) ) ;
#3029 = ORIENTED_EDGE ( 'NONE', *, *, #4804, .T. ) ;
#3030 = LINE ( 'NONE', #4186, #2381 ) ;
#3031 = SURFACE_STYLE_FILL_AREA ( #4058 ) ;
#3032 = EDGE_CURVE ( 'NONE', #2580, #1834, #2629, .T. ) ;
#3033 = ORIENTED_EDGE ( 'NONE', *, *, #5056, .F. ) ;
#3034 = EDGE_LOOP ( 'NONE', ( #4366, #3340, #3666, #5004 ) ) ;
#3035 = DIRECTION ( 'NONE',  ( 0.000000000000000000, 0.000000000000000000, -1.000000000000000000 ) ) ;
#3036 = MECHANICAL_DESIGN_GEOMETRIC_PRESENTATION_REPRESENTATION (  '', ( #578 ), #3792 ) ;
#3037 = SURFACE_STYLE_FILL_AREA ( #2575 ) ;
#3038 = SURFACE_STYLE_USAGE ( .BOTH. , #4307 ) ;
#3039 =( NAMED_UNIT ( * ) SI_UNIT ( $, .STERADIAN. ) SOLID_ANGLE_UNIT ( ) );
#3040 = ORIENTED_EDGE ( 'NONE', *, *, #2004, .T. ) ;
#3041 =( GEOMETRIC_REPRESENTATION_CONTEXT ( 3 ) GLOBAL_UNCERTAINTY_ASSIGNED_CONTEXT ( ( #572 ) ) GLOBAL_UNIT_ASSIGNED_CONTEXT ( ( #1570, #5276, #3187 ) ) REPRESENTATION_CONTEXT ( 'NONE', 'WORKASPACE' ) );
#3042 = CARTESIAN_POINT ( 'NONE',  ( 1.449760935694445863, 0.7689633922518407383, 0.08227454493103762700 ) ) ;
#3043 = CARTESIAN_POINT ( 'NONE',  ( 1.169999999999999707, 1.399999999999999689, -0.3396092963070124204 ) ) ;
#3044 = PRESENTATION_LAYER_ASSIGNMENT (  '', '', ( #2611 ) ) ;
#3045 = ORIENTED_EDGE ( 'NONE', *, *, #2546, .T. ) ;
#3046 = CARTESIAN_POINT ( 'NONE',  ( -1.170000000000000373, -0.8999999999999999112, -0.08000000000000000167 ) ) ;
#3047 = ADVANCED_FACE ( 'NONE', ( #1610 ), #50, .F. ) ;
#3048 = EDGE_CURVE ( 'NONE', #303, #2406, #1168, .T. ) ;
#3049 = FACE_OUTER_BOUND ( 'NONE', #2258, .T. ) ;
#3050 = CARTESIAN_POINT ( 'NONE',  ( 0.7299999999999995381, 1.159999999999999476, -0.2295753528268036636 ) ) ;
#3051 = VECTOR ( 'NONE', #4455, 1000.000000000000000 ) ;
#3052 = CARTESIAN_POINT ( 'NONE',  ( -1.375000000000000222, -0.7999999999999998224, 0.08000000000000000167 ) ) ;
#3053 = CARTESIAN_POINT ( 'NONE',  ( 1.375409738600887666, -0.7999988807535080015, 0.08001064891903693355 ) ) ;
#3054 =( NAMED_UNIT ( * ) SI_UNIT ( $, .STERADIAN. ) SOLID_ANGLE_UNIT ( ) );
#3055 = ORIENTED_EDGE ( 'NONE', *, *, #3709, .F. ) ;
#3056 = AXIS2_PLACEMENT_3D ( 'NONE', #2473, #4836, #1192 ) ;
#3057 = CARTESIAN_POINT ( 'NONE',  ( 0.2199999999999996125, -1.199999999999999956, -0.2855262579950635371 ) ) ;
#3058 = LINE ( 'NONE', #676, #3584 ) ;
#3059 = AXIS2_PLACEMENT_3D ( 'NONE', #2788, #4000, #354 ) ;
#3060 = ORIENTED_EDGE ( 'NONE', *, *, #195, .T. ) ;
#3061 = VERTEX_POINT ( 'NONE', #2373 ) ;
#3062 = SURFACE_STYLE_USAGE ( .BOTH. , #2235 ) ;
#3063 = CARTESIAN_POINT ( 'NONE',  ( -1.343581129629361604, 0.6935811296293619144, 0.3750000000000000000 ) ) ;
#3064 = CIRCLE ( 'NONE', #2543, 0.09999999999999985290 ) ;
#3065 = CARTESIAN_POINT ( 'NONE',  ( -1.170000000000000373, 1.186048705251175006, -0.4850390680470285654 ) ) ;
#3066 = ORIENTED_EDGE ( 'NONE', *, *, #105, .F. ) ;
#3067 = FILL_AREA_STYLE ('',( #1793 ) ) ;
#3068 = SURFACE_STYLE_USAGE ( .BOTH. , #5146 ) ;
#3069 = CARTESIAN_POINT ( 'NONE',  ( -1.170000000000000373, 1.259999999999999343, -0.2295753528268036636 ) ) ;
#3070 = ORIENTED_EDGE ( 'NONE', *, *, #136, .T. ) ;
#3071 = CARTESIAN_POINT ( 'NONE',  ( -0.7300000000000004263, 1.186048705251175006, -0.4850390680470285654 ) ) ;
#3072 = PLANE ( 'NONE',  #838 ) ;
#3073 = DIRECTION ( 'NONE',  ( 0.000000000000000000, 0.000000000000000000, -1.000000000000000000 ) ) ;
#3074 = DIRECTION ( 'NONE',  ( 1.000000000000000000, 0.000000000000000000, 0.000000000000000000 ) ) ;
#3075 = SURFACE_SIDE_STYLE ('',( #1603 ) ) ;
#3076 = CIRCLE ( 'NONE', #4410, 0.09999999999999985290 ) ;
#3077 =( NAMED_UNIT ( * ) PLANE_ANGLE_UNIT ( ) SI_UNIT ( $, .RADIAN. ) );
#3078 = EDGE_CURVE ( 'NONE', #2718, #3762, #372, .T. ) ;
#3079 = EDGE_CURVE ( 'NONE', #1303, #2587, #858, .T. ) ;
#3080 = DIRECTION ( 'NONE',  ( 0.000000000000000000, -4.109696271182928860E-15, 1.000000000000000000 ) ) ;
#3081 = LINE ( 'NONE', #3531, #4843 ) ;
#3082 = ORIENTED_EDGE ( 'NONE', *, *, #1473, .F. ) ;
#3083 = PRESENTATION_STYLE_ASSIGNMENT (( #4353 ) ) ;
#3084 = DIRECTION ( 'NONE',  ( -1.000000000000000000, 0.000000000000000000, 0.000000000000000000 ) ) ;
#3085 = EDGE_CURVE ( 'NONE', #4848, #3364, #4557, .T. ) ;
#3086 = SURFACE_STYLE_FILL_AREA ( #3920 ) ;
#3087 = VERTEX_POINT ( 'NONE', #2913 ) ;
#3088 = VERTEX_POINT ( 'NONE', #900 ) ;
#3089 = ORIENTED_EDGE ( 'NONE', *, *, #4234, .T. ) ;
#3090 = SURFACE_SIDE_STYLE ('',( #4281 ) ) ;
#3091 = DIRECTION ( 'NONE',  ( 1.000000000000000000, 1.445602896647339508E-15, 0.000000000000000000 ) ) ;
#3092 = ORIENTED_EDGE ( 'NONE', *, *, #4070, .F. ) ;
#3093 = CARTESIAN_POINT ( 'NONE',  ( 0.7299999999999995381, 0.7999999999999998224, 0.08000000000000000167 ) ) ;
#3094 = CARTESIAN_POINT ( 'NONE',  ( -1.170000000000000373, 0.7999999999999998224, 0.08000000000000000167 ) ) ;
#3095 = PRESENTATION_LAYER_ASSIGNMENT (  '', '', ( #139 ) ) ;
#3096 = CARTESIAN_POINT ( 'NONE',  ( -1.449998880753508468, -0.7254097386008874215, 0.08001064891903693355 ) ) ;
#3097 = DIRECTION ( 'NONE',  ( 0.000000000000000000, 0.000000000000000000, -1.000000000000000000 ) ) ;
#3098 = CARTESIAN_POINT ( 'NONE',  ( -0.2200000000000004730, -1.186048705251175006, -0.4850390680470285654 ) ) ;
#3099 =( NAMED_UNIT ( * ) SI_UNIT ( $, .STERADIAN. ) SOLID_ANGLE_UNIT ( ) );
#3100 = CARTESIAN_POINT ( 'NONE',  ( -1.449998880753508468, 0.7254097386008878656, -0.08001064891903697518 ) ) ;
#3101 = EDGE_LOOP ( 'NONE', ( #1722, #3912, #1622, #2096 ) ) ;
#3102 = FILL_AREA_STYLE_COLOUR ( '', #1045 ) ;
#3103 = UNCERTAINTY_MEASURE_WITH_UNIT (LENGTH_MEASURE( 1.000000000000000082E-05 ), #3975, 'distance_accuracy_value', 'NONE');
#3104 = ADVANCED_FACE ( 'NONE', ( #467 ), #2084, .T. ) ;
#3105 = AXIS2_PLACEMENT_3D ( 'NONE', #1063, #3874, #1879 ) ;
#3106 = CARTESIAN_POINT ( 'NONE',  ( -1.170000000000000373, 0.9999999999999995559, -0.1799999999999999378 ) ) ;
#3107 = ORIENTED_EDGE ( 'NONE', *, *, #2823, .T. ) ;
#3108 = ORIENTED_EDGE ( 'NONE', *, *, #3660, .F. ) ;
#3109 = STYLED_ITEM ( 'NONE', ( #3334 ), #1633 ) ;
#3110 = CARTESIAN_POINT ( 'NONE',  ( -1.344873511907027641, 0.6948735119070279520, -0.3627038039961061333 ) ) ;
#3111 = CARTESIAN_POINT ( 'NONE',  ( -0.2200000000000004730, -0.8999999999999999112, -0.08000000000000000167 ) ) ;
#3112 = ADVANCED_FACE ( 'NONE', ( #645 ), #5162, .T. ) ;
#3113 =( LENGTH_UNIT ( ) NAMED_UNIT ( * ) SI_UNIT ( .MILLI., .METRE. ) );
#3114 = CARTESIAN_POINT ( 'NONE',  ( 1.375136580382890994, 0.8000000000000002665, 0.07999999999999990452 ) ) ;
#3115 = VERTEX_POINT ( 'NONE', #2764 ) ;
#3116 = VECTOR ( 'NONE', #2272, 1000.000000000000000 ) ;
#3117 = ORIENTED_EDGE ( 'NONE', *, *, #4702, .F. ) ;
#3118 = SURFACE_STYLE_USAGE ( .BOTH. , #5177 ) ;
#3119 =( NAMED_UNIT ( * ) SI_UNIT ( $, .STERADIAN. ) SOLID_ANGLE_UNIT ( ) );
#3120 = LINE ( 'NONE', #3147, #5224 ) ;
#3121 = EDGE_CURVE ( 'NONE', #1104, #4848, #2368, .T. ) ;
#3122 = DIRECTION ( 'NONE',  ( 1.000000000000000000, 0.000000000000000000, 0.000000000000000000 ) ) ;
#3123 = STYLED_ITEM ( 'NONE', ( #3863 ), #4590 ) ;
#3124 = CARTESIAN_POINT ( 'NONE',  ( 0.000000000000000000, 0.6935811296293619144, 0.3750000000000000000 ) ) ;
#3125 = FACE_OUTER_BOUND ( 'NONE', #430, .T. ) ;
#3126 = DIRECTION ( 'NONE',  ( 0.000000000000000000, 0.000000000000000000, -1.000000000000000000 ) ) ;
#3127 = FACE_OUTER_BOUND ( 'NONE', #1021, .T. ) ;
#3128 =( GEOMETRIC_REPRESENTATION_CONTEXT ( 3 ) GLOBAL_UNCERTAINTY_ASSIGNED_CONTEXT ( ( #4195 ) ) GLOBAL_UNIT_ASSIGNED_CONTEXT ( ( #2191, #2610, #1058 ) ) REPRESENTATION_CONTEXT ( 'NONE', 'WORKASPACE' ) );
#3129 = EDGE_LOOP ( 'NONE', ( #4163, #3798, #2912, #4769 ) ) ;
#3130 =( NAMED_UNIT ( * ) PLANE_ANGLE_UNIT ( ) SI_UNIT ( $, .RADIAN. ) );
#3131 =( GEOMETRIC_REPRESENTATION_CONTEXT ( 3 ) GLOBAL_UNCERTAINTY_ASSIGNED_CONTEXT ( ( #2929 ) ) GLOBAL_UNIT_ASSIGNED_CONTEXT ( ( #597, #972, #2602 ) ) REPRESENTATION_CONTEXT ( 'NONE', 'WORKASPACE' ) );
#3132 = ORIENTED_EDGE ( 'NONE', *, *, #1712, .T. ) ;
#3133 = ORIENTED_EDGE ( 'NONE', *, *, #360, .F. ) ;
#3134 = LINE ( 'NONE', #3924, #2895 ) ;
#3135 = DIRECTION ( 'NONE',  ( 1.000000000000000000, 0.000000000000000000, 0.000000000000000000 ) ) ;
#3136 = VECTOR ( 'NONE', #1339, 1000.000000000000114 ) ;
#3137 = ADVANCED_FACE ( 'NONE', ( #2282 ), #730, .T. ) ;
#3138 = ADVANCED_FACE ( 'NONE', ( #2333 ), #3970, .F. ) ;
#3139 = VERTEX_POINT ( 'NONE', #780 ) ;
#3140 = MECHANICAL_DESIGN_GEOMETRIC_PRESENTATION_REPRESENTATION (  '', ( #3391 ), #5123 ) ;
#3141 = PLANE ( 'NONE',  #891 ) ;
#3142 = VECTOR ( 'NONE', #2879, 1000.000000000000000 ) ;
#3143 = VERTEX_POINT ( 'NONE', #3348 ) ;
#3144 = FILL_AREA_STYLE ('',( #3988 ) ) ;
#3145 = VECTOR ( 'NONE', #3424, 1000.000000000000000 ) ;
#3146 = DIRECTION ( 'NONE',  ( 2.891205793294679017E-15, 0.000000000000000000, -1.000000000000000000 ) ) ;
#3147 = CARTESIAN_POINT ( 'NONE',  ( -0.7300000000000004263, 0.7999999999999998224, -0.08000000000000000167 ) ) ;
#3148 = DIRECTION ( 'NONE',  ( 0.000000000000000000, 1.000000000000000000, 0.000000000000000000 ) ) ;
#3149 =( GEOMETRIC_REPRESENTATION_CONTEXT ( 3 ) GLOBAL_UNCERTAINTY_ASSIGNED_CONTEXT ( ( #3774 ) ) GLOBAL_UNIT_ASSIGNED_CONTEXT ( ( #1965, #1150, #3884 ) ) REPRESENTATION_CONTEXT ( 'NONE', 'WORKASPACE' ) );
#3150 = DIRECTION ( 'NONE',  ( 1.000000000000000000, 0.000000000000000000, 0.000000000000000000 ) ) ;
#3151 = FACE_OUTER_BOUND ( 'NONE', #3734, .T. ) ;
#3152 = EDGE_CURVE ( 'NONE', #538, #5223, #1223, .T. ) ;
#3153 = SURFACE_STYLE_FILL_AREA ( #1962 ) ;
#3154 = DIRECTION ( 'NONE',  ( 0.000000000000000000, -0.9975640502598243087, -0.06975647374412512203 ) ) ;
#3155 = PLANE ( 'NONE',  #1186 ) ;
#3156 = ORIENTED_EDGE ( 'NONE', *, *, #3342, .T. ) ;
#3157 =( LENGTH_UNIT ( ) NAMED_UNIT ( * ) SI_UNIT ( .MILLI., .METRE. ) );
#3158 = FILL_AREA_STYLE_COLOUR ( '', #367 ) ;
#3159 = STYLED_ITEM ( 'NONE', ( #1592 ), #100 ) ;
#3160 = CIRCLE ( 'NONE', #3241, 0.1999999999999998723 ) ;
#3161 = CARTESIAN_POINT ( 'NONE',  ( 1.169999999999999707, 0.7999999999999998224, -0.08000000000000000167 ) ) ;
#3162 = VERTEX_POINT ( 'NONE', #399 ) ;
#3163 = VERTEX_POINT ( 'NONE', #3630 ) ;
#3164 = CARTESIAN_POINT ( 'NONE',  ( 1.343581129629361159, 0.6935811296293619144, 0.3750000000000000000 ) ) ;
#3165 = CARTESIAN_POINT ( 'NONE',  ( -0.2200000000000004730, 0.8999999999999999112, -0.1800000000000000211 ) ) ;
#3166 = VERTEX_POINT ( 'NONE', #4482 ) ;
#3167 = EDGE_CURVE ( 'NONE', #3681, #3115, #422, .T. ) ;
#3168 = VECTOR ( 'NONE', #4975, 1000.000000000000000 ) ;
#3169 = VERTEX_POINT ( 'NONE', #2017 ) ;
#3170 = CARTESIAN_POINT ( 'NONE',  ( 0.000000000000000000, 0.000000000000000000, 0.4500000000000000111 ) ) ;
#3171 = CARTESIAN_POINT ( 'NONE',  ( -1.449999626916908646, 0.7252731602562250135, 0.08000354964850762973 ) ) ;
#3172 = SURFACE_STYLE_USAGE ( .BOTH. , #3248 ) ;
#3173 = VECTOR ( 'NONE', #1497, 1000.000000000000114 ) ;
#3174 = EDGE_CURVE ( 'NONE', #888, #2820, #1781, .T. ) ;
#3175 = CARTESIAN_POINT ( 'NONE',  ( -1.170000000000000373, -1.000000000000000000, -0.2855262579950638147 ) ) ;
#3176 =( GEOMETRIC_REPRESENTATION_CONTEXT ( 3 ) GLOBAL_UNCERTAINTY_ASSIGNED_CONTEXT ( ( #534 ) ) GLOBAL_UNIT_ASSIGNED_CONTEXT ( ( #995, #1859, #4187 ) ) REPRESENTATION_CONTEXT ( 'NONE', 'WORKASPACE' ) );
#3177 = CARTESIAN_POINT ( 'NONE',  ( -1.170000000000000373, -0.8999999999999999112, -0.08000000000000000167 ) ) ;
#3178 = DIRECTION ( 'NONE',  ( -1.000000000000000000, -0.000000000000000000, -0.000000000000000000 ) ) ;
#3179 = PRESENTATION_STYLE_ASSIGNMENT (( #3606 ) ) ;
#3180 = CARTESIAN_POINT ( 'NONE',  ( -1.183581129629361683, -0.5335811296293614392, 0.4399999999999999467 ) ) ;
#3181 =( NAMED_UNIT ( * ) SI_UNIT ( $, .STERADIAN. ) SOLID_ANGLE_UNIT ( ) );
#3182 = PLANE ( 'NONE',  #2222 ) ;
#3183 = ORIENTED_EDGE ( 'NONE', *, *, #360, .T. ) ;
#3184 = ORIENTED_EDGE ( 'NONE', *, *, #5138, .T. ) ;
#3185 =( BOUNDED_CURVE ( )  B_SPLINE_CURVE ( 3, ( #2348, #2326, #1169, #1196 ),
 .UNSPECIFIED., .F., .T. ) 
 B_SPLINE_CURVE_WITH_KNOTS ( ( 4, 4 ),
 ( 5.503250352303674653, 7.063120262055493370 ),
 .UNSPECIFIED. ) 
 CURVE ( )  GEOMETRIC_REPRESENTATION_ITEM ( )  RATIONAL_B_SPLINE_CURVE ( ( 1.000000000000000000, 0.8073061876036310425, 0.8073061876036310425, 1.000000000000000000 ) ) 
 REPRESENTATION_ITEM ( '' )  );
#3186 = PRESENTATION_STYLE_ASSIGNMENT (( #1569 ) ) ;
#3187 =( NAMED_UNIT ( * ) SI_UNIT ( $, .STERADIAN. ) SOLID_ANGLE_UNIT ( ) );
#3188 = ADVANCED_FACE ( 'NONE', ( #3205 ), #3230, .T. ) ;
#3189 = COLOUR_RGB ( '',0.8039215686274510109, 0.8039215686274510109, 0.8039215686274510109 ) ;
#3190 = ORIENTED_EDGE ( 'NONE', *, *, #3152, .T. ) ;
#3191 = CARTESIAN_POINT ( 'NONE',  ( 1.343581129629360937, -0.7681702717819820503, -0.3828396347450740422 ) ) ;
#3192 = PLANE ( 'NONE',  #2920 ) ;
#3193 = CLOSED_SHELL ( 'NONE', ( #5121, #4134, #633, #4834, #2463, #3659, #267, #3545, #4370, #1245, #814, #1554, #4775, #2942, #1944, #5085, #2518, #3112, #3986, #5120, #1015, #1258, #2495, #3233, #4985, #2011, #819, #2385, #4911, #295, #6, #1505, #2198, #4709, #4670, #3270, #3582, #847, #5034, #389, #3785, #214, #68, #2949, #1458 ) ) ;
#3194 = VERTEX_POINT ( 'NONE', #4173 ) ;
#3195 = COLOUR_RGB ( '',0.8039215686274510109, 0.8039215686274510109, 0.8039215686274510109 ) ;
#3196 = LINE ( 'NONE', #2345, #4097 ) ;
#3197 = ORIENTED_EDGE ( 'NONE', *, *, #652, .F. ) ;
#3198 = UNCERTAINTY_MEASURE_WITH_UNIT (LENGTH_MEASURE( 1.000000000000000082E-05 ), #165, 'distance_accuracy_value', 'NONE');
#3199 = DIRECTION ( 'NONE',  ( 0.000000000000000000, -0.9945218953682734009, -0.1045284632676537068 ) ) ;
#3200 = LINE ( 'NONE', #1663, #3398 ) ;
#3201 = VECTOR ( 'NONE', #1995, 1000.000000000000000 ) ;
#3202 = CIRCLE ( 'NONE', #1344, 0.09999999999999993616 ) ;
#3203 = EDGE_CURVE ( 'NONE', #3905, #4698, #523, .T. ) ;
#3204 = EDGE_CURVE ( 'NONE', #1226, #3837, #5125, .T. ) ;
#3205 = FACE_OUTER_BOUND ( 'NONE', #5104, .T. ) ;
#3206 = CARTESIAN_POINT ( 'NONE',  ( 1.375409738600887666, -0.7999988807535080015, -0.08001064891903698906 ) ) ;
#3207 = AXIS2_PLACEMENT_3D ( 'NONE', #1843, #2668, #2584 ) ;
#3208 = CARTESIAN_POINT ( 'NONE',  ( -0.2200000000000004730, 0.8999999999999999112, -0.08000000000000000167 ) ) ;
#3209 = CYLINDRICAL_SURFACE ( 'NONE', #4443, 0.07500000000000002498 ) ;
#3210 = ORIENTED_EDGE ( 'NONE', *, *, #1232, .T. ) ;
#3211 = ORIENTED_EDGE ( 'NONE', *, *, #376, .T. ) ;
#3212 = VECTOR ( 'NONE', #1234, 1000.000000000000114 ) ;
#3213 = FILL_AREA_STYLE_COLOUR ( '', #2734 ) ;
#3214 = CARTESIAN_POINT ( 'NONE',  ( -1.450000000000000178, 0.8000000000000002665, 0.08000000000000000167 ) ) ;
#3215 = CARTESIAN_POINT ( 'NONE',  ( -1.450000000000000178, -0.7249999999999998668, 0.08000000000000000167 ) ) ;
#3216 = AXIS2_PLACEMENT_3D ( 'NONE', #4236, #2562, #2618 ) ;
#3217 = EDGE_CURVE ( 'NONE', #2180, #1573, #1200, .T. ) ;
#3218 = ORIENTED_EDGE ( 'NONE', *, *, #5231, .F. ) ;
#3219 = SURFACE_SIDE_STYLE ('',( #2852 ) ) ;
#3220 = FACE_OUTER_BOUND ( 'NONE', #2002, .T. ) ;
#3221 = VECTOR ( 'NONE', #807, 1000.000000000000000 ) ;
#3222 = VERTEX_POINT ( 'NONE', #2814 ) ;
#3223 = CARTESIAN_POINT ( 'NONE',  ( -1.418963392251841205, -0.7997609356944457293, 0.08227454493103546207 ) ) ;
#3224 = CARTESIAN_POINT ( 'NONE',  ( 1.374999999999999334, 0.8000000000000002665, 0.08000000000000000167 ) ) ;
#3225 = EDGE_LOOP ( 'NONE', ( #1070, #4517, #3539, #2128 ) ) ;
#3226 = VECTOR ( 'NONE', #3080, 1000.000000000000000 ) ;
#3227 = SURFACE_STYLE_FILL_AREA ( #4912 ) ;
#3228 = DIRECTION ( 'NONE',  ( 1.000000000000000000, 0.000000000000000000, 0.000000000000000000 ) ) ;
#3229 = DIRECTION ( 'NONE',  ( 0.000000000000000000, 0.9975640502598243087, 0.06975647374412440038 ) ) ;
#3230 = CYLINDRICAL_SURFACE ( 'NONE', #3059, 0.2000000000000000389 ) ;
#3231 = VECTOR ( 'NONE', #3826, 1000.000000000000000 ) ;
#3232 = EDGE_CURVE ( 'NONE', #3166, #5173, #129, .T. ) ;
#3233 = ADVANCED_FACE ( 'NONE', ( #1963 ), #4694, .T. ) ;
#3234 = DIRECTION ( 'NONE',  ( 0.000000000000000000, 0.000000000000000000, -1.000000000000000000 ) ) ;
#3235 = SURFACE_STYLE_USAGE ( .BOTH. , #1667 ) ;
#3236 = EDGE_LOOP ( 'NONE', ( #1897, #662, #710, #835, #2693, #4042, #2265, #357, #1396, #4871, #1127, #483 ) ) ;
#3237 = ORIENTED_EDGE ( 'NONE', *, *, #3468, .T. ) ;
#3238 =( NAMED_UNIT ( * ) PLANE_ANGLE_UNIT ( ) SI_UNIT ( $, .RADIAN. ) );
#3239 = SURFACE_STYLE_FILL_AREA ( #1229 ) ;
#3240 = SURFACE_SIDE_STYLE ('',( #4488 ) ) ;
#3241 = AXIS2_PLACEMENT_3D ( 'NONE', #1559, #3603, #3097 ) ;
#3242 = EDGE_CURVE ( 'NONE', #537, #3928, #4536, .T. ) ;
#3243 = ORIENTED_EDGE ( 'NONE', *, *, #5019, .T. ) ;
#3244 = CARTESIAN_POINT ( 'NONE',  ( 0.7299999999999995381, 1.399999999999999689, -0.3396092963070124204 ) ) ;
#3245 = DIRECTION ( 'NONE',  ( 0.000000000000000000, 0.000000000000000000, -1.000000000000000000 ) ) ;
#3246 = CARTESIAN_POINT ( 'NONE',  ( -1.183581129629361683, -0.5335811296293614392, 0.2137258300203045969 ) ) ;
#3247 = CARTESIAN_POINT ( 'NONE',  ( 0.000000000000000000, 0.6935811296293619144, -0.4500000000000000111 ) ) ;
#3248 = SURFACE_SIDE_STYLE ('',( #1957 ) ) ;
#3249 = ORIENTED_EDGE ( 'NONE', *, *, #4418, .F. ) ;
#3250 = AXIS2_PLACEMENT_3D ( 'NONE', #375, #3178, #4458 ) ;
#3251 = PRESENTATION_LAYER_ASSIGNMENT (  '', '', ( #981 ) ) ;
#3252 = EDGE_CURVE ( 'NONE', #303, #2135, #2120, .T. ) ;
#3253 = DIRECTION ( 'NONE',  ( 0.1039620511844979306, -0.1039620511844979306, -0.9891328443778538704 ) ) ;
#3254 = FILL_AREA_STYLE ('',( #4072 ) ) ;
#3255 = LINE ( 'NONE', #1714, #1252 ) ;
#3256 = LINE ( 'NONE', #1561, #747 ) ;
#3257 = COLOUR_RGB ( '',0.8039215686274510109, 0.8039215686274510109, 0.8039215686274510109 ) ;
#3258 = PLANE ( 'NONE',  #690 ) ;
#3259 = STYLED_ITEM ( 'NONE', ( #4900 ), #3974 ) ;
#3260 = DIRECTION ( 'NONE',  ( 0.000000000000000000, 1.000000000000000000, 0.000000000000000000 ) ) ;
#3261 = SURFACE_STYLE_FILL_AREA ( #2455 ) ;
#3262 = VERTEX_POINT ( 'NONE', #2240 ) ;
#3263 = ORIENTED_EDGE ( 'NONE', *, *, #1174, .T. ) ;
#3264 =( LENGTH_UNIT ( ) NAMED_UNIT ( * ) SI_UNIT ( .MILLI., .METRE. ) );
#3265 = SURFACE_STYLE_USAGE ( .BOTH. , #2899 ) ;
#3266 = CARTESIAN_POINT ( 'NONE',  ( 1.169999999999999707, -1.199999999999999956, -0.2855262579950635371 ) ) ;
#3267 = PRESENTATION_STYLE_ASSIGNMENT (( #458 ) ) ;
#3268 = EDGE_LOOP ( 'NONE', ( #1934, #650, #693, #4875, #4777, #3769 ) ) ;
#3269 = EDGE_CURVE ( 'NONE', #5066, #2483, #5065, .T. ) ;
#3270 = ADVANCED_FACE ( 'NONE', ( #2268 ), #1006, .T. ) ;
#3271 = FACE_OUTER_BOUND ( 'NONE', #2515, .T. ) ;
#3272 =( LENGTH_UNIT ( ) NAMED_UNIT ( * ) SI_UNIT ( .MILLI., .METRE. ) );
#3273 = FACE_OUTER_BOUND ( 'NONE', #978, .T. ) ;
#3274 = VECTOR ( 'NONE', #3471, 1000.000000000000000 ) ;
#3275 = CIRCLE ( 'NONE', #3691, 0.07499999999999998335 ) ;
#3276 = SURFACE_STYLE_USAGE ( .BOTH. , #102 ) ;
#3277 =( LENGTH_UNIT ( ) NAMED_UNIT ( * ) SI_UNIT ( .MILLI., .METRE. ) );
#3278 = ORIENTED_EDGE ( 'NONE', *, *, #832, .F. ) ;
#3279 = DIRECTION ( 'NONE',  ( -0.9945218953682732899, 0.000000000000000000, -0.1045284632676538178 ) ) ;
#3280 = FILL_AREA_STYLE ('',( #1219 ) ) ;
#3281 = CARTESIAN_POINT ( 'NONE',  ( 0.7299999999999995381, -0.8999999999999999112, -0.1800000000000000211 ) ) ;
#3282 =( LENGTH_UNIT ( ) NAMED_UNIT ( * ) SI_UNIT ( .MILLI., .METRE. ) );
#3283 = CARTESIAN_POINT ( 'NONE',  ( -0.2200000000000004730, -1.000000000000000000, -0.2855262579950638147 ) ) ;
#3284 = EDGE_CURVE ( 'NONE', #3704, #607, #518, .T. ) ;
#3285 = MECHANICAL_DESIGN_GEOMETRIC_PRESENTATION_REPRESENTATION (  '', ( #2347 ), #2864 ) ;
#3286 = CARTESIAN_POINT ( 'NONE',  ( 0.2199999999999996125, 1.159999999999999032, -0.1199999999999997735 ) ) ;
#3287 = PRESENTATION_STYLE_ASSIGNMENT (( #3235 ) ) ;
#3288 = CIRCLE ( 'NONE', #4854, 0.09999999999999985290 ) ;
#3289 = ORIENTED_EDGE ( 'NONE', *, *, #3332, .T. ) ;
#3290 = LINE ( 'NONE', #1278, #4338 ) ;
#3291 = LINE ( 'NONE', #913, #5171 ) ;
#3292 = ORIENTED_EDGE ( 'NONE', *, *, #162, .F. ) ;
#3293 = UNCERTAINTY_MEASURE_WITH_UNIT (LENGTH_MEASURE( 1.000000000000000082E-05 ), #4529, 'distance_accuracy_value', 'NONE');
#3294 = ORIENTED_EDGE ( 'NONE', *, *, #531, .F. ) ;
#3295 = SURFACE_SIDE_STYLE ('',( #516 ) ) ;
#3296 = CARTESIAN_POINT ( 'NONE',  ( -1.170000000000000373, 1.000000000000000000, -0.2855262579950638147 ) ) ;
#3297 = AXIS2_PLACEMENT_3D ( 'NONE', #3504, #1427, #2704 ) ;
#3298 = EDGE_CURVE ( 'NONE', #4419, #766, #2962, .T. ) ;
#3299 = ADVANCED_FACE ( 'NONE', ( #5033 ), #576, .T. ) ;
#3300 = CYLINDRICAL_SURFACE ( 'NONE', #4352, 0.2000000000000000389 ) ;
#3301 = CARTESIAN_POINT ( 'NONE',  ( -1.170000000000000373, -1.000000000000000000, -0.2855262579950638147 ) ) ;
#3302 = ORIENTED_EDGE ( 'NONE', *, *, #2866, .F. ) ;
#3303 = DIRECTION ( 'NONE',  ( 0.000000000000000000, 1.445602896647339508E-15, -1.000000000000000000 ) ) ;
#3304 = STYLED_ITEM ( 'NONE', ( #3658 ), #2658 ) ;
#3305 = SURFACE_SIDE_STYLE ('',( #1683 ) ) ;
#3306 = COLOUR_RGB ( '',0.8039215686274510109, 0.8039215686274510109, 0.8039215686274510109 ) ;
#3307 = PRESENTATION_STYLE_ASSIGNMENT (( #2141 ) ) ;
#3308 = LINE ( 'NONE', #3815, #1244 ) ;
#3309 = FACE_OUTER_BOUND ( 'NONE', #2516, .T. ) ;
#3310 = CARTESIAN_POINT ( 'NONE',  ( -1.170000000000000373, -1.199999999999999956, -0.2855262579950635371 ) ) ;
#3311 = MECHANICAL_DESIGN_GEOMETRIC_PRESENTATION_REPRESENTATION (  '', ( #4795 ), #2211 ) ;
#3312 = SURFACE_STYLE_USAGE ( .BOTH. , #4539 ) ;
#3313 = VECTOR ( 'NONE', #851, 1000.000000000000000 ) ;
#3314 = ORIENTED_EDGE ( 'NONE', *, *, #1777, .T. ) ;
#3315 = SURFACE_SIDE_STYLE ('',( #3239 ) ) ;
#3316 = CARTESIAN_POINT ( 'NONE',  ( -1.450806167510463984, 0.7262170253578437151, 0.07232982849429266115 ) ) ;
#3317 = VECTOR ( 'NONE', #1489, 1000.000000000000000 ) ;
#3318 = EDGE_LOOP ( 'NONE', ( #2228, #3770, #3378, #595 ) ) ;
#3319 = ORIENTED_EDGE ( 'NONE', *, *, #1778, .F. ) ;
#3320 = ORIENTED_EDGE ( 'NONE', *, *, #4929, .T. ) ;
#3321 = SURFACE_SIDE_STYLE ('',( #4116 ) ) ;
#3322 = SURFACE_STYLE_FILL_AREA ( #841 ) ;
#3323 =( LENGTH_UNIT ( ) NAMED_UNIT ( * ) SI_UNIT ( .MILLI., .METRE. ) );
#3324 = VERTEX_POINT ( 'NONE', #2667 ) ;
#3325 = DIRECTION ( 'NONE',  ( 1.000000000000000000, 0.000000000000000000, 0.000000000000000000 ) ) ;
#3326 = DIRECTION ( 'NONE',  ( 0.000000000000000000, 0.000000000000000000, -1.000000000000000000 ) ) ;
#3327 = EDGE_CURVE ( 'NONE', #4161, #3411, #2640, .T. ) ;
#3328 = CARTESIAN_POINT ( 'NONE',  ( 1.344873511907027197, -0.6948735119070275079, -0.3627038039961061333 ) ) ;
#3329 = CARTESIAN_POINT ( 'NONE',  ( -0.2200000000000004730, -1.399999999999999689, -0.3396092963070124204 ) ) ;
#3330 = DIRECTION ( 'NONE',  ( 0.000000000000000000, 4.109696271182928860E-15, 1.000000000000000000 ) ) ;
#3331 = CARTESIAN_POINT ( 'NONE',  ( -0.2200000000000004730, -1.159999999999999476, -0.2295753528268036636 ) ) ;
#3332 = EDGE_CURVE ( 'NONE', #822, #4789, #4725, .T. ) ;
#3333 = MECHANICAL_DESIGN_GEOMETRIC_PRESENTATION_REPRESENTATION (  '', ( #2752 ), #1064 ) ;
#3334 = PRESENTATION_STYLE_ASSIGNMENT (( #3421 ) ) ;
#3335 = UNCERTAINTY_MEASURE_WITH_UNIT (LENGTH_MEASURE( 1.000000000000000082E-05 ), #1115, 'distance_accuracy_value', 'NONE');
#3336 = ORIENTED_EDGE ( 'NONE', *, *, #1380, .T. ) ;
#3337 = DIRECTION ( 'NONE',  ( 0.000000000000000000, 0.000000000000000000, 1.000000000000000000 ) ) ;
#3338 = ORIENTED_EDGE ( 'NONE', *, *, #4465, .F. ) ;
#3339 = VECTOR ( 'NONE', #4987, 1000.000000000000000 ) ;
#3340 = ORIENTED_EDGE ( 'NONE', *, *, #2446, .F. ) ;
#3341 = ORIENTED_EDGE ( 'NONE', *, *, #3079, .T. ) ;
#3342 = EDGE_CURVE ( 'NONE', #4596, #1075, #317, .T. ) ;
#3343 = CYLINDRICAL_SURFACE ( 'NONE', #1023, 0.07500000000000002498 ) ;
#3344 = FILL_AREA_STYLE_COLOUR ( '', #3425 ) ;
#3345 = UNCERTAINTY_MEASURE_WITH_UNIT (LENGTH_MEASURE( 1.000000000000000082E-05 ), #4846, 'distance_accuracy_value', 'NONE');
#3346 = ORIENTED_EDGE ( 'NONE', *, *, #5196, .T. ) ;
#3347 =( BOUNDED_CURVE ( )  B_SPLINE_CURVE ( 3, ( #4376, #1037, #4347, #2275 ),
 .UNSPECIFIED., .F., .T. ) 
 B_SPLINE_CURVE_WITH_KNOTS ( ( 4, 4 ),
 ( 0.000000000000000000, 0.005463208521541919674 ),
 .UNSPECIFIED. ) 
 CURVE ( )  GEOMETRIC_REPRESENTATION_ITEM ( )  RATIONAL_B_SPLINE_CURVE ( ( 1.000000000000000000, 0.9999975127809339615, 0.9999975127809339615, 1.000000000000000000 ) ) 
 REPRESENTATION_ITEM ( '' )  );
#3348 = CARTESIAN_POINT ( 'NONE',  ( 1.169999999999999707, 0.7999999999999998224, -0.08000000000000000167 ) ) ;
#3349 = AXIS2_PLACEMENT_3D ( 'NONE', #1715, #4262, #4674 ) ;
#3350 = ORIENTED_EDGE ( 'NONE', *, *, #586, .F. ) ;
#3351 = CARTESIAN_POINT ( 'NONE',  ( 0.7299999999999995381, -0.8999999999999999112, -0.08000000000000000167 ) ) ;
#3352 =( NAMED_UNIT ( * ) SI_UNIT ( $, .STERADIAN. ) SOLID_ANGLE_UNIT ( ) );
#3353 = STYLED_ITEM ( 'NONE', ( #562 ), #1590 ) ;
#3354 = DIRECTION ( 'NONE',  ( 0.000000000000000000, 1.351951388106425141E-15, -1.000000000000000000 ) ) ;
#3355 = CARTESIAN_POINT ( 'NONE',  ( 1.169999999999999707, -0.8999999999999999112, -0.08000000000000000167 ) ) ;
#3356 = EDGE_CURVE ( 'NONE', #2217, #3587, #4682, .T. ) ;
#3357 = EDGE_CURVE ( 'NONE', #1834, #5054, #1762, .T. ) ;
#3358 = FILL_AREA_STYLE ('',( #1435 ) ) ;
#3359 = ORIENTED_EDGE ( 'NONE', *, *, #1228, .T. ) ;
#3360 = CARTESIAN_POINT ( 'NONE',  ( -0.2200000000000004730, -1.399999999999999911, -0.5000000000000000000 ) ) ;
#3361 = CARTESIAN_POINT ( 'NONE',  ( -1.170000000000000373, -0.9599999999999994094, 0.07999999999999998779 ) ) ;
#3362 = ORIENTED_EDGE ( 'NONE', *, *, #2451, .T. ) ;
#3363 = ORIENTED_EDGE ( 'NONE', *, *, #2182, .F. ) ;
#3364 = VERTEX_POINT ( 'NONE', #4339 ) ;
#3365 = VECTOR ( 'NONE', #2382, 1000.000000000000000 ) ;
#3366 = PRESENTATION_STYLE_ASSIGNMENT (( #3062 ) ) ;
#3367 = DIRECTION ( 'NONE',  ( 0.000000000000000000, 1.000000000000000000, 1.351951388106424944E-15 ) ) ;
#3368 = MECHANICAL_DESIGN_GEOMETRIC_PRESENTATION_REPRESENTATION (  '', ( #5014 ), #4428 ) ;
#3369 = DIRECTION ( 'NONE',  ( 1.000000000000000000, 0.000000000000000000, 0.000000000000000000 ) ) ;
#3370 = UNCERTAINTY_MEASURE_WITH_UNIT (LENGTH_MEASURE( 1.000000000000000082E-05 ), #3403, 'distance_accuracy_value', 'NONE');
#3371 = PRESENTATION_STYLE_ASSIGNMENT (( #3276 ) ) ;
#3372 = AXIS2_PLACEMENT_3D ( 'NONE', #5254, #1571, #2000 ) ;
#3373 = ORIENTED_EDGE ( 'NONE', *, *, #4770, .T. ) ;
#3374 = FILL_AREA_STYLE ('',( #4200 ) ) ;
#3375 = CARTESIAN_POINT ( 'NONE',  ( -1.449760935694446529, 0.7689633922518409603, 0.08227454493103544819 ) ) ;
#3376 = COLOUR_RGB ( '',0.8039215686274510109, 0.8039215686274510109, 0.8039215686274510109 ) ;
#3377 = PRESENTATION_LAYER_ASSIGNMENT (  '', '', ( #500 ) ) ;
#3378 = ORIENTED_EDGE ( 'NONE', *, *, #3203, .T. ) ;
#3379 = CARTESIAN_POINT ( 'NONE',  ( -1.170000000000000373, 0.7999999999999998224, -0.08000000000000000167 ) ) ;
#3380 = LINE ( 'NONE', #1062, #3116 ) ;
#3381 = MECHANICAL_DESIGN_GEOMETRIC_PRESENTATION_REPRESENTATION (  '', ( #3304 ), #1953 ) ;
#3382 = PRESENTATION_STYLE_ASSIGNMENT (( #4233 ) ) ;
#3383 =( BOUNDED_CURVE ( )  B_SPLINE_CURVE ( 3, ( #21, #4067, #3223, #412 ),
 .UNSPECIFIED., .F., .T. ) 
 B_SPLINE_CURVE_WITH_KNOTS ( ( 4, 4 ),
 ( 5.503250352303673765, 7.063120262055495147 ),
 .UNSPECIFIED. ) 
 CURVE ( )  GEOMETRIC_REPRESENTATION_ITEM ( )  RATIONAL_B_SPLINE_CURVE ( ( 1.000000000000000000, 0.8073061876036304874, 0.8073061876036304874, 1.000000000000000000 ) ) 
 REPRESENTATION_ITEM ( '' )  );
#3384 = UNCERTAINTY_MEASURE_WITH_UNIT (LENGTH_MEASURE( 1.000000000000000082E-05 ), #5212, 'distance_accuracy_value', 'NONE');
#3385 = DIRECTION ( 'NONE',  ( -1.000000000000000000, -0.000000000000000000, -0.000000000000000000 ) ) ;
#3386 = CARTESIAN_POINT ( 'NONE',  ( -0.7300000000000004263, -1.399999999999999689, -0.3396092963070124204 ) ) ;
#3387 = PRESENTATION_LAYER_ASSIGNMENT (  '', '', ( #512 ) ) ;
#3388 = LINE ( 'NONE', #3446, #2558 ) ;
#3389 = FACE_OUTER_BOUND ( 'NONE', #1900, .T. ) ;
#3390 =( NAMED_UNIT ( * ) PLANE_ANGLE_UNIT ( ) SI_UNIT ( $, .RADIAN. ) );
#3391 = STYLED_ITEM ( 'NONE', ( #3927 ), #1492 ) ;
#3392 = ORIENTED_EDGE ( 'NONE', *, *, #4008, .T. ) ;
#3393 = MECHANICAL_DESIGN_GEOMETRIC_PRESENTATION_REPRESENTATION (  '', ( #434 ), #276 ) ;
#3394 = FILL_AREA_STYLE ('',( #2569 ) ) ;
#3395 = EDGE_CURVE ( 'NONE', #5054, #1682, #1440, .T. ) ;
#3396 =( NAMED_UNIT ( * ) PLANE_ANGLE_UNIT ( ) SI_UNIT ( $, .RADIAN. ) );
#3397 = PRESENTATION_LAYER_ASSIGNMENT (  '', '', ( #438 ) ) ;
#3398 = VECTOR ( 'NONE', #1990, 1000.000000000000000 ) ;
#3399 = ORIENTED_EDGE ( 'NONE', *, *, #1616, .T. ) ;
#3400 = EDGE_LOOP ( 'NONE', ( #923, #3082, #1091, #1701 ) ) ;
#3401 = VERTEX_POINT ( 'NONE', #1085 ) ;
#3402 = DIRECTION ( 'NONE',  ( -0.9945218953682732899, 0.000000000000000000, 0.1045284632676536235 ) ) ;
#3403 =( LENGTH_UNIT ( ) NAMED_UNIT ( * ) SI_UNIT ( .MILLI., .METRE. ) );
#3404 = EDGE_CURVE ( 'NONE', #1682, #5054, #499, .T. ) ;
#3405 = AXIS2_PLACEMENT_3D ( 'NONE', #253, #1541, #2311 ) ;
#3406 = LINE ( 'NONE', #2155, #2485 ) ;
#3407 = CARTESIAN_POINT ( 'NONE',  ( 1.376217025357843182, 0.8008061675104641841, 0.07232982849429266115 ) ) ;
#3408 = ORIENTED_EDGE ( 'NONE', *, *, #4166, .T. ) ;
#3409 = PRESENTATION_STYLE_ASSIGNMENT (( #1084 ) ) ;
#3410 = VECTOR ( 'NONE', #1151, 1000.000000000000000 ) ;
#3411 = VERTEX_POINT ( 'NONE', #3571 ) ;
#3412 =( LENGTH_UNIT ( ) NAMED_UNIT ( * ) SI_UNIT ( .MILLI., .METRE. ) );
#3413 = CARTESIAN_POINT ( 'NONE',  ( -1.343581129629361604, 0.6935811296293619144, -0.4500000000000000111 ) ) ;
#3414 = DIRECTION ( 'NONE',  ( -1.000000000000000000, -0.000000000000000000, -0.000000000000000000 ) ) ;
#3415 = EDGE_CURVE ( 'NONE', #5274, #537, #5237, .T. ) ;
#3416 = LINE ( 'NONE', #989, #9 ) ;
#3417 = CARTESIAN_POINT ( 'NONE',  ( -1.418170271781982184, 0.6935811296293619144, 0.3828396347450740422 ) ) ;
#3418 =( BOUNDED_CURVE ( )  B_SPLINE_CURVE ( 3, ( #1618, #4029, #4460, #4892 ),
 .UNSPECIFIED., .F., .T. ) 
 B_SPLINE_CURVE_WITH_KNOTS ( ( 4, 4 ),
 ( 6.277722098658048644, 6.283185307179586232 ),
 .UNSPECIFIED. ) 
 CURVE ( )  GEOMETRIC_REPRESENTATION_ITEM ( )  RATIONAL_B_SPLINE_CURVE ( ( 1.000000000000000000, 0.9999975127809339615, 0.9999975127809339615, 1.000000000000000000 ) ) 
 REPRESENTATION_ITEM ( '' )  );
#3419 =( NAMED_UNIT ( * ) SI_UNIT ( $, .STERADIAN. ) SOLID_ANGLE_UNIT ( ) );
#3420 =( LENGTH_UNIT ( ) NAMED_UNIT ( * ) SI_UNIT ( .MILLI., .METRE. ) );
#3421 = SURFACE_STYLE_USAGE ( .BOTH. , #1719 ) ;
#3422 = ORIENTED_EDGE ( 'NONE', *, *, #3624, .F. ) ;
#3423 = AXIS2_PLACEMENT_3D ( 'NONE', #727, #4888, #803 ) ;
#3424 = DIRECTION ( 'NONE',  ( 1.000000000000000000, 0.000000000000000000, 0.000000000000000000 ) ) ;
#3425 = COLOUR_RGB ( '',0.8039215686274510109, 0.8039215686274510109, 0.8039215686274510109 ) ;
#3426 = DIRECTION ( 'NONE',  ( 0.1039620511844979445, -0.1039620511844979445, -0.9891328443778539814 ) ) ;
#3427 = VERTEX_POINT ( 'NONE', #5174 ) ;
#3428 = ORIENTED_EDGE ( 'NONE', *, *, #5231, .T. ) ;
#3429 = DIRECTION ( 'NONE',  ( 0.000000000000000000, 0.000000000000000000, -1.000000000000000000 ) ) ;
#3430 = FILL_AREA_STYLE_COLOUR ( '', #2578 ) ;
#3431 = EDGE_CURVE ( 'NONE', #66, #3169, #4421, .T. ) ;
#3432 = EDGE_CURVE ( 'NONE', #3837, #3681, #1630, .T. ) ;
#3433 = ORIENTED_EDGE ( 'NONE', *, *, #4671, .F. ) ;
#3434 = DIRECTION ( 'NONE',  ( 0.000000000000000000, 0.000000000000000000, -1.000000000000000000 ) ) ;
#3435 = SURFACE_STYLE_USAGE ( .BOTH. , #2216 ) ;
#3436 = VECTOR ( 'NONE', #4705, 1000.000000000000000 ) ;
#3437 = DIRECTION ( 'NONE',  ( 1.000000000000000000, 0.000000000000000000, 0.000000000000000000 ) ) ;
#3438 = ORIENTED_EDGE ( 'NONE', *, *, #2730, .T. ) ;
#3439 = FILL_AREA_STYLE ('',( #663 ) ) ;
#3440 = CARTESIAN_POINT ( 'NONE',  ( -1.170000000000000373, -1.159999999999999032, -0.1199999999999997735 ) ) ;
#3441 = FILL_AREA_STYLE ('',( #3935 ) ) ;
#3442 = DIRECTION ( 'NONE',  ( -0.000000000000000000, -0.000000000000000000, 1.000000000000000000 ) ) ;
#3443 = LINE ( 'NONE', #4470, #53 ) ;
#3444 = PRESENTATION_STYLE_ASSIGNMENT (( #4676 ) ) ;
#3445 = MECHANICAL_DESIGN_GEOMETRIC_PRESENTATION_REPRESENTATION (  '', ( #4842 ), #827 ) ;
#3446 = CARTESIAN_POINT ( 'NONE',  ( 1.169999999999999707, 1.159999999999999032, -0.1199999999999997735 ) ) ;
#3447 = CARTESIAN_POINT ( 'NONE',  ( -1.170000000000000373, -0.7999999999999998224, -0.08000000000000000167 ) ) ;
#3448 = ADVANCED_FACE ( 'NONE', ( #4519 ), #2412, .T. ) ;
#3449 = AXIS2_PLACEMENT_3D ( 'NONE', #3818, #3727, #5006 ) ;
#3450 = CARTESIAN_POINT ( 'NONE',  ( 0.7299999999999995381, 1.000000000000000000, -0.2855262579950638147 ) ) ;
#3451 = LINE ( 'NONE', #4154, #5270 ) ;
#3452 = VERTEX_POINT ( 'NONE', #69 ) ;
#3453 =( NAMED_UNIT ( * ) PLANE_ANGLE_UNIT ( ) SI_UNIT ( $, .RADIAN. ) );
#3454 = FACE_OUTER_BOUND ( 'NONE', #4883, .T. ) ;
#3455 = DIRECTION ( 'NONE',  ( 1.000000000000000000, 0.000000000000000000, 0.000000000000000000 ) ) ;
#3456 =( NAMED_UNIT ( * ) PLANE_ANGLE_UNIT ( ) SI_UNIT ( $, .RADIAN. ) );
#3457 = VERTEX_POINT ( 'NONE', #2905 ) ;
#3458 = EDGE_LOOP ( 'NONE', ( #1774, #3556, #3746, #103 ) ) ;
#3459 = APPLICATION_CONTEXT ( 'automotive_design' ) ;
#3460 = DIRECTION ( 'NONE',  ( -0.1039620511844979445, 0.1039620511844979445, -0.9891328443778539814 ) ) ;
#3461 = DIRECTION ( 'NONE',  ( 1.000000000000000000, -0.000000000000000000, 0.000000000000000000 ) ) ;
#3462 = CARTESIAN_POINT ( 'NONE',  ( 1.169999999999999707, 1.259999999999999343, -0.2295753528268036636 ) ) ;
#3463 = EDGE_LOOP ( 'NONE', ( #428, #3546, #315 ) ) ;
#3464 = DIRECTION ( 'NONE',  ( 1.000000000000000000, -0.000000000000000000, 0.000000000000000000 ) ) ;
#3465 = PRESENTATION_LAYER_ASSIGNMENT (  '', '', ( #3123 ) ) ;
#3466 = PRESENTATION_STYLE_ASSIGNMENT (( #2241 ) ) ;
#3467 = DIRECTION ( 'NONE',  ( 1.000000000000000000, 0.000000000000000000, 0.000000000000000000 ) ) ;
#3468 = EDGE_CURVE ( 'NONE', #3222, #4896, #17, .T. ) ;
#3469 = EDGE_CURVE ( 'NONE', #4593, #1424, #461, .T. ) ;
#3470 = ORIENTED_EDGE ( 'NONE', *, *, #945, .T. ) ;
#3471 = DIRECTION ( 'NONE',  ( 0.000000000000000000, 0.000000000000000000, 1.000000000000000000 ) ) ;
#3472 = FILL_AREA_STYLE_COLOUR ( '', #2016 ) ;
#3473 = DIRECTION ( 'NONE',  ( -1.000000000000000000, 0.000000000000000000, 0.000000000000000000 ) ) ;
#3474 = VECTOR ( 'NONE', #466, 1000.000000000000000 ) ;
#3475 = CARTESIAN_POINT ( 'NONE',  ( -1.450000000000000178, 0.7250000000000003109, -0.08000000000000000167 ) ) ;
#3476 = LINE ( 'NONE', #3050, #1146 ) ;
#3477 = EDGE_CURVE ( 'NONE', #1724, #5248, #4258, .T. ) ;
#3478 = SURFACE_SIDE_STYLE ('',( #325 ) ) ;
#3479 = CARTESIAN_POINT ( 'NONE',  ( 1.169999999999999707, -0.9599999999999994094, 0.07999999999999998779 ) ) ;
#3480 = PLANE ( 'NONE',  #3875 ) ;
#3481 = ORIENTED_EDGE ( 'NONE', *, *, #2730, .F. ) ;
#3482 = AXIS2_PLACEMENT_3D ( 'NONE', #772, #1635, #2807 ) ;
#3483 = SURFACE_STYLE_FILL_AREA ( #1886 ) ;
#3484 = MECHANICAL_DESIGN_GEOMETRIC_PRESENTATION_REPRESENTATION (  '', ( #512 ), #1118 ) ;
#3485 =( NAMED_UNIT ( * ) PLANE_ANGLE_UNIT ( ) SI_UNIT ( $, .RADIAN. ) );
#3486 = UNCERTAINTY_MEASURE_WITH_UNIT (LENGTH_MEASURE( 1.000000000000000082E-05 ), #2245, 'distance_accuracy_value', 'NONE');
#3487 = CARTESIAN_POINT ( 'NONE',  ( 1.449999999999999734, -0.7999999999999998224, 0.08000000000000000167 ) ) ;
#3488 =( GEOMETRIC_REPRESENTATION_CONTEXT ( 3 ) GLOBAL_UNCERTAINTY_ASSIGNED_CONTEXT ( ( #4647 ) ) GLOBAL_UNIT_ASSIGNED_CONTEXT ( ( #4508, #4940, #1205 ) ) REPRESENTATION_CONTEXT ( 'NONE', 'WORKASPACE' ) );
#3489 = DIRECTION ( 'NONE',  ( -0.9945218953682732899, 0.000000000000000000, -0.1045284632676536235 ) ) ;
#3490 = VERTEX_POINT ( 'NONE', #42 ) ;
#3491 = ORIENTED_EDGE ( 'NONE', *, *, #737, .F. ) ;
#3492 = DIRECTION ( 'NONE',  ( 0.000000000000000000, 0.000000000000000000, -1.000000000000000000 ) ) ;
#3493 = VECTOR ( 'NONE', #2911, 1000.000000000000000 ) ;
#3494 = LINE ( 'NONE', #1472, #1199 ) ;
#3495 = EDGE_LOOP ( 'NONE', ( #4817, #4275, #2336, #4666 ) ) ;
#3496 = DIRECTION ( 'NONE',  ( 0.000000000000000000, 0.000000000000000000, -1.000000000000000000 ) ) ;
#3497 = DIRECTION ( 'NONE',  ( 0.000000000000000000, -1.000000000000000000, -0.000000000000000000 ) ) ;
#3498 = DIRECTION ( 'NONE',  ( 1.000000000000000000, 0.000000000000000000, 0.000000000000000000 ) ) ;
#3499 = ORIENTED_EDGE ( 'NONE', *, *, #1721, .F. ) ;
#3500 = DIRECTION ( 'NONE',  ( 1.000000000000000000, -2.891205793294679017E-15, 0.000000000000000000 ) ) ;
#3501 = CARTESIAN_POINT ( 'NONE',  ( -0.7300000000000004263, 0.9599999999999994094, 0.07999999999999998779 ) ) ;
#3502 = DIRECTION ( 'NONE',  ( -0.1039620511844980416, 0.1039620511844981943, 0.9891328443778539814 ) ) ;
#3503 = ADVANCED_FACE ( 'NONE', ( #3271 ), #1675, .F. ) ;
#3504 = CARTESIAN_POINT ( 'NONE',  ( 1.169999999999999707, -0.9599999999999994094, -0.1199999999999999956 ) ) ;
#3505 = AXIS2_PLACEMENT_3D ( 'NONE', #3848, #2972, #4266 ) ;
#3506 =( NAMED_UNIT ( * ) SI_UNIT ( $, .STERADIAN. ) SOLID_ANGLE_UNIT ( ) );
#3507 = SURFACE_STYLE_FILL_AREA ( #2279 ) ;
#3508 = EDGE_CURVE ( 'NONE', #4879, #3704, #3010, .T. ) ;
#3509 = FILL_AREA_STYLE ('',( #4816 ) ) ;
#3510 = ORIENTED_EDGE ( 'NONE', *, *, #366, .F. ) ;
#3511 = PRESENTATION_STYLE_ASSIGNMENT (( #5131 ) ) ;
#3512 = DIRECTION ( 'NONE',  ( 1.000000000000000000, 0.000000000000000000, 0.000000000000000000 ) ) ;
#3513 = ORIENTED_EDGE ( 'NONE', *, *, #423, .F. ) ;
#3514 = VERTEX_POINT ( 'NONE', #3834 ) ;
#3515 =( NAMED_UNIT ( * ) SI_UNIT ( $, .STERADIAN. ) SOLID_ANGLE_UNIT ( ) );
#3516 = FACE_OUTER_BOUND ( 'NONE', #1624, .T. ) ;
#3517 = CARTESIAN_POINT ( 'NONE',  ( -0.2200000000000004730, -1.253024352625586868, -0.3293317578527860667 ) ) ;
#3518 = VECTOR ( 'NONE', #5202, 1000.000000000000000 ) ;
#3519 = EDGE_CURVE ( 'NONE', #3538, #5217, #3862, .T. ) ;
#3520 = EDGE_LOOP ( 'NONE', ( #4280, #5238, #291, #3314 ) ) ;
#3521 = FILL_AREA_STYLE ('',( #3932 ) ) ;
#3522 = AXIS2_PLACEMENT_3D ( 'NONE', #2520, #19, #949 ) ;
#3523 = ORIENTED_EDGE ( 'NONE', *, *, #2480, .F. ) ;
#3524 = SURFACE_STYLE_FILL_AREA ( #3959 ) ;
#3525 =( NAMED_UNIT ( * ) PLANE_ANGLE_UNIT ( ) SI_UNIT ( $, .RADIAN. ) );
#3526 = STYLED_ITEM ( 'NONE', ( #3267 ), #4010 ) ;
#3527 = CYLINDRICAL_SURFACE ( 'NONE', #90, 0.07999999999999998779 ) ;
#3528 = DIRECTION ( 'NONE',  ( 0.000000000000000000, 0.1045284632676537068, -0.9945218953682734009 ) ) ;
#3529 = PLANE ( 'NONE',  #4799 ) ;
#3530 = DIRECTION ( 'NONE',  ( 1.000000000000000000, 0.000000000000000000, 0.000000000000000000 ) ) ;
#3531 = CARTESIAN_POINT ( 'NONE',  ( 0.7299999999999995381, 0.9999999999999995559, -0.1799999999999999378 ) ) ;
#3532 = CARTESIAN_POINT ( 'NONE',  ( 1.169999999999999707, 0.9999999999999997780, -0.2855262579950638147 ) ) ;
#3533 = ORIENTED_EDGE ( 'NONE', *, *, #3121, .T. ) ;
#3534 = EDGE_CURVE ( 'NONE', #66, #2050, #2197, .T. ) ;
#3535 = EDGE_CURVE ( 'NONE', #3837, #256, #947, .T. ) ;
#3536 = CIRCLE ( 'NONE', #1001, 0.1999999999999998723 ) ;
#3537 = CARTESIAN_POINT ( 'NONE',  ( -1.170000000000000373, -1.259999999999999343, -0.2295753528268036636 ) ) ;
#3538 = VERTEX_POINT ( 'NONE', #200 ) ;
#3539 = ORIENTED_EDGE ( 'NONE', *, *, #582, .F. ) ;
#3540 = PLANE ( 'NONE',  #4019 ) ;
#3541 = LINE ( 'NONE', #1943, #338 ) ;
#3542 = FACE_OUTER_BOUND ( 'NONE', #199, .T. ) ;
#3543 = ORIENTED_EDGE ( 'NONE', *, *, #2512, .T. ) ;
#3544 = CARTESIAN_POINT ( 'NONE',  ( 1.169999999999999707, 1.199999999999999956, -0.2855262579950635371 ) ) ;
#3545 = ADVANCED_FACE ( 'NONE', ( #4663 ), #3889, .T. ) ;
#3546 = ORIENTED_EDGE ( 'NONE', *, *, #1367, .T. ) ;
#3547 = SURFACE_SIDE_STYLE ('',( #3576 ) ) ;
#3548 = CARTESIAN_POINT ( 'NONE',  ( 0.2199999999999996125, -0.8999999999999999112, -0.08000000000000000167 ) ) ;
#3549 = LINE ( 'NONE', #2781, #1273 ) ;
#3550 = CARTESIAN_POINT ( 'NONE',  ( -1.170000000000000373, -1.159999999999999032, -0.1199999999999997735 ) ) ;
#3551 = PRESENTATION_STYLE_ASSIGNMENT (( #2277 ) ) ;
#3552 = SURFACE_STYLE_USAGE ( .BOTH. , #2840 ) ;
#3553 = DIRECTION ( 'NONE',  ( 0.000000000000000000, 0.9975640502598243087, 0.06975647374412440038 ) ) ;
#3554 = FACE_OUTER_BOUND ( 'NONE', #4755, .T. ) ;
#3555 = COLOUR_RGB ( '',0.8039215686274510109, 0.8039215686274510109, 0.8039215686274510109 ) ;
#3556 = ORIENTED_EDGE ( 'NONE', *, *, #4752, .F. ) ;
#3557 = SURFACE_STYLE_USAGE ( .BOTH. , #1935 ) ;
#3558 = SURFACE_STYLE_USAGE ( .BOTH. , #1937 ) ;
#3559 = AXIS2_PLACEMENT_3D ( 'NONE', #629, #1005, #3496 ) ;
#3560 = DIRECTION ( 'NONE',  ( 0.000000000000000000, 0.000000000000000000, -1.000000000000000000 ) ) ;
#3561 = ORIENTED_EDGE ( 'NONE', *, *, #4378, .T. ) ;
#3562 = AXIS2_PLACEMENT_3D ( 'NONE', #2143, #3385, #2998 ) ;
#3563 = ORIENTED_EDGE ( 'NONE', *, *, #2352, .T. ) ;
#3564 = ADVANCED_FACE ( 'NONE', ( #1335 ), #258, .T. ) ;
#3565 = SURFACE_STYLE_FILL_AREA ( #361 ) ;
#3566 = CARTESIAN_POINT ( 'NONE',  ( 0.7299999999999995381, -0.7999999999999998224, 0.08000000000000000167 ) ) ;
#3567 =( GEOMETRIC_REPRESENTATION_CONTEXT ( 3 ) GLOBAL_UNCERTAINTY_ASSIGNED_CONTEXT ( ( #529 ) ) GLOBAL_UNIT_ASSIGNED_CONTEXT ( ( #3323, #574, #546 ) ) REPRESENTATION_CONTEXT ( 'NONE', 'WORKASPACE' ) );
#3568 = COLOUR_RGB ( '',0.8039215686274510109, 0.8039215686274510109, 0.8039215686274510109 ) ;
#3569 = EDGE_LOOP ( 'NONE', ( #4054, #734, #4143, #535 ) ) ;
#3570 = EDGE_CURVE ( 'NONE', #5225, #1052, #654, .T. ) ;
#3571 = CARTESIAN_POINT ( 'NONE',  ( 0.2199999999999996125, 1.399999999999999911, -0.5000000000000000000 ) ) ;
#3572 = PRESENTATION_LAYER_ASSIGNMENT (  '', '', ( #5132 ) ) ;
#3573 = CARTESIAN_POINT ( 'NONE',  ( -1.450000000000000178, 0.7250000000000003109, 0.08000000000000000167 ) ) ;
#3574 = ORIENTED_EDGE ( 'NONE', *, *, #2790, .F. ) ;
#3575 = CARTESIAN_POINT ( 'NONE',  ( 0.2199999999999996125, -1.253024352625586868, -0.3293317578527860667 ) ) ;
#3576 = SURFACE_STYLE_FILL_AREA ( #1607 ) ;
#3577 = MECHANICAL_DESIGN_GEOMETRIC_PRESENTATION_REPRESENTATION (  '', ( #4538 ), #1966 ) ;
#3578 =( NAMED_UNIT ( * ) SI_UNIT ( $, .STERADIAN. ) SOLID_ANGLE_UNIT ( ) );
#3579 =( LENGTH_UNIT ( ) NAMED_UNIT ( * ) SI_UNIT ( .MILLI., .METRE. ) );
#3580 = LINE ( 'NONE', #5244, #4760 ) ;
#3581 = CYLINDRICAL_SURFACE ( 'NONE', #685, 0.07499999999999998335 ) ;
#3582 = ADVANCED_FACE ( 'NONE', ( #1785 ), #3343, .T. ) ;
#3583 = DIRECTION ( 'NONE',  ( 0.000000000000000000, 0.000000000000000000, -1.000000000000000000 ) ) ;
#3584 = VECTOR ( 'NONE', #3512, 1000.000000000000000 ) ;
#3585 =( GEOMETRIC_REPRESENTATION_CONTEXT ( 3 ) GLOBAL_UNCERTAINTY_ASSIGNED_CONTEXT ( ( #960 ) ) GLOBAL_UNIT_ASSIGNED_CONTEXT ( ( #1771, #277, #3000 ) ) REPRESENTATION_CONTEXT ( 'NONE', 'WORKASPACE' ) );
#3586 = FILL_AREA_STYLE_COLOUR ( '', #1799 ) ;
#3587 = VERTEX_POINT ( 'NONE', #3801 ) ;
#3588 = VERTEX_POINT ( 'NONE', #1444 ) ;
#3589 = SURFACE_STYLE_FILL_AREA ( #5194 ) ;
#3590 = LINE ( 'NONE', #3214, #2435 ) ;
#3591 =( BOUNDED_CURVE ( )  B_SPLINE_CURVE ( 3, ( #4721, #3016, #3114, #205 ),
 .UNSPECIFIED., .F., .T. ) 
 B_SPLINE_CURVE_WITH_KNOTS ( ( 4, 4 ),
 ( 6.277722098658041538, 6.283185307179586232 ),
 .UNSPECIFIED. ) 
 CURVE ( )  GEOMETRIC_REPRESENTATION_ITEM ( )  RATIONAL_B_SPLINE_CURVE ( ( 1.000000000000000000, 0.9999975127809339615, 0.9999975127809339615, 1.000000000000000000 ) ) 
 REPRESENTATION_ITEM ( '' )  );
#3592 = EDGE_LOOP ( 'NONE', ( #193, #2903, #2572, #228 ) ) ;
#3593 = COLOUR_RGB ( '',0.8039215686274510109, 0.8039215686274510109, 0.8039215686274510109 ) ;
#3594 = PLANE ( 'NONE',  #4558 ) ;
#3595 = VECTOR ( 'NONE', #2853, 1000.000000000000000 ) ;
#3596 = EDGE_CURVE ( 'NONE', #4525, #3810, #4717, .T. ) ;
#3597 = EDGE_CURVE ( 'NONE', #3088, #2370, #4998, .T. ) ;
#3598 = ORIENTED_EDGE ( 'NONE', *, *, #3892, .T. ) ;
#3599 = PRESENTATION_STYLE_ASSIGNMENT (( #5262 ) ) ;
#3600 = CARTESIAN_POINT ( 'NONE',  ( -1.263581129629361754, -0.5335811296293614392, 0.2137258300203045969 ) ) ;
#3601 = AXIS2_PLACEMENT_3D ( 'NONE', #571, #1080, #176 ) ;
#3602 = FACE_OUTER_BOUND ( 'NONE', #2964, .T. ) ;
#3603 = DIRECTION ( 'NONE',  ( 1.000000000000000000, 0.000000000000000000, 0.000000000000000000 ) ) ;
#3604 = AXIS2_PLACEMENT_3D ( 'NONE', #4111, #92, #408 ) ;
#3605 = DIRECTION ( 'NONE',  ( -0.9945218953682732899, 0.000000000000000000, 0.1045284632676536235 ) ) ;
#3606 = SURFACE_STYLE_USAGE ( .BOTH. , #4889 ) ;
#3607 = DIRECTION ( 'NONE',  ( -1.000000000000000000, -0.000000000000000000, -0.000000000000000000 ) ) ;
#3608 = DIRECTION ( 'NONE',  ( 1.000000000000000000, 0.000000000000000000, 0.000000000000000000 ) ) ;
#3609 = LINE ( 'NONE', #3208, #2703 ) ;
#3610 = LINE ( 'NONE', #5272, #3221 ) ;
#3611 = VERTEX_POINT ( 'NONE', #1632 ) ;
#3612 = ORIENTED_EDGE ( 'NONE', *, *, #4591, .T. ) ;
#3613 = FILL_AREA_STYLE ('',( #4897 ) ) ;
#3614 = FACE_OUTER_BOUND ( 'NONE', #1307, .T. ) ;
#3615 = VECTOR ( 'NONE', #2307, 1000.000000000000000 ) ;
#3616 =( GEOMETRIC_REPRESENTATION_CONTEXT ( 3 ) GLOBAL_UNCERTAINTY_ASSIGNED_CONTEXT ( ( #3198 ) ) GLOBAL_UNIT_ASSIGNED_CONTEXT ( ( #165, #3390, #5013 ) ) REPRESENTATION_CONTEXT ( 'NONE', 'WORKASPACE' ) );
#3617 = ORIENTED_EDGE ( 'NONE', *, *, #2041, .T. ) ;
#3618 = SURFACE_STYLE_FILL_AREA ( #1213 ) ;
#3619 = ORIENTED_EDGE ( 'NONE', *, *, #3327, .T. ) ;
#3620 = PRESENTATION_LAYER_ASSIGNMENT (  '', '', ( #578 ) ) ;
#3621 = SURFACE_STYLE_USAGE ( .BOTH. , #3960 ) ;
#3622 = LINE ( 'NONE', #2857, #5037 ) ;
#3623 = ORIENTED_EDGE ( 'NONE', *, *, #4037, .F. ) ;
#3624 = EDGE_CURVE ( 'NONE', #3858, #993, #490, .T. ) ;
#3625 = EDGE_CURVE ( 'NONE', #1629, #4743, #987, .T. ) ;
#3626 = PLANE ( 'NONE',  #3646 ) ;
#3627 = UNCERTAINTY_MEASURE_WITH_UNIT (LENGTH_MEASURE( 1.000000000000000082E-05 ), #1243, 'distance_accuracy_value', 'NONE');
#3628 = FACE_OUTER_BOUND ( 'NONE', #4550, .T. ) ;
#3629 = CLOSED_SHELL ( 'NONE', ( #3047, #302, #203, #1520, #2623, #2399, #2565, #4435, #4600, #4741, #4128, #552, #3020, #4235 ) ) ;
#3630 = CARTESIAN_POINT ( 'NONE',  ( -0.2200000000000004730, 1.399999999999999689, -0.3396092963070124204 ) ) ;
#3631 = ADVANCED_FACE ( 'NONE', ( #4167 ), #4926, .T. ) ;
#3632 = AXIS2_PLACEMENT_3D ( 'NONE', #3683, #2510, #91 ) ;
#3633 = CARTESIAN_POINT ( 'NONE',  ( 0.7299999999999995381, 1.399999999999999689, -0.3396092963070124204 ) ) ;
#3634 = COLOUR_RGB ( '',0.8039215686274510109, 0.8039215686274510109, 0.8039215686274510109 ) ;
#3635 =( NAMED_UNIT ( * ) SI_UNIT ( $, .STERADIAN. ) SOLID_ANGLE_UNIT ( ) );
#3636 = ORIENTED_EDGE ( 'NONE', *, *, #1926, .T. ) ;
#3637 = ORIENTED_EDGE ( 'NONE', *, *, #4922, .F. ) ;
#3638 =( GEOMETRIC_REPRESENTATION_CONTEXT ( 3 ) GLOBAL_UNCERTAINTY_ASSIGNED_CONTEXT ( ( #3710 ) ) GLOBAL_UNIT_ASSIGNED_CONTEXT ( ( #1398, #2582, #5113 ) ) REPRESENTATION_CONTEXT ( 'NONE', 'WORKASPACE' ) );
#3639 =( LENGTH_UNIT ( ) NAMED_UNIT ( * ) SI_UNIT ( .MILLI., .METRE. ) );
#3640 = SURFACE_SIDE_STYLE ('',( #1251 ) ) ;
#3641 = COLOUR_RGB ( '',0.8039215686274510109, 0.8039215686274510109, 0.8039215686274510109 ) ;
#3642 = ORIENTED_EDGE ( 'NONE', *, *, #1907, .T. ) ;
#3643 = CIRCLE ( 'NONE', #1695, 0.09999999999999993616 ) ;
#3644 =( NAMED_UNIT ( * ) SI_UNIT ( $, .STERADIAN. ) SOLID_ANGLE_UNIT ( ) );
#3645 = DIRECTION ( 'NONE',  ( 0.1039620511844979306, 0.1039620511844979306, 0.9891328443778538704 ) ) ;
#3646 = AXIS2_PLACEMENT_3D ( 'NONE', #24, #4884, #5240 ) ;
#3647 = CYLINDRICAL_SURFACE ( 'NONE', #3482, 0.07499999999999998335 ) ;
#3648 = EDGE_LOOP ( 'NONE', ( #4657, #4038, #4330, #2281 ) ) ;
#3649 = PRESENTATION_LAYER_ASSIGNMENT (  '', '', ( #104 ) ) ;
#3650 = VECTOR ( 'NONE', #1829, 1000.000000000000000 ) ;
#3651 = PRESENTATION_LAYER_ASSIGNMENT (  '', '', ( #2989 ) ) ;
#3652 = COLOUR_RGB ( '',0.8039215686274510109, 0.8039215686274510109, 0.8039215686274510109 ) ;
#3653 = SURFACE_STYLE_FILL_AREA ( #750 ) ;
#3654 = EDGE_CURVE ( 'NONE', #3061, #4896, #44, .T. ) ;
#3655 = CARTESIAN_POINT ( 'NONE',  ( 0.2199999999999996125, 0.7999999999999998224, -0.08000000000000000167 ) ) ;
#3656 =( NAMED_UNIT ( * ) PLANE_ANGLE_UNIT ( ) SI_UNIT ( $, .RADIAN. ) );
#3657 = STYLED_ITEM ( 'NONE', ( #2680 ), #2565 ) ;
#3658 = PRESENTATION_STYLE_ASSIGNMENT (( #2380 ) ) ;
#3659 = ADVANCED_FACE ( 'NONE', ( #3273 ), #4493, .T. ) ;
#3660 = EDGE_CURVE ( 'NONE', #4589, #2217, #842, .T. ) ;
#3661 = FACE_OUTER_BOUND ( 'NONE', #634, .T. ) ;
#3662 = VERTEX_POINT ( 'NONE', #1257 ) ;
#3663 = EDGE_LOOP ( 'NONE', ( #2121, #2544, #2699, #5161, #2751, #1955 ) ) ;
#3664 =( NAMED_UNIT ( * ) PLANE_ANGLE_UNIT ( ) SI_UNIT ( $, .RADIAN. ) );
#3665 = DIRECTION ( 'NONE',  ( -0.1039620511844979306, 0.1039620511844979306, -0.9891328443778538704 ) ) ;
#3666 = ORIENTED_EDGE ( 'NONE', *, *, #4202, .F. ) ;
#3667 = AXIS2_PLACEMENT_3D ( 'NONE', #4246, #4328, #1890 ) ;
#3668 = FILL_AREA_STYLE ('',( #2829 ) ) ;
#3669 = LINE ( 'NONE', #1676, #3005 ) ;
#3670 = CARTESIAN_POINT ( 'NONE',  ( -1.170000000000000373, -0.9999999999999995559, -0.1799999999999999378 ) ) ;
#3671 = PRESENTATION_STYLE_ASSIGNMENT (( #4094 ) ) ;
#3672 = ORIENTED_EDGE ( 'NONE', *, *, #849, .F. ) ;
#3673 = SURFACE_STYLE_USAGE ( .BOTH. , #2762 ) ;
#3674 = AXIS2_PLACEMENT_3D ( 'NONE', #2739, #5186, #1991 ) ;
#3675 = CIRCLE ( 'NONE', #382, 0.2000000000000000389 ) ;
#3676 = DIRECTION ( 'NONE',  ( 0.000000000000000000, 0.000000000000000000, -1.000000000000000000 ) ) ;
#3677 =( LENGTH_UNIT ( ) NAMED_UNIT ( * ) SI_UNIT ( .MILLI., .METRE. ) );
#3678 = AXIS2_PLACEMENT_3D ( 'NONE', #2030, #2854, #2876 ) ;
#3679 = CARTESIAN_POINT ( 'NONE',  ( 1.374999999999999778, -0.7999999999999998224, 0.08000000000000000167 ) ) ;
#3680 = DIRECTION ( 'NONE',  ( -1.000000000000000000, -0.000000000000000000, -0.000000000000000000 ) ) ;
#3681 = VERTEX_POINT ( 'NONE', #462 ) ;
#3682 = AXIS2_PLACEMENT_3D ( 'NONE', #5041, #2144, #3758 ) ;
#3683 = CARTESIAN_POINT ( 'NONE',  ( 1.449999999999999734, 0.8000000000000002665, -0.08000000000000000167 ) ) ;
#3684 = EDGE_CURVE ( 'NONE', #644, #257, #3957, .T. ) ;
#3685 = EDGE_CURVE ( 'NONE', #563, #1303, #2079, .T. ) ;
#3686 = ORIENTED_EDGE ( 'NONE', *, *, #51, .T. ) ;
#3687 =( NAMED_UNIT ( * ) PLANE_ANGLE_UNIT ( ) SI_UNIT ( $, .RADIAN. ) );
#3688 = LINE ( 'NONE', #4552, #5072 ) ;
#3689 = CARTESIAN_POINT ( 'NONE',  ( 0.2199999999999996125, -0.9599999999999994094, 0.07999999999999998779 ) ) ;
#3690 = CIRCLE ( 'NONE', #2414, 0.07499999999999998335 ) ;
#3691 = AXIS2_PLACEMENT_3D ( 'NONE', #3024, #2915, #186 ) ;
#3692 = DIRECTION ( 'NONE',  ( 0.000000000000000000, 3.957832284416030179E-15, -1.000000000000000000 ) ) ;
#3693 = CARTESIAN_POINT ( 'NONE',  ( -0.2200000000000004730, -1.199999999999999956, -0.2855262579950635371 ) ) ;
#3694 = EDGE_LOOP ( 'NONE', ( #3197, #3768, #969 ) ) ;
#3695 = FILL_AREA_STYLE_COLOUR ( '', #1956 ) ;
#3696 = DIRECTION ( 'NONE',  ( 0.000000000000000000, 0.000000000000000000, 1.000000000000000000 ) ) ;
#3697 =( NAMED_UNIT ( * ) SI_UNIT ( $, .STERADIAN. ) SOLID_ANGLE_UNIT ( ) );
#3698 = LINE ( 'NONE', #4982, #5249 ) ;
#3699 = FILL_AREA_STYLE ('',( #396 ) ) ;
#3700 =( LENGTH_UNIT ( ) NAMED_UNIT ( * ) SI_UNIT ( .MILLI., .METRE. ) );
#3701 = LINE ( 'NONE', #1643, #2517 ) ;
#3702 = DIRECTION ( 'NONE',  ( 0.000000000000000000, -0.9975640502598243087, -0.06975647374412512203 ) ) ;
#3703 = PRESENTATION_LAYER_ASSIGNMENT (  '', '', ( #3797 ) ) ;
#3704 = VERTEX_POINT ( 'NONE', #3689 ) ;
#3705 = DIRECTION ( 'NONE',  ( 1.000000000000000000, 0.000000000000000000, 0.000000000000000000 ) ) ;
#3706 = FACE_OUTER_BOUND ( 'NONE', #3814, .T. ) ;
#3707 = ORIENTED_EDGE ( 'NONE', *, *, #3469, .T. ) ;
#3708 = EDGE_LOOP ( 'NONE', ( #1469, #3824, #3561, #3289 ) ) ;
#3709 = EDGE_CURVE ( 'NONE', #4397, #1645, #506, .T. ) ;
#3710 = UNCERTAINTY_MEASURE_WITH_UNIT (LENGTH_MEASURE( 1.000000000000000082E-05 ), #1398, 'distance_accuracy_value', 'NONE');
#3711 = ORIENTED_EDGE ( 'NONE', *, *, #620, .F. ) ;
#3712 = DIRECTION ( 'NONE',  ( 1.000000000000000000, 0.000000000000000000, 0.000000000000000000 ) ) ;
#3713 = FACE_OUTER_BOUND ( 'NONE', #785, .T. ) ;
#3714 = SURFACE_SIDE_STYLE ('',( #4601 ) ) ;
#3715 = PRESENTATION_LAYER_ASSIGNMENT (  '', '', ( #4602 ) ) ;
#3716 = FILL_AREA_STYLE ('',( #4604 ) ) ;
#3717 = EDGE_CURVE ( 'NONE', #1035, #5052, #4553, .T. ) ;
#3718 = EDGE_LOOP ( 'NONE', ( #1177, #588, #236, #4992 ) ) ;
#3719 = AXIS2_PLACEMENT_3D ( 'NONE', #635, #1137, #2390 ) ;
#3720 = MECHANICAL_DESIGN_GEOMETRIC_PRESENTATION_REPRESENTATION (  '', ( #3915 ), #4522 ) ;
#3721 =( BOUNDED_CURVE ( )  B_SPLINE_CURVE ( 3, ( #2797, #789, #4009, #362 ),
 .UNSPECIFIED., .F., .T. ) 
 B_SPLINE_CURVE_WITH_KNOTS ( ( 4, 4 ),
 ( 3.141592653589793116, 3.147055862111337809 ),
 .UNSPECIFIED. ) 
 CURVE ( )  GEOMETRIC_REPRESENTATION_ITEM ( )  RATIONAL_B_SPLINE_CURVE ( ( 1.000000000000000000, 0.9999975127809339615, 0.9999975127809339615, 1.000000000000000000 ) ) 
 REPRESENTATION_ITEM ( '' )  );
#3722 = PRESENTATION_LAYER_ASSIGNMENT (  '', '', ( #2036 ) ) ;
#3723 = VECTOR ( 'NONE', #1732, 1000.000000000000000 ) ;
#3724 = CARTESIAN_POINT ( 'NONE',  ( 0.7299999999999995381, 0.8999999999999999112, -0.1800000000000000211 ) ) ;
#3725 = CARTESIAN_POINT ( 'NONE',  ( -1.170000000000000373, 1.399999999999999911, -0.5000000000000000000 ) ) ;
#3726 = DIRECTION ( 'NONE',  ( 0.000000000000000000, -0.000000000000000000, 1.000000000000000000 ) ) ;
#3727 = DIRECTION ( 'NONE',  ( -1.000000000000000000, -0.000000000000000000, -0.000000000000000000 ) ) ;
#3728 = CARTESIAN_POINT ( 'NONE',  ( -1.450000000000000178, -0.7249999999999998668, 0.08000000000000000167 ) ) ;
#3729 = DIRECTION ( 'NONE',  ( 1.000000000000000000, 0.000000000000000000, 0.000000000000000000 ) ) ;
#3730 = PRESENTATION_LAYER_ASSIGNMENT (  '', '', ( #2125 ) ) ;
#3731 = EDGE_CURVE ( 'NONE', #4220, #1035, #439, .T. ) ;
#3732 = CARTESIAN_POINT ( 'NONE',  ( -1.450000000000000178, -0.7249999999999998668, -0.08000000000000000167 ) ) ;
#3733 = STYLED_ITEM ( 'NONE', ( #2924 ), #2408 ) ;
#3734 = EDGE_LOOP ( 'NONE', ( #142, #12, #1731, #4510, #651, #4541, #1032, #3843 ) ) ;
#3735 = DIRECTION ( 'NONE',  ( 0.000000000000000000, -0.000000000000000000, 1.000000000000000000 ) ) ;
#3736 =( LENGTH_UNIT ( ) NAMED_UNIT ( * ) SI_UNIT ( .MILLI., .METRE. ) );
#3737 = FACE_OUTER_BOUND ( 'NONE', #3236, .T. ) ;
#3738 = ORIENTED_EDGE ( 'NONE', *, *, #2075, .T. ) ;
#3739 = VERTEX_POINT ( 'NONE', #2439 ) ;
#3740 = ORIENTED_EDGE ( 'NONE', *, *, #982, .F. ) ;
#3741 = CARTESIAN_POINT ( 'NONE',  ( -1.411111432951699607, 0.6935811296293619144, 0.4500000000000000111 ) ) ;
#3742 = VECTOR ( 'NONE', #1217, 1000.000000000000000 ) ;
#3743 = DIRECTION ( 'NONE',  ( 0.000000000000000000, 0.000000000000000000, -1.000000000000000000 ) ) ;
#3744 = SURFACE_STYLE_USAGE ( .BOTH. , #3714 ) ;
#3745 = LINE ( 'NONE', #2469, #3136 ) ;
#3746 = ORIENTED_EDGE ( 'NONE', *, *, #4164, .F. ) ;
#3747 = DIRECTION ( 'NONE',  ( 0.000000000000000000, 0.000000000000000000, -1.000000000000000000 ) ) ;
#3748 = FILL_AREA_STYLE_COLOUR ( '', #3555 ) ;
#3749 = CARTESIAN_POINT ( 'NONE',  ( -0.2200000000000004730, -1.399999999999999911, -0.5000000000000000000 ) ) ;
#3750 = EDGE_CURVE ( 'NONE', #4680, #64, #1677, .T. ) ;
#3751 = ADVANCED_FACE ( 'NONE', ( #1287 ), #2056, .T. ) ;
#3752 = ORIENTED_EDGE ( 'NONE', *, *, #2481, .F. ) ;
#3753 = DIRECTION ( 'NONE',  ( 0.000000000000000000, 0.000000000000000000, -1.000000000000000000 ) ) ;
#3754 = CARTESIAN_POINT ( 'NONE',  ( -0.7300000000000004263, -0.8999999999999999112, -0.08000000000000000167 ) ) ;
#3755 =( NAMED_UNIT ( * ) PLANE_ANGLE_UNIT ( ) SI_UNIT ( $, .RADIAN. ) );
#3756 = UNCERTAINTY_MEASURE_WITH_UNIT (LENGTH_MEASURE( 1.000000000000000082E-05 ), #4652, 'distance_accuracy_value', 'NONE');
#3757 = DIRECTION ( 'NONE',  ( -1.000000000000000000, -0.000000000000000000, 0.000000000000000000 ) ) ;
#3758 = DIRECTION ( 'NONE',  ( 0.000000000000000000, 0.000000000000000000, -1.000000000000000000 ) ) ;
#3759 = STYLED_ITEM ( 'NONE', ( #3985 ), #4405 ) ;
#3760 = PLANE ( 'NONE',  #1849 ) ;
#3761 = UNCERTAINTY_MEASURE_WITH_UNIT (LENGTH_MEASURE( 1.000000000000000082E-05 ), #3113, 'distance_accuracy_value', 'NONE');
#3762 = VERTEX_POINT ( 'NONE', #3013 ) ;
#3763 = DIRECTION ( 'NONE',  ( 1.000000000000000000, 0.000000000000000000, 0.000000000000000000 ) ) ;
#3764 =( NAMED_UNIT ( * ) SI_UNIT ( $, .STERADIAN. ) SOLID_ANGLE_UNIT ( ) );
#3765 = PRESENTATION_LAYER_ASSIGNMENT (  '', '', ( #2925 ) ) ;
#3766 = EDGE_CURVE ( 'NONE', #2867, #1231, #2072, .T. ) ;
#3767 = DIRECTION ( 'NONE',  ( 0.000000000000000000, 0.000000000000000000, -1.000000000000000000 ) ) ;
#3768 = ORIENTED_EDGE ( 'NONE', *, *, #3298, .T. ) ;
#3769 = ORIENTED_EDGE ( 'NONE', *, *, #4219, .T. ) ;
#3770 = ORIENTED_EDGE ( 'NONE', *, *, #489, .F. ) ;
#3771 = CYLINDRICAL_SURFACE ( 'NONE', #4341, 0.07500000000000002498 ) ;
#3772 = CARTESIAN_POINT ( 'NONE',  ( 0.7299999999999995381, -0.9599999999999994094, -0.1199999999999999956 ) ) ;
#3773 = CARTESIAN_POINT ( 'NONE',  ( 0.2199999999999996125, -1.399999999999999689, -0.3396092963070124204 ) ) ;
#3774 = UNCERTAINTY_MEASURE_WITH_UNIT (LENGTH_MEASURE( 1.000000000000000082E-05 ), #1965, 'distance_accuracy_value', 'NONE');
#3775 = DIRECTION ( 'NONE',  ( -0.000000000000000000, 0.000000000000000000, -1.000000000000000000 ) ) ;
#3776 = ORIENTED_EDGE ( 'NONE', *, *, #1135, .T. ) ;
#3777 = CYLINDRICAL_SURFACE ( 'NONE', #2280, 0.07499999999999998335 ) ;
#3778 = PRESENTATION_STYLE_ASSIGNMENT (( #2525 ) ) ;
#3779 = CARTESIAN_POINT ( 'NONE',  ( -1.449998880753508468, 0.7254097386008878656, 0.08001064891903697518 ) ) ;
#3780 = PRESENTATION_LAYER_ASSIGNMENT (  '', '', ( #2503 ) ) ;
#3781 = COLOUR_RGB ( '',0.8039215686274510109, 0.8039215686274510109, 0.8039215686274510109 ) ;
#3782 = ORIENTED_EDGE ( 'NONE', *, *, #1679, .F. ) ;
#3783 = DIRECTION ( 'NONE',  ( 0.000000000000000000, 0.9975640502598243087, -0.06975647374412512203 ) ) ;
#3784 =( LENGTH_UNIT ( ) NAMED_UNIT ( * ) SI_UNIT ( .MILLI., .METRE. ) );
#3785 = ADVANCED_FACE ( 'NONE', ( #1416 ), #3836, .T. ) ;
#3786 = MECHANICAL_DESIGN_GEOMETRIC_PRESENTATION_REPRESENTATION (  '', ( #3353 ), #4576 ) ;
#3787 = SURFACE_STYLE_USAGE ( .BOTH. , #215 ) ;
#3788 = CARTESIAN_POINT ( 'NONE',  ( -1.375409738600888110, 0.7999988807535084456, -0.08001064891903698906 ) ) ;
#3789 =( NAMED_UNIT ( * ) PLANE_ANGLE_UNIT ( ) SI_UNIT ( $, .RADIAN. ) );
#3790 = FILL_AREA_STYLE ('',( #2171 ) ) ;
#3791 = DIRECTION ( 'NONE',  ( 0.000000000000000000, 0.000000000000000000, -1.000000000000000000 ) ) ;
#3792 =( GEOMETRIC_REPRESENTATION_CONTEXT ( 3 ) GLOBAL_UNCERTAINTY_ASSIGNED_CONTEXT ( ( #1465 ) ) GLOBAL_UNIT_ASSIGNED_CONTEXT ( ( #1847, #3990, #3119 ) ) REPRESENTATION_CONTEXT ( 'NONE', 'WORKASPACE' ) );
#3793 = EDGE_CURVE ( 'NONE', #23, #4924, #2461, .T. ) ;
#3794 = ORIENTED_EDGE ( 'NONE', *, *, #4991, .F. ) ;
#3795 = DIRECTION ( 'NONE',  ( 0.000000000000000000, 0.000000000000000000, -1.000000000000000000 ) ) ;
#3796 = LINE ( 'NONE', #590, #3014 ) ;
#3797 = STYLED_ITEM ( 'NONE', ( #2360 ), #4722 ) ;
#3798 = ORIENTED_EDGE ( 'NONE', *, *, #2511, .F. ) ;
#3799 = ORIENTED_EDGE ( 'NONE', *, *, #4654, .T. ) ;
#3800 = EDGE_LOOP ( 'NONE', ( #2147, #2405, #2508, #3359 ) ) ;
#3801 = CARTESIAN_POINT ( 'NONE',  ( 1.449999999999999734, 0.7250000000000003109, -0.08000000000000000167 ) ) ;
#3802 =( NAMED_UNIT ( * ) PLANE_ANGLE_UNIT ( ) SI_UNIT ( $, .RADIAN. ) );
#3803 = SURFACE_STYLE_FILL_AREA ( #4278 ) ;
#3804 =( GEOMETRIC_REPRESENTATION_CONTEXT ( 3 ) GLOBAL_UNCERTAINTY_ASSIGNED_CONTEXT ( ( #2958 ) ) GLOBAL_UNIT_ASSIGNED_CONTEXT ( ( #2073, #2870, #4157 ) ) REPRESENTATION_CONTEXT ( 'NONE', 'WORKASPACE' ) );
#3805 = CARTESIAN_POINT ( 'NONE',  ( 1.375409738600887666, -0.7999988807535080015, 0.08001064891903693355 ) ) ;
#3806 = UNCERTAINTY_MEASURE_WITH_UNIT (LENGTH_MEASURE( 1.000000000000000082E-05 ), #4371, 'distance_accuracy_value', 'NONE');
#3807 = SURFACE_STYLE_FILL_AREA ( #290 ) ;
#3808 = STYLED_ITEM ( 'NONE', ( #4477 ), #5071 ) ;
#3809 = ADVANCED_FACE ( 'NONE', ( #4689 ), #3864, .T. ) ;
#3810 = VERTEX_POINT ( 'NONE', #259 ) ;
#3811 = CARTESIAN_POINT ( 'NONE',  ( -1.375000000000000222, -0.7249999999999998668, 0.08000000000000000167 ) ) ;
#3812 = DIRECTION ( 'NONE',  ( 0.000000000000000000, 0.06975647374412512203, 0.9975640502598243087 ) ) ;
#3813 = VECTOR ( 'NONE', #2581, 1000.000000000000000 ) ;
#3814 = EDGE_LOOP ( 'NONE', ( #4086, #593, #1725, #2995 ) ) ;
#3815 = CARTESIAN_POINT ( 'NONE',  ( 1.411111432951699385, -0.6935811296293615813, 0.4500000000000000111 ) ) ;
#3816 = SURFACE_STYLE_USAGE ( .BOTH. , #5094 ) ;
#3817 = VECTOR ( 'NONE', #3148, 1000.000000000000000 ) ;
#3818 = CARTESIAN_POINT ( 'NONE',  ( -0.2200000000000004730, -1.259999999999999343, -0.2295753528268036636 ) ) ;
#3819 =( NAMED_UNIT ( * ) PLANE_ANGLE_UNIT ( ) SI_UNIT ( $, .RADIAN. ) );
#3820 = STYLED_ITEM ( 'NONE', ( #3599 ), #1233 ) ;
#3821 = CARTESIAN_POINT ( 'NONE',  ( 0.7299999999999995381, 1.399999999999999911, -0.5000000000000000000 ) ) ;
#3822 = AXIS2_PLACEMENT_3D ( 'NONE', #4047, #393, #2499 ) ;
#3823 = SURFACE_SIDE_STYLE ('',( #613 ) ) ;
#3824 = ORIENTED_EDGE ( 'NONE', *, *, #301, .F. ) ;
#3825 = AXIS2_PLACEMENT_3D ( 'NONE', #821, #2809, #799 ) ;
#3826 = DIRECTION ( 'NONE',  ( 0.000000000000000000, 0.000000000000000000, 1.000000000000000000 ) ) ;
#3827 = DIRECTION ( 'NONE',  ( -0.000000000000000000, -0.000000000000000000, -1.000000000000000000 ) ) ;
#3828 = EDGE_CURVE ( 'NONE', #5173, #1724, #1868, .T. ) ;
#3829 = EDGE_CURVE ( 'NONE', #915, #3139, #4475, .T. ) ;
#3830 = VECTOR ( 'NONE', #1170, 1000.000000000000000 ) ;
#3831 = EDGE_LOOP ( 'NONE', ( #3346, #4773, #2365, #1449 ) ) ;
#3832 = ORIENTED_EDGE ( 'NONE', *, *, #3828, .F. ) ;
#3833 = APPLICATION_CONTEXT ( 'automotive_design' ) ;
#3834 = CARTESIAN_POINT ( 'NONE',  ( 1.169999999999999707, 0.8999999999999999112, -0.08000000000000000167 ) ) ;
#3835 = DIRECTION ( 'NONE',  ( 0.000000000000000000, 0.06975647374412440038, -0.9975640502598243087 ) ) ;
#3836 = SPHERICAL_SURFACE ( 'NONE', #732, 0.07499999999999999722 ) ;
#3837 = VERTEX_POINT ( 'NONE', #4194 ) ;
#3838 =( LENGTH_UNIT ( ) NAMED_UNIT ( * ) SI_UNIT ( .MILLI., .METRE. ) );
#3839 = CARTESIAN_POINT ( 'NONE',  ( -1.343581129629361604, -0.6935811296293614703, -0.3750000000000000000 ) ) ;
#3840 = DIRECTION ( 'NONE',  ( 0.000000000000000000, -0.9975640502598243087, -0.06975647374412512203 ) ) ;
#3841 = MECHANICAL_DESIGN_GEOMETRIC_PRESENTATION_REPRESENTATION (  '', ( #1271 ), #4887 ) ;
#3842 = COLOUR_RGB ( '',0.8039215686274510109, 0.8039215686274510109, 0.8039215686274510109 ) ;
#3843 = ORIENTED_EDGE ( 'NONE', *, *, #2963, .F. ) ;
#3844 = DIRECTION ( 'NONE',  ( 0.000000000000000000, 1.000000000000000000, 3.957832284416029391E-15 ) ) ;
#3845 = CARTESIAN_POINT ( 'NONE',  ( -0.7300000000000004263, 0.7999999999999998224, -0.08000000000000000167 ) ) ;
#3846 = DIRECTION ( 'NONE',  ( -1.000000000000000000, -0.000000000000000000, -0.000000000000000000 ) ) ;
#3847 = CARTESIAN_POINT ( 'NONE',  ( 0.2199999999999996125, 1.399999999999999689, -0.3396092963070124204 ) ) ;
#3848 = CARTESIAN_POINT ( 'NONE',  ( 0.7299999999999995381, -1.000000000000000000, -0.2855262579950638147 ) ) ;
#3849 =( LENGTH_UNIT ( ) NAMED_UNIT ( * ) SI_UNIT ( .MILLI., .METRE. ) );
#3850 = LINE ( 'NONE', #5128, #3226 ) ;
#3851 = PLANE ( 'NONE',  #1750 ) ;
#3852 = ORIENTED_EDGE ( 'NONE', *, *, #5056, .T. ) ;
#3853 = DIRECTION ( 'NONE',  ( 0.000000000000000000, -1.000000000000000000, 0.000000000000000000 ) ) ;
#3854 =( NAMED_UNIT ( * ) SI_UNIT ( $, .STERADIAN. ) SOLID_ANGLE_UNIT ( ) );
#3855 = AXIS2_PLACEMENT_3D ( 'NONE', #2103, #2875, #893 ) ;
#3856 = CARTESIAN_POINT ( 'NONE',  ( -1.450000000000000178, 0.7250000000000003109, -0.08000000000000000167 ) ) ;
#3857 = EDGE_LOOP ( 'NONE', ( #3117, #58, #4259, #2933 ) ) ;
#3858 = VERTEX_POINT ( 'NONE', #543 ) ;
#3859 = AXIS2_PLACEMENT_3D ( 'NONE', #3246, #2907, #2494 ) ;
#3860 = EDGE_CURVE ( 'NONE', #4302, #888, #1788, .T. ) ;
#3861 = EDGE_CURVE ( 'NONE', #1176, #5281, #3406, .T. ) ;
#3862 = LINE ( 'NONE', #2208, #4942 ) ;
#3863 = PRESENTATION_STYLE_ASSIGNMENT (( #3890 ) ) ;
#3864 = PLANE ( 'NONE',  #557 ) ;
#3865 = DIRECTION ( 'NONE',  ( 0.000000000000000000, 0.000000000000000000, -1.000000000000000000 ) ) ;
#3866 = ORIENTED_EDGE ( 'NONE', *, *, #4671, .T. ) ;
#3867 = CARTESIAN_POINT ( 'NONE',  ( 0.000000000000000000, -0.6935811296293614703, -0.4500000000000000111 ) ) ;
#3868 = DIRECTION ( 'NONE',  ( 0.000000000000000000, -1.000000000000000000, -8.470329472543026810E-17 ) ) ;
#3869 = LINE ( 'NONE', #3019, #497 ) ;
#3870 = DIRECTION ( 'NONE',  ( 1.000000000000000000, -0.000000000000000000, 0.000000000000000000 ) ) ;
#3871 = ORIENTED_EDGE ( 'NONE', *, *, #4196, .F. ) ;
#3872 = CARTESIAN_POINT ( 'NONE',  ( 1.169999999999999707, -1.159999999999999032, -0.1199999999999997735 ) ) ;
#3873 = CARTESIAN_POINT ( 'NONE',  ( -1.170000000000000373, -0.8999999999999999112, -0.08000000000000000167 ) ) ;
#3874 = DIRECTION ( 'NONE',  ( 1.000000000000000000, 0.000000000000000000, 0.000000000000000000 ) ) ;
#3875 = AXIS2_PLACEMENT_3D ( 'NONE', #826, #4459, #3229 ) ;
#3876 = CARTESIAN_POINT ( 'NONE',  ( -1.375409738600887888, -0.7999988807535080015, -0.08001064891903696130 ) ) ;
#3877 = CARTESIAN_POINT ( 'NONE',  ( 1.449999999999999734, 0.7250000000000003109, 0.08000000000000000167 ) ) ;
#3878 = SURFACE_SIDE_STYLE ('',( #2251 ) ) ;
#3879 = AXIS2_PLACEMENT_3D ( 'NONE', #2146, #4241, #3791 ) ;
#3880 = DIRECTION ( 'NONE',  ( 0.9945218953682732899, 0.000000000000000000, 0.1045284632676538178 ) ) ;
#3881 = LINE ( 'NONE', #1535, #3615 ) ;
#3882 = ORIENTED_EDGE ( 'NONE', *, *, #1380, .F. ) ;
#3883 = FILL_AREA_STYLE_COLOUR ( '', #1870 ) ;
#3884 =( NAMED_UNIT ( * ) SI_UNIT ( $, .STERADIAN. ) SOLID_ANGLE_UNIT ( ) );
#3885 =( GEOMETRIC_REPRESENTATION_CONTEXT ( 3 ) GLOBAL_UNCERTAINTY_ASSIGNED_CONTEXT ( ( #4355 ) ) GLOBAL_UNIT_ASSIGNED_CONTEXT ( ( #852, #27, #527 ) ) REPRESENTATION_CONTEXT ( 'NONE', 'WORKASPACE' ) );
#3886 = DIRECTION ( 'NONE',  ( -1.000000000000000000, -0.000000000000000000, -0.000000000000000000 ) ) ;
#3887 = ORIENTED_EDGE ( 'NONE', *, *, #1421, .F. ) ;
#3888 = ORIENTED_EDGE ( 'NONE', *, *, #1298, .T. ) ;
#3889 = PLANE ( 'NONE',  #594 ) ;
#3890 = SURFACE_STYLE_USAGE ( .BOTH. , #3012 ) ;
#3891 = SURFACE_STYLE_FILL_AREA ( #4746 ) ;
#3892 = EDGE_CURVE ( 'NONE', #2319, #3538, #1368, .T. ) ;
#3893 = COLOUR_RGB ( '',0.8039215686274510109, 0.8039215686274510109, 0.8039215686274510109 ) ;
#3894 = DIRECTION ( 'NONE',  ( 1.000000000000000000, 0.000000000000000000, -0.000000000000000000 ) ) ;
#3895 = COLOUR_RGB ( '',0.8039215686274510109, 0.8039215686274510109, 0.8039215686274510109 ) ;
#3896 = ORIENTED_EDGE ( 'NONE', *, *, #878, .F. ) ;
#3897 = CARTESIAN_POINT ( 'NONE',  ( -1.375409738600888110, 0.7999988807535084456, 0.08001064891903693355 ) ) ;
#3898 = FILL_AREA_STYLE ('',( #2269 ) ) ;
#3899 = ADVANCED_FACE ( 'NONE', ( #1157 ), #5228, .T. ) ;
#3900 = VECTOR ( 'NONE', #577, 1000.000000000000000 ) ;
#3901 = ORIENTED_EDGE ( 'NONE', *, *, #2068, .F. ) ;
#3902 = CARTESIAN_POINT ( 'NONE',  ( 0.7299999999999995381, 0.9999999999999997780, -0.2855262579950638147 ) ) ;
#3903 = DIRECTION ( 'NONE',  ( 0.000000000000000000, -1.000000000000000000, 0.000000000000000000 ) ) ;
#3904 = DIRECTION ( 'NONE',  ( 0.000000000000000000, 1.000000000000000000, 0.000000000000000000 ) ) ;
#3905 = VERTEX_POINT ( 'NONE', #3517 ) ;
#3906 = LINE ( 'NONE', #4730, #855 ) ;
#3907 = CIRCLE ( 'NONE', #2719, 0.2000000000000000389 ) ;
#3908 = SURFACE_SIDE_STYLE ('',( #1827 ) ) ;
#3909 = DIRECTION ( 'NONE',  ( 0.000000000000000000, -4.109696271182928860E-15, 1.000000000000000000 ) ) ;
#3910 = DIRECTION ( 'NONE',  ( -0.000000000000000000, -1.000000000000000000, -0.000000000000000000 ) ) ;
#3911 =( NAMED_UNIT ( * ) SI_UNIT ( $, .STERADIAN. ) SOLID_ANGLE_UNIT ( ) );
#3912 = ORIENTED_EDGE ( 'NONE', *, *, #1173, .F. ) ;
#3913 = COLOUR_RGB ( '',0.8039215686274510109, 0.8039215686274510109, 0.8039215686274510109 ) ;
#3914 = DIRECTION ( 'NONE',  ( 0.000000000000000000, 1.000000000000000000, -8.470329472543025577E-17 ) ) ;
#3915 = STYLED_ITEM ( 'NONE', ( #2062 ), #3047 ) ;
#3916 =( BOUNDED_CURVE ( )  B_SPLINE_CURVE ( 3, ( #1131, #337, #4417, #2691 ),
 .UNSPECIFIED., .F., .T. ) 
 B_SPLINE_CURVE_WITH_KNOTS ( ( 4, 4 ),
 ( 3.141592653589793116, 3.147055862111330704 ),
 .UNSPECIFIED. ) 
 CURVE ( )  GEOMETRIC_REPRESENTATION_ITEM ( )  RATIONAL_B_SPLINE_CURVE ( ( 1.000000000000000000, 0.9999975127809339615, 0.9999975127809339615, 1.000000000000000000 ) ) 
 REPRESENTATION_ITEM ( '' )  );
#3917 = UNCERTAINTY_MEASURE_WITH_UNIT (LENGTH_MEASURE( 1.000000000000000082E-05 ), #1138, 'distance_accuracy_value', 'NONE');
#3918 = EDGE_CURVE ( 'NONE', #3411, #4979, #5170, .T. ) ;
#3919 = PRESENTATION_LAYER_ASSIGNMENT (  '', '', ( #4611 ) ) ;
#3920 = FILL_AREA_STYLE ('',( #1467 ) ) ;
#3921 = ORIENTED_EDGE ( 'NONE', *, *, #3395, .F. ) ;
#3922 = AXIS2_PLACEMENT_3D ( 'NONE', #4240, #249, #1855 ) ;
#3923 = ORIENTED_EDGE ( 'NONE', *, *, #4407, .F. ) ;
#3924 = CARTESIAN_POINT ( 'NONE',  ( 1.344873511907027641, -0.7694626540596480879, 0.3705434387411802311 ) ) ;
#3925 = DIRECTION ( 'NONE',  ( 1.000000000000000000, 0.000000000000000000, 0.000000000000000000 ) ) ;
#3926 = SURFACE_SIDE_STYLE ('',( #1947 ) ) ;
#3927 = PRESENTATION_STYLE_ASSIGNMENT (( #1790 ) ) ;
#3928 = VERTEX_POINT ( 'NONE', #4442 ) ;
#3929 = CARTESIAN_POINT ( 'NONE',  ( -1.375000000000000222, -0.7999999999999998224, -0.08000000000000000167 ) ) ;
#3930 = PRESENTATION_LAYER_ASSIGNMENT (  '', '', ( #1628 ) ) ;
#3931 = CARTESIAN_POINT ( 'NONE',  ( 1.449999626916907758, 0.7252731602562245694, 0.08000354964851165429 ) ) ;
#3932 = FILL_AREA_STYLE_COLOUR ( '', #3634 ) ;
#3933 = EDGE_LOOP ( 'NONE', ( #3392, #390, #2315, #2670, #1911, #3045 ) ) ;
#3934 = DIRECTION ( 'NONE',  ( 0.000000000000000000, 3.957832284416029391E-15, -1.000000000000000000 ) ) ;
#3935 = FILL_AREA_STYLE_COLOUR ( '', #2046 ) ;
#3936 = ORIENTED_EDGE ( 'NONE', *, *, #3232, .F. ) ;
#3937 = EDGE_CURVE ( 'NONE', #3139, #554, #2317, .T. ) ;
#3938 = ADVANCED_FACE ( 'NONE', ( #3542 ), #2337, .F. ) ;
#3939 = CARTESIAN_POINT ( 'NONE',  ( 0.2199999999999996125, 0.7999999999999998224, 0.08000000000000000167 ) ) ;
#3940 = AXIS2_PLACEMENT_3D ( 'NONE', #2706, #351, #5242 ) ;
#3941 = DIRECTION ( 'NONE',  ( 0.000000000000000000, 0.000000000000000000, -1.000000000000000000 ) ) ;
#3942 = SURFACE_STYLE_FILL_AREA ( #1041 ) ;
#3943 =( NAMED_UNIT ( * ) PLANE_ANGLE_UNIT ( ) SI_UNIT ( $, .RADIAN. ) );
#3944 = CARTESIAN_POINT ( 'NONE',  ( -1.103581129629361612, -0.5335811296293614392, 0.4399999999999999467 ) ) ;
#3945 = CARTESIAN_POINT ( 'NONE',  ( -1.170000000000000373, 1.259999999999999343, -0.2295753528268036636 ) ) ;
#3946 = EDGE_LOOP ( 'NONE', ( #369, #3896, #456, #4749 ) ) ;
#3947 = SURFACE_STYLE_FILL_AREA ( #731 ) ;
#3948 = FACE_OUTER_BOUND ( 'NONE', #1668, .T. ) ;
#3949 = ORIENTED_EDGE ( 'NONE', *, *, #2182, .T. ) ;
#3950 = EDGE_LOOP ( 'NONE', ( #3156, #2858, #1555, #1866 ) ) ;
#3951 = MECHANICAL_DESIGN_GEOMETRIC_PRESENTATION_REPRESENTATION (  '', ( #981 ), #4776 ) ;
#3952 = FILL_AREA_STYLE ('',( #4392 ) ) ;
#3953 = VECTOR ( 'NONE', #5061, 1000.000000000000000 ) ;
#3954 = CARTESIAN_POINT ( 'NONE',  ( -0.7300000000000004263, 1.159999999999999032, -0.1199999999999997735 ) ) ;
#3955 = ORIENTED_EDGE ( 'NONE', *, *, #4637, .F. ) ;
#3956 = LINE ( 'NONE', #2802, #3518 ) ;
#3957 = CIRCLE ( 'NONE', #2669, 0.1999999999999998723 ) ;
#3958 = ORIENTED_EDGE ( 'NONE', *, *, #1367, .F. ) ;
#3959 = FILL_AREA_STYLE ('',( #2298 ) ) ;
#3960 = SURFACE_SIDE_STYLE ('',( #2754 ) ) ;
#3961 = DIRECTION ( 'NONE',  ( 0.000000000000000000, 0.000000000000000000, -1.000000000000000000 ) ) ;
#3962 = AXIS2_PLACEMENT_3D ( 'NONE', #4158, #1230, #509 ) ;
#3963 = CARTESIAN_POINT ( 'NONE',  ( -1.170000000000000373, -0.7999999999999998224, -0.08000000000000000167 ) ) ;
#3964 = CARTESIAN_POINT ( 'NONE',  ( 0.7299999999999995381, -1.399999999999999911, -0.5000000000000000000 ) ) ;
#3965 = CARTESIAN_POINT ( 'NONE',  ( 1.169999999999999707, -1.159999999999999476, -0.2295753528268036636 ) ) ;
#3966 = EDGE_CURVE ( 'NONE', #2630, #4372, #3916, .T. ) ;
#3967 = LINE ( 'NONE', #299, #459 ) ;
#3968 = DIRECTION ( 'NONE',  ( 0.000000000000000000, 3.957832284416030179E-15, -1.000000000000000000 ) ) ;
#3969 = ORIENTED_EDGE ( 'NONE', *, *, #2004, .F. ) ;
#3970 = PLANE ( 'NONE',  #605 ) ;
#3971 = SURFACE_STYLE_FILL_AREA ( #3394 ) ;
#3972 = VECTOR ( 'NONE', #2322, 1000.000000000000000 ) ;
#3973 = VECTOR ( 'NONE', #4560, 1000.000000000000000 ) ;
#3974 = ADVANCED_FACE ( 'NONE', ( #681 ), #2288, .T. ) ;
#3975 =( LENGTH_UNIT ( ) NAMED_UNIT ( * ) SI_UNIT ( .MILLI., .METRE. ) );
#3976 = EDGE_LOOP ( 'NONE', ( #5053, #717, #628, #1291 ) ) ;
#3977 = EDGE_LOOP ( 'NONE', ( #1977, #3955, #1136, #3237 ) ) ;
#3978 = DIRECTION ( 'NONE',  ( 0.000000000000000000, 0.000000000000000000, -1.000000000000000000 ) ) ;
#3979 = SURFACE_STYLE_USAGE ( .BOTH. , #2721 ) ;
#3980 = FILL_AREA_STYLE_COLOUR ( '', #5168 ) ;
#3981 =( BOUNDED_CURVE ( )  B_SPLINE_CURVE ( 3, ( #3728, #4986, #666, #3096 ),
 .UNSPECIFIED., .F., .T. ) 
 B_SPLINE_CURVE_WITH_KNOTS ( ( 4, 4 ),
 ( 0.000000000000000000, 0.005463208521536137841 ),
 .UNSPECIFIED. ) 
 CURVE ( )  GEOMETRIC_REPRESENTATION_ITEM ( )  RATIONAL_B_SPLINE_CURVE ( ( 1.000000000000000000, 0.9999975127809339615, 0.9999975127809339615, 1.000000000000000000 ) ) 
 REPRESENTATION_ITEM ( '' )  );
#3982 = EDGE_LOOP ( 'NONE', ( #491, #2175 ) ) ;
#3983 = MECHANICAL_DESIGN_GEOMETRIC_PRESENTATION_REPRESENTATION (  '', ( #4065 ), #2427 ) ;
#3984 = DIRECTION ( 'NONE',  ( 0.000000000000000000, 0.000000000000000000, 1.000000000000000000 ) ) ;
#3985 = PRESENTATION_STYLE_ASSIGNMENT (( #2342 ) ) ;
#3986 = ADVANCED_FACE ( 'NONE', ( #3706 ), #2051, .T. ) ;
#3987 = ORIENTED_EDGE ( 'NONE', *, *, #2100, .T. ) ;
#3988 = FILL_AREA_STYLE_COLOUR ( '', #5031 ) ;
#3989 = AXIS2_PLACEMENT_3D ( 'NONE', #1787, #3835, #1811 ) ;
#3990 =( NAMED_UNIT ( * ) PLANE_ANGLE_UNIT ( ) SI_UNIT ( $, .RADIAN. ) );
#3991 = FILL_AREA_STYLE ('',( #2008 ) ) ;
#3992 = CARTESIAN_POINT ( 'NONE',  ( -1.183581129629361683, -0.5335811296293614392, 0.4399999999999999467 ) ) ;
#3993 = AXIS2_PLACEMENT_3D ( 'NONE', #1390, #3367, #973 ) ;
#3994 = FACE_OUTER_BOUND ( 'NONE', #2270, .T. ) ;
#3995 =( NAMED_UNIT ( * ) SI_UNIT ( $, .STERADIAN. ) SOLID_ANGLE_UNIT ( ) );
#3996 = AXIS2_PLACEMENT_3D ( 'NONE', #980, #606, #3091 ) ;
#3997 = FILL_AREA_STYLE_COLOUR ( '', #4320 ) ;
#3998 = DIRECTION ( 'NONE',  ( 0.000000000000000000, 0.9975640502598243087, -0.06975647374412512203 ) ) ;
#3999 = AXIS2_PLACEMENT_3D ( 'NONE', #4122, #2159, #3303 ) ;
#4000 = DIRECTION ( 'NONE',  ( 1.000000000000000000, 0.000000000000000000, 0.000000000000000000 ) ) ;
#4001 = DIRECTION ( 'NONE',  ( 0.1039620511844980416, 0.1039620511844979028, 0.9891328443778539814 ) ) ;
#4002 = AXIS2_PLACEMENT_3D ( 'NONE', #2737, #244, #1850 ) ;
#4003 = CARTESIAN_POINT ( 'NONE',  ( -1.170000000000000373, 1.159999999999999476, -0.2295753528268036636 ) ) ;
#4004 = ORIENTED_EDGE ( 'NONE', *, *, #2481, .T. ) ;
#4005 = ORIENTED_EDGE ( 'NONE', *, *, #3284, .F. ) ;
#4006 = SURFACE_STYLE_USAGE ( .BOTH. , #763 ) ;
#4007 = CARTESIAN_POINT ( 'NONE',  ( -1.170000000000000373, 0.9999999999999997780, -0.2855262579950638147 ) ) ;
#4008 = EDGE_CURVE ( 'NONE', #4230, #1075, #2825, .T. ) ;
#4009 = CARTESIAN_POINT ( 'NONE',  ( 1.375273160256224259, 0.7999996269169085128, -0.08000354964850761585 ) ) ;
#4010 = ADVANCED_FACE ( 'NONE', ( #3737 ), #37, .T. ) ;
#4011 = CARTESIAN_POINT ( 'NONE',  ( 0.2199999999999996125, 1.399999999999999911, -0.5000000000000000000 ) ) ;
#4012 = VECTOR ( 'NONE', #3692, 1000.000000000000000 ) ;
#4013 = AXIS2_PLACEMENT_3D ( 'NONE', #2379, #1319, #3326 ) ;
#4014 = VERTEX_POINT ( 'NONE', #1670 ) ;
#4015 = CARTESIAN_POINT ( 'NONE',  ( 1.449998880753507580, 0.7254097386008874215, 0.08001064891904102749 ) ) ;
#4016 = AXIS2_PLACEMENT_3D ( 'NONE', #1483, #2327, #668 ) ;
#4017 = DIRECTION ( 'NONE',  ( 1.000000000000000000, 0.000000000000000000, 0.000000000000000000 ) ) ;
#4018 = ORIENTED_EDGE ( 'NONE', *, *, #2696, .F. ) ;
#4019 = AXIS2_PLACEMENT_3D ( 'NONE', #860, #1250, #2093 ) ;
#4020 = COLOUR_RGB ( '',0.8039215686274510109, 0.8039215686274510109, 0.8039215686274510109 ) ;
#4021 = PRESENTATION_STYLE_ASSIGNMENT (( #3172 ) ) ;
#4022 = CARTESIAN_POINT ( 'NONE',  ( -1.433513194572082927, -0.7089240524194622139, -0.2368614755270582739 ) ) ;
#4023 = UNCERTAINTY_MEASURE_WITH_UNIT (LENGTH_MEASURE( 1.000000000000000082E-05 ), #3849, 'distance_accuracy_value', 'NONE');
#4024 = STYLED_ITEM ( 'NONE', ( #356 ), #2623 ) ;
#4025 = CARTESIAN_POINT ( 'NONE',  ( 1.449999999999999734, 0.7681702717819823834, -0.3828396347450740422 ) ) ;
#4026 = DIRECTION ( 'NONE',  ( 1.000000000000000000, 0.000000000000000000, 0.000000000000000000 ) ) ;
#4027 = DIRECTION ( 'NONE',  ( 0.000000000000000000, -1.000000000000000000, 1.351951388106424944E-15 ) ) ;
#4028 = SURFACE_SIDE_STYLE ('',( #5245 ) ) ;
#4029 = CARTESIAN_POINT ( 'NONE',  ( 1.449999626916908202, -0.7252731602562245694, 0.08000354964850762973 ) ) ;
#4030 = LINE ( 'NONE', #379, #3201 ) ;
#4031 = ORIENTED_EDGE ( 'NONE', *, *, #1679, .T. ) ;
#4032 = ORIENTED_EDGE ( 'NONE', *, *, #3918, .T. ) ;
#4033 = CARTESIAN_POINT ( 'NONE',  ( 0.2199999999999996125, 1.199999999999999956, -0.2855262579950635371 ) ) ;
#4034 = CARTESIAN_POINT ( 'NONE',  ( -0.7300000000000004263, 0.8999999999999999112, -0.1800000000000000211 ) ) ;
#4035 = SURFACE_STYLE_USAGE ( .BOTH. , #791 ) ;
#4036 = EDGE_CURVE ( 'NONE', #3452, #3514, #3291, .T. ) ;
#4037 = EDGE_CURVE ( 'NONE', #3364, #119, #1912, .T. ) ;
#4038 = ORIENTED_EDGE ( 'NONE', *, *, #2922, .F. ) ;
#4039 =( LENGTH_UNIT ( ) NAMED_UNIT ( * ) SI_UNIT ( .MILLI., .METRE. ) );
#4040 = FILL_AREA_STYLE ('',( #1576 ) ) ;
#4041 = PRESENTATION_LAYER_ASSIGNMENT (  '', '', ( #3759 ) ) ;
#4042 = ORIENTED_EDGE ( 'NONE', *, *, #4494, .F. ) ;
#4043 = CARTESIAN_POINT ( 'NONE',  ( -0.2200000000000004730, 0.9599999999999994094, 0.07999999999999998779 ) ) ;
#4044 = EDGE_CURVE ( 'NONE', #4931, #2880, #2901, .T. ) ;
#4045 = FILL_AREA_STYLE_COLOUR ( '', #2267 ) ;
#4046 = ORIENTED_EDGE ( 'NONE', *, *, #489, .T. ) ;
#4047 = CARTESIAN_POINT ( 'NONE',  ( 1.169999999999999707, 0.9599999999999994094, -0.1199999999999999956 ) ) ;
#4048 = COLOUR_RGB ( '',0.8039215686274510109, 0.8039215686274510109, 0.8039215686274510109 ) ;
#4049 = CARTESIAN_POINT ( 'NONE',  ( 0.7299999999999995381, 0.7999999999999998224, 0.08000000000000000167 ) ) ;
#4050 = DIRECTION ( 'NONE',  ( 0.000000000000000000, 0.000000000000000000, -1.000000000000000000 ) ) ;
#4051 = MANIFOLD_SOLID_BREP ( 'LPattern1[2]', #2507 ) ;
#4052 = FILL_AREA_STYLE_COLOUR ( '', #946 ) ;
#4053 = ORIENTED_EDGE ( 'NONE', *, *, #2553, .F. ) ;
#4054 = ORIENTED_EDGE ( 'NONE', *, *, #1976, .F. ) ;
#4055 = FILL_AREA_STYLE ('',( #35 ) ) ;
#4056 = CARTESIAN_POINT ( 'NONE',  ( -1.170000000000000373, 0.7999999999999998224, -0.08000000000000000167 ) ) ;
#4057 = COLOUR_RGB ( '',0.8039215686274510109, 0.8039215686274510109, 0.8039215686274510109 ) ;
#4058 = FILL_AREA_STYLE ('',( #1210 ) ) ;
#4059 = VECTOR ( 'NONE', #1098, 1000.000000000000000 ) ;
#4060 = VERTEX_POINT ( 'NONE', #196 ) ;
#4061 = CARTESIAN_POINT ( 'NONE',  ( -0.2200000000000004730, -0.8999999999999999112, -0.08000000000000000167 ) ) ;
#4062 = DIRECTION ( 'NONE',  ( 0.000000000000000000, 0.000000000000000000, -1.000000000000000000 ) ) ;
#4063 = CARTESIAN_POINT ( 'NONE',  ( 0.7299999999999995381, -1.199999999999999956, -0.2855262579950635371 ) ) ;
#4064 = EDGE_CURVE ( 'NONE', #4848, #1104, #2489, .T. ) ;
#4065 = STYLED_ITEM ( 'NONE', ( #637 ), #552 ) ;
#4066 = PLANE ( 'NONE',  #2723 ) ;
#4067 = CARTESIAN_POINT ( 'NONE',  ( -1.449760935694446751, -0.7689633922518405162, 0.08227454493103546207 ) ) ;
#4068 = LINE ( 'NONE', #3600, #358 ) ;
#4069 = ORIENTED_EDGE ( 'NONE', *, *, #4575, .T. ) ;
#4070 = EDGE_CURVE ( 'NONE', #1176, #89, #618, .T. ) ;
#4071 = FILL_AREA_STYLE_COLOUR ( '', #148 ) ;
#4072 = FILL_AREA_STYLE_COLOUR ( '', #3652 ) ;
#4073 = SURFACE_SIDE_STYLE ('',( #448 ) ) ;
#4074 = SURFACE_STYLE_USAGE ( .BOTH. , #4028 ) ;
#4075 = DIRECTION ( 'NONE',  ( -0.000000000000000000, -0.000000000000000000, 1.000000000000000000 ) ) ;
#4076 = VECTOR ( 'NONE', #3467, 1000.000000000000000 ) ;
#4077 = DIRECTION ( 'NONE',  ( 0.000000000000000000, -1.000000000000000000, 0.000000000000000000 ) ) ;
#4078 = SURFACE_STYLE_FILL_AREA ( #882 ) ;
#4079 = ORIENTED_EDGE ( 'NONE', *, *, #5055, .F. ) ;
#4080 = ORIENTED_EDGE ( 'NONE', *, *, #3624, .T. ) ;
#4081 = VECTOR ( 'NONE', #3712, 1000.000000000000000 ) ;
#4082 =( LENGTH_UNIT ( ) NAMED_UNIT ( * ) SI_UNIT ( .MILLI., .METRE. ) );
#4083 = AXIS2_PLACEMENT_3D ( 'NONE', #4172, #4526, #4556 ) ;
#4084 = EDGE_CURVE ( 'NONE', #4256, #3427, #225, .T. ) ;
#4085 = AXIS2_PLACEMENT_3D ( 'NONE', #4962, #5008, #1767 ) ;
#4086 = ORIENTED_EDGE ( 'NONE', *, *, #1913, .T. ) ;
#4087 = AXIS2_PLACEMENT_3D ( 'NONE', #5205, #5286, #818 ) ;
#4088 = DIRECTION ( 'NONE',  ( 1.000000000000000000, 0.000000000000000000, 0.000000000000000000 ) ) ;
#4089 = PLANE ( 'NONE',  #492 ) ;
#4090 = PRODUCT_DEFINITION_CONTEXT ( 'detailed design', #3833, 'design' ) ;
#4091 = DIRECTION ( 'NONE',  ( 0.000000000000000000, 1.000000000000000000, -8.470329472543026810E-17 ) ) ;
#4092 = VECTOR ( 'NONE', #2961, 1000.000000000000000 ) ;
#4093 = AXIS2_PLACEMENT_3D ( 'NONE', #2506, #2537, #2227 ) ;
#4094 = SURFACE_STYLE_USAGE ( .BOTH. , #1189 ) ;
#4095 = VERTEX_POINT ( 'NONE', #2656 ) ;
#4096 = DIRECTION ( 'NONE',  ( 1.000000000000000000, 0.000000000000000000, 0.000000000000000000 ) ) ;
#4097 = VECTOR ( 'NONE', #4497, 1000.000000000000000 ) ;
#4098 = MECHANICAL_DESIGN_GEOMETRIC_PRESENTATION_REPRESENTATION (  '', ( #1286 ), #869 ) ;
#4099 = DIRECTION ( 'NONE',  ( 0.000000000000000000, 0.000000000000000000, -1.000000000000000000 ) ) ;
#4100 = CARTESIAN_POINT ( 'NONE',  ( -0.2200000000000004730, 1.000000000000000000, -0.2855262579950638147 ) ) ;
#4101 = LINE ( 'NONE', #2425, #1642 ) ;
#4102 = PLANE ( 'NONE',  #1500 ) ;
#4103 = EDGE_CURVE ( 'NONE', #1495, #4972, #1805, .T. ) ;
#4104 = EDGE_CURVE ( 'NONE', #2880, #3490, #4626, .T. ) ;
#4105 = AXIS2_PLACEMENT_3D ( 'NONE', #589, #3853, #5049 ) ;
#4106 = DIRECTION ( 'NONE',  ( 0.000000000000000000, -1.000000000000000000, -8.470329472543025577E-17 ) ) ;
#4107 = FILL_AREA_STYLE ('',( #140 ) ) ;
#4108 = ORIENTED_EDGE ( 'NONE', *, *, #2263, .T. ) ;
#4109 =( GEOMETRIC_REPRESENTATION_CONTEXT ( 3 ) GLOBAL_UNCERTAINTY_ASSIGNED_CONTEXT ( ( #2681 ) ) GLOBAL_UNIT_ASSIGNED_CONTEXT ( ( #1833, #3456, #3635 ) ) REPRESENTATION_CONTEXT ( 'NONE', 'WORKASPACE' ) );
#4110 = FACE_OUTER_BOUND ( 'NONE', #3268, .T. ) ;
#4111 = CARTESIAN_POINT ( 'NONE',  ( 1.449999999999999734, 0.6935811296293619144, -0.3750000000000000000 ) ) ;
#4112 = AXIS2_PLACEMENT_3D ( 'NONE', #2832, #820, #2419 ) ;
#4113 = UNCERTAINTY_MEASURE_WITH_UNIT (LENGTH_MEASURE( 1.000000000000000082E-05 ), #2261, 'distance_accuracy_value', 'NONE');
#4114 = EDGE_CURVE ( 'NONE', #5248, #2462, #3796, .T. ) ;
#4115 = ORIENTED_EDGE ( 'NONE', *, *, #2731, .F. ) ;
#4116 = SURFACE_STYLE_FILL_AREA ( #3668 ) ;
#4117 = FACE_OUTER_BOUND ( 'NONE', #952, .T. ) ;
#4118 = CARTESIAN_POINT ( 'NONE',  ( -1.170000000000000373, 1.399999999999999689, -0.3396092963070124204 ) ) ;
#4119 = SURFACE_STYLE_FILL_AREA ( #3716 ) ;
#4120 = DIRECTION ( 'NONE',  ( 1.000000000000000000, 0.000000000000000000, 0.000000000000000000 ) ) ;
#4121 = VERTEX_POINT ( 'NONE', #4712 ) ;
#4122 = CARTESIAN_POINT ( 'NONE',  ( 1.343581129629361159, -0.6935811296293614703, 0.3750000000000000000 ) ) ;
#4123 =( GEOMETRIC_REPRESENTATION_CONTEXT ( 3 ) GLOBAL_UNCERTAINTY_ASSIGNED_CONTEXT ( ( #5163 ) ) GLOBAL_UNIT_ASSIGNED_CONTEXT ( ( #3579, #4380, #4479 ) ) REPRESENTATION_CONTEXT ( 'NONE', 'WORKASPACE' ) );
#4124 = SURFACE_SIDE_STYLE ('',( #4502 ) ) ;
#4125 = SURFACE_SIDE_STYLE ('',( #1322 ) ) ;
#4126 = AXIS2_PLACEMENT_3D ( 'NONE', #4253, #1812, #2662 ) ;
#4127 = AXIS2_PLACEMENT_3D ( 'NONE', #2195, #113, #4675 ) ;
#4128 = ADVANCED_FACE ( 'NONE', ( #169 ), #1751, .T. ) ;
#4129 = FACE_OUTER_BOUND ( 'NONE', #3663, .T. ) ;
#4130 = PLANE ( 'NONE',  #4093 ) ;
#4131 = EDGE_LOOP ( 'NONE', ( #4548, #883, #809 ) ) ;
#4132 = PLANE ( 'NONE',  #2522 ) ;
#4133 = FILL_AREA_STYLE ('',( #3980 ) ) ;
#4134 = ADVANCED_FACE ( 'NONE', ( #5133 ), #1466, .F. ) ;
#4135 = VERTEX_POINT ( 'NONE', #4650 ) ;
#4136 = ORIENTED_EDGE ( 'NONE', *, *, #4378, .F. ) ;
#4137 = ORIENTED_EDGE ( 'NONE', *, *, #1581, .F. ) ;
#4138 = SURFACE_SIDE_STYLE ('',( #2493 ) ) ;
#4139 =( NAMED_UNIT ( * ) PLANE_ANGLE_UNIT ( ) SI_UNIT ( $, .RADIAN. ) );
#4140 = DIRECTION ( 'NONE',  ( 1.000000000000000000, 0.000000000000000000, 0.000000000000000000 ) ) ;
#4141 = STYLED_ITEM ( 'NONE', ( #3307 ), #1014 ) ;
#4142 = VECTOR ( 'NONE', #3910, 1000.000000000000000 ) ;
#4143 = ORIENTED_EDGE ( 'NONE', *, *, #4922, .T. ) ;
#4144 = EDGE_CURVE ( 'NONE', #2436, #3222, #5009, .T. ) ;
#4145 = CARTESIAN_POINT ( 'NONE',  ( -1.170000000000000373, -1.159999999999999476, -0.2295753528268036636 ) ) ;
#4146 = LINE ( 'NONE', #3379, #3027 ) ;
#4147 = DIRECTION ( 'NONE',  ( 1.000000000000000000, 0.000000000000000000, 0.000000000000000000 ) ) ;
#4148 =( NAMED_UNIT ( * ) PLANE_ANGLE_UNIT ( ) SI_UNIT ( $, .RADIAN. ) );
#4149 = UNCERTAINTY_MEASURE_WITH_UNIT (LENGTH_MEASURE( 1.000000000000000082E-05 ), #997, 'distance_accuracy_value', 'NONE');
#4150 = CARTESIAN_POINT ( 'NONE',  ( -0.2200000000000004730, -0.9999999999999997780, -0.2855262579950638147 ) ) ;
#4151 = LINE ( 'NONE', #4237, #2247 ) ;
#4152 = AXIS2_PLACEMENT_3D ( 'NONE', #962, #4939, #2145 ) ;
#4153 = DIRECTION ( 'NONE',  ( 1.000000000000000000, 0.000000000000000000, 0.000000000000000000 ) ) ;
#4154 = CARTESIAN_POINT ( 'NONE',  ( 0.2199999999999996125, -1.000000000000000000, -0.2855262579950638147 ) ) ;
#4155 = COLOUR_RGB ( '',0.8039215686274510109, 0.8039215686274510109, 0.8039215686274510109 ) ;
#4156 = VERTEX_POINT ( 'NONE', #3355 ) ;
#4157 =( NAMED_UNIT ( * ) SI_UNIT ( $, .STERADIAN. ) SOLID_ANGLE_UNIT ( ) );
#4158 = CARTESIAN_POINT ( 'NONE',  ( -1.183581129629361683, -0.5335811296293614392, 0.4500000000000000111 ) ) ;
#4159 =( GEOMETRIC_REPRESENTATION_CONTEXT ( 3 ) GLOBAL_UNCERTAINTY_ASSIGNED_CONTEXT ( ( #3370 ) ) GLOBAL_UNIT_ASSIGNED_CONTEXT ( ( #3403, #3802, #2574 ) ) REPRESENTATION_CONTEXT ( 'NONE', 'WORKASPACE' ) );
#4160 = ORIENTED_EDGE ( 'NONE', *, *, #4788, .T. ) ;
#4161 = VERTEX_POINT ( 'NONE', #3847 ) ;
#4162 =( GEOMETRIC_REPRESENTATION_CONTEXT ( 3 ) GLOBAL_UNCERTAINTY_ASSIGNED_CONTEXT ( ( #1702 ) ) GLOBAL_UNIT_ASSIGNED_CONTEXT ( ( #122, #3687, #3644 ) ) REPRESENTATION_CONTEXT ( 'NONE', 'WORKASPACE' ) );
#4163 = ORIENTED_EDGE ( 'NONE', *, *, #5260, .T. ) ;
#4164 = EDGE_CURVE ( 'NONE', #2314, #4852, #2221, .T. ) ;
#4165 = PRESENTATION_LAYER_ASSIGNMENT (  '', '', ( #86 ) ) ;
#4166 = EDGE_CURVE ( 'NONE', #4589, #392, #2583, .T. ) ;
#4167 = FACE_OUTER_BOUND ( 'NONE', #2600, .T. ) ;
#4168 = UNCERTAINTY_MEASURE_WITH_UNIT (LENGTH_MEASURE( 1.000000000000000082E-05 ), #4771, 'distance_accuracy_value', 'NONE');
#4169 = DIRECTION ( 'NONE',  ( 1.000000000000000000, 0.000000000000000000, 0.000000000000000000 ) ) ;
#4170 = ORIENTED_EDGE ( 'NONE', *, *, #1649, .F. ) ;
#4171 = CIRCLE ( 'NONE', #1869, 0.07499999999999998335 ) ;
#4172 = CARTESIAN_POINT ( 'NONE',  ( -1.170000000000000373, 1.253024352625586868, -0.3293317578527861222 ) ) ;
#4173 = CARTESIAN_POINT ( 'NONE',  ( -1.170000000000000373, 1.253024352625586868, -0.3293317578527860667 ) ) ;
#4174 = COLOUR_RGB ( '',0.8039215686274510109, 0.8039215686274510109, 0.8039215686274510109 ) ;
#4175 = DIRECTION ( 'NONE',  ( -1.000000000000000000, 0.000000000000000000, 0.000000000000000000 ) ) ;
#4176 = DIRECTION ( 'NONE',  ( -1.000000000000000000, 0.000000000000000000, -0.000000000000000000 ) ) ;
#4177 = AXIS2_PLACEMENT_3D ( 'NONE', #1773, #1097, #3880 ) ;
#4178 = EDGE_CURVE ( 'NONE', #1981, #3163, #1798, .T. ) ;
#4179 = CARTESIAN_POINT ( 'NONE',  ( 1.169999999999999707, -1.399999999999999911, -0.5000000000000000000 ) ) ;
#4180 = DIRECTION ( 'NONE',  ( 0.000000000000000000, -0.9975640502598243087, 0.06975647374412440038 ) ) ;
#4181 = VECTOR ( 'NONE', #4813, 1000.000000000000000 ) ;
#4182 = CARTESIAN_POINT ( 'NONE',  ( -1.450000000000000400, -0.7251365803828911938, -0.07999999999999990452 ) ) ;
#4183 = DIRECTION ( 'NONE',  ( 1.000000000000000000, 0.000000000000000000, 0.000000000000000000 ) ) ;
#4184 =( GEOMETRIC_REPRESENTATION_CONTEXT ( 3 ) GLOBAL_UNCERTAINTY_ASSIGNED_CONTEXT ( ( #2551 ) ) GLOBAL_UNIT_ASSIGNED_CONTEXT ( ( #4082, #2509, #59 ) ) REPRESENTATION_CONTEXT ( 'NONE', 'WORKASPACE' ) );
#4185 = ORIENTED_EDGE ( 'NONE', *, *, #3860, .T. ) ;
#4186 = CARTESIAN_POINT ( 'NONE',  ( 0.7299999999999995381, -1.253024352625586868, -0.3293317578527860667 ) ) ;
#4187 =( NAMED_UNIT ( * ) SI_UNIT ( $, .STERADIAN. ) SOLID_ANGLE_UNIT ( ) );
#4188 = VERTEX_POINT ( 'NONE', #2592 ) ;
#4189 = ORIENTED_EDGE ( 'NONE', *, *, #1712, .F. ) ;
#4190 = ORIENTED_EDGE ( 'NONE', *, *, #2042, .F. ) ;
#4191 = CARTESIAN_POINT ( 'NONE',  ( 1.343581129629361159, 0.6935811296293619144, 0.3750000000000000000 ) ) ;
#4192 = AXIS2_PLACEMENT_3D ( 'NONE', #3175, #749, #1989 ) ;
#4193 = FILL_AREA_STYLE ('',( #3344 ) ) ;
#4194 = CARTESIAN_POINT ( 'NONE',  ( -0.2200000000000004730, 1.159999999999999032, -0.1199999999999997735 ) ) ;
#4195 = UNCERTAINTY_MEASURE_WITH_UNIT (LENGTH_MEASURE( 1.000000000000000082E-05 ), #2191, 'distance_accuracy_value', 'NONE');
#4196 = EDGE_CURVE ( 'NONE', #2135, #5048, #1154, .T. ) ;
#4197 = EDGE_CURVE ( 'NONE', #4220, #4276, #4151, .T. ) ;
#4198 = LINE ( 'NONE', #4224, #4012 ) ;
#4199 = VERTEX_POINT ( 'NONE', #216 ) ;
#4200 = FILL_AREA_STYLE_COLOUR ( '', #4691 ) ;
#4201 = CARTESIAN_POINT ( 'NONE',  ( -0.2200000000000004730, 0.7999999999999998224, -0.08000000000000000167 ) ) ;
#4202 = EDGE_CURVE ( 'NONE', #5137, #5285, #1717, .T. ) ;
#4203 = ORIENTED_EDGE ( 'NONE', *, *, #4956, .T. ) ;
#4204 = FILL_AREA_STYLE ('',( #902 ) ) ;
#4205 =( GEOMETRIC_REPRESENTATION_CONTEXT ( 3 ) GLOBAL_UNCERTAINTY_ASSIGNED_CONTEXT ( ( #1102 ) ) GLOBAL_UNIT_ASSIGNED_CONTEXT ( ( #2377, #3943, #2014 ) ) REPRESENTATION_CONTEXT ( 'NONE', 'WORKASPACE' ) );
#4206 = CARTESIAN_POINT ( 'NONE',  ( 0.7299999999999995381, 0.8999999999999999112, -0.08000000000000000167 ) ) ;
#4207 = FILL_AREA_STYLE_COLOUR ( '', #4057 ) ;
#4208 = UNCERTAINTY_MEASURE_WITH_UNIT (LENGTH_MEASURE( 1.000000000000000082E-05 ), #4559, 'distance_accuracy_value', 'NONE');
#4209 = FILL_AREA_STYLE_COLOUR ( '', #4944 ) ;
#4210 =( NAMED_UNIT ( * ) PLANE_ANGLE_UNIT ( ) SI_UNIT ( $, .RADIAN. ) );
#4211 = LINE ( 'NONE', #1382, #2313 ) ;
#4212 = AXIS2_PLACEMENT_3D ( 'NONE', #3772, #1631, #3743 ) ;
#4213 = CARTESIAN_POINT ( 'NONE',  ( -0.7300000000000004263, -1.186048705251175006, -0.4850390680470285654 ) ) ;
#4214 = UNCERTAINTY_MEASURE_WITH_UNIT (LENGTH_MEASURE( 1.000000000000000082E-05 ), #4467, 'distance_accuracy_value', 'NONE');
#4215 = ORIENTED_EDGE ( 'NONE', *, *, #3032, .F. ) ;
#4216 = FACE_OUTER_BOUND ( 'NONE', #2959, .T. ) ;
#4217 = DIRECTION ( 'NONE',  ( 1.000000000000000000, 0.000000000000000000, 0.000000000000000000 ) ) ;
#4218 = COLOUR_RGB ( '',0.8039215686274510109, 0.8039215686274510109, 0.8039215686274510109 ) ;
#4219 = EDGE_CURVE ( 'NONE', #4397, #5151, #4296, .T. ) ;
#4220 = VERTEX_POINT ( 'NONE', #187 ) ;
#4221 = VERTEX_POINT ( 'NONE', #3386 ) ;
#4222 = VERTEX_POINT ( 'NONE', #2970 ) ;
#4223 = DIRECTION ( 'NONE',  ( 0.000000000000000000, -1.000000000000000000, -8.470329472543026810E-17 ) ) ;
#4224 = CARTESIAN_POINT ( 'NONE',  ( 0.2199999999999996125, 1.159999999999999032, -0.1199999999999997735 ) ) ;
#4225 = ORIENTED_EDGE ( 'NONE', *, *, #3717, .F. ) ;
#4226 = DIRECTION ( 'NONE',  ( 0.000000000000000000, 0.000000000000000000, -1.000000000000000000 ) ) ;
#4227 = PRESENTATION_STYLE_ASSIGNMENT (( #3068 ) ) ;
#4228 = VECTOR ( 'NONE', #3253, 1000.000000000000114 ) ;
#4229 = PRESENTATION_LAYER_ASSIGNMENT (  '', '', ( #5090 ) ) ;
#4230 = VERTEX_POINT ( 'NONE', #3417 ) ;
#4231 = LINE ( 'NONE', #5067, #1081 ) ;
#4232 = CARTESIAN_POINT ( 'NONE',  ( -0.7300000000000004263, -1.159999999999999476, -0.2295753528268036636 ) ) ;
#4233 = SURFACE_STYLE_USAGE ( .BOTH. , #1323 ) ;
#4234 = EDGE_CURVE ( 'NONE', #4383, #3588, #5259, .T. ) ;
#4235 = ADVANCED_FACE ( 'NONE', ( #2941 ), #4562, .T. ) ;
#4236 = CARTESIAN_POINT ( 'NONE',  ( -1.170000000000000373, 1.199999999999999956, -0.2855262579950635371 ) ) ;
#4237 = CARTESIAN_POINT ( 'NONE',  ( -1.170000000000000373, 1.399999999999999689, -0.3396092963070124204 ) ) ;
#4238 = PLANE ( 'NONE',  #1680 ) ;
#4239 = CARTESIAN_POINT ( 'NONE',  ( -1.450000000000000178, -0.7249999999999998668, 0.08000000000000000167 ) ) ;
#4240 = CARTESIAN_POINT ( 'NONE',  ( -1.170000000000000373, -0.9599999999999994094, -0.1199999999999999956 ) ) ;
#4241 = DIRECTION ( 'NONE',  ( -1.000000000000000000, -0.000000000000000000, -0.000000000000000000 ) ) ;
#4242 = PRESENTATION_LAYER_ASSIGNMENT (  '', '', ( #2347 ) ) ;
#4243 = ORIENTED_EDGE ( 'NONE', *, *, #2430, .T. ) ;
#4244 = LINE ( 'NONE', #967, #1285 ) ;
#4245 = AXIS2_PLACEMENT_3D ( 'NONE', #1107, #1130, #4362 ) ;
#4246 = CARTESIAN_POINT ( 'NONE',  ( -1.170000000000000373, -1.159999999999999032, -0.1199999999999997735 ) ) ;
#4247 = VERTEX_POINT ( 'NONE', #138 ) ;
#4248 = ORIENTED_EDGE ( 'NONE', *, *, #4537, .F. ) ;
#4249 = EDGE_CURVE ( 'NONE', #3587, #5274, #1741, .T. ) ;
#4250 = CARTESIAN_POINT ( 'NONE',  ( 0.2199999999999996125, 1.000000000000000000, -0.2855262579950638147 ) ) ;
#4251 = CARTESIAN_POINT ( 'NONE',  ( 1.376217025357843182, 0.7262170253578437151, 0.06449019374921866055 ) ) ;
#4252 = AXIS2_PLACEMENT_3D ( 'NONE', #182, #3498, #1399 ) ;
#4253 = CARTESIAN_POINT ( 'NONE',  ( -1.170000000000000373, -1.199999999999999956, -0.2855262579950635371 ) ) ;
#4254 = CARTESIAN_POINT ( 'NONE',  ( -1.375409738600887888, -0.7999988807535080015, -0.08001064891903696130 ) ) ;
#4255 = VECTOR ( 'NONE', #326, 1000.000000000000114 ) ;
#4256 = VERTEX_POINT ( 'NONE', #4849 ) ;
#4257 = DIRECTION ( 'NONE',  ( 1.000000000000000000, 0.000000000000000000, 0.000000000000000000 ) ) ;
#4258 = CIRCLE ( 'NONE', #4595, 0.1999999999999998723 ) ;
#4259 = ORIENTED_EDGE ( 'NONE', *, *, #275, .T. ) ;
#4260 = LINE ( 'NONE', #4699, #3274 ) ;
#4261 = FILL_AREA_STYLE_COLOUR ( '', #3195 ) ;
#4262 = DIRECTION ( 'NONE',  ( 0.000000000000000000, 0.000000000000000000, 1.000000000000000000 ) ) ;
#4263 = SURFACE_STYLE_USAGE ( .BOTH. , #2917 ) ;
#4264 = SURFACE_SIDE_STYLE ('',( #4619 ) ) ;
#4265 =( GEOMETRIC_REPRESENTATION_CONTEXT ( 3 ) GLOBAL_UNCERTAINTY_ASSIGNED_CONTEXT ( ( #3293 ) ) GLOBAL_UNIT_ASSIGNED_CONTEXT ( ( #4529, #5264, #1240 ) ) REPRESENTATION_CONTEXT ( 'NONE', 'WORKASPACE' ) );
#4266 = DIRECTION ( 'NONE',  ( 0.000000000000000000, 4.109696271182928860E-15, 1.000000000000000000 ) ) ;
#4267 = EDGE_CURVE ( 'NONE', #147, #47, #1980, .T. ) ;
#4268 = EDGE_CURVE ( 'NONE', #4372, #766, #4423, .T. ) ;
#4269 = CYLINDRICAL_SURFACE ( 'NONE', #3922, 0.1999999999999998723 ) ;
#4270 = SURFACE_SIDE_STYLE ('',( #1745 ) ) ;
#4271 = ORIENTED_EDGE ( 'NONE', *, *, #3861, .F. ) ;
#4272 = DIRECTION ( 'NONE',  ( -0.000000000000000000, 1.000000000000000000, -0.000000000000000000 ) ) ;
#4273 = STYLED_ITEM ( 'NONE', ( #374 ), #2303 ) ;
#4274 = PLANE ( 'NONE',  #2649 ) ;
#4275 = ORIENTED_EDGE ( 'NONE', *, *, #3357, .T. ) ;
#4276 = VERTEX_POINT ( 'NONE', #768 ) ;
#4277 = DIRECTION ( 'NONE',  ( -1.000000000000000000, 1.445602896647339508E-15, 0.000000000000000000 ) ) ;
#4278 = FILL_AREA_STYLE ('',( #5140 ) ) ;
#4279 = CARTESIAN_POINT ( 'NONE',  ( -0.2200000000000004730, -1.253024352625586868, -0.3293317578527861222 ) ) ;
#4280 = ORIENTED_EDGE ( 'NONE', *, *, #3829, .T. ) ;
#4281 = SURFACE_STYLE_FILL_AREA ( #2728 ) ;
#4282 = CARTESIAN_POINT ( 'NONE',  ( 0.2199999999999996125, 1.399999999999999689, -0.3396092963070124204 ) ) ;
#4283 = PRESENTATION_LAYER_ASSIGNMENT (  '', '', ( #3159 ) ) ;
#4284 = DIRECTION ( 'NONE',  ( 0.000000000000000000, 0.000000000000000000, -1.000000000000000000 ) ) ;
#4285 = ORIENTED_EDGE ( 'NONE', *, *, #4638, .T. ) ;
#4286 = LINE ( 'NONE', #3548, #4358 ) ;
#4287 = LINE ( 'NONE', #639, #3817 ) ;
#4288 = DIRECTION ( 'NONE',  ( -1.000000000000000000, 0.000000000000000000, 0.000000000000000000 ) ) ;
#4289 = PLANE ( 'NONE',  #3505 ) ;
#4290 = CARTESIAN_POINT ( 'NONE',  ( -1.375000000000000222, 0.7250000000000003109, 0.08000000000000000167 ) ) ;
#4291 = SURFACE_SIDE_STYLE ('',( #3507 ) ) ;
#4292 = ORIENTED_EDGE ( 'NONE', *, *, #3477, .F. ) ;
#4293 = STYLED_ITEM ( 'NONE', ( #2064 ), #514 ) ;
#4294 = DIRECTION ( 'NONE',  ( -0.000000000000000000, -0.000000000000000000, -1.000000000000000000 ) ) ;
#4295 = FACE_OUTER_BOUND ( 'NONE', #2872, .T. ) ;
#4296 =( BOUNDED_CURVE ( )  B_SPLINE_CURVE ( 3, ( #3788, #558, #5074, #1352 ),
 .UNSPECIFIED., .F., .T. ) 
 B_SPLINE_CURVE_WITH_KNOTS ( ( 4, 4 ),
 ( 3.136129445068251531, 3.141592653589793116 ),
 .UNSPECIFIED. ) 
 CURVE ( )  GEOMETRIC_REPRESENTATION_ITEM ( )  RATIONAL_B_SPLINE_CURVE ( ( 1.000000000000000000, 0.9999975127809339615, 0.9999975127809339615, 1.000000000000000000 ) ) 
 REPRESENTATION_ITEM ( '' )  );
#4297 = EDGE_CURVE ( 'NONE', #4593, #4342, #469, .T. ) ;
#4298 = PRESENTATION_STYLE_ASSIGNMENT (( #2542 ) ) ;
#4299 =( GEOMETRIC_REPRESENTATION_CONTEXT ( 3 ) GLOBAL_UNCERTAINTY_ASSIGNED_CONTEXT ( ( #964 ) ) GLOBAL_UNIT_ASSIGNED_CONTEXT ( ( #4039, #1575, #2341 ) ) REPRESENTATION_CONTEXT ( 'NONE', 'WORKASPACE' ) );
#4300 = LINE ( 'NONE', #1025, #5239 ) ;
#4301 = ORIENTED_EDGE ( 'NONE', *, *, #480, .F. ) ;
#4302 = VERTEX_POINT ( 'NONE', #640 ) ;
#4303 = COLOUR_RGB ( '',0.8039215686274510109, 0.8039215686274510109, 0.8039215686274510109 ) ;
#4304 = CARTESIAN_POINT ( 'NONE',  ( 0.2199999999999996125, -0.7999999999999998224, 0.08000000000000000167 ) ) ;
#4305 =( NAMED_UNIT ( * ) PLANE_ANGLE_UNIT ( ) SI_UNIT ( $, .RADIAN. ) );
#4306 = EDGE_CURVE ( 'NONE', #2135, #579, #5236, .T. ) ;
#4307 = SURFACE_SIDE_STYLE ('',( #3891 ) ) ;
#4308 = AXIS2_PLACEMENT_3D ( 'NONE', #4592, #4660, #3767 ) ;
#4309 = ORIENTED_EDGE ( 'NONE', *, *, #2985, .F. ) ;
#4310 = SURFACE_SIDE_STYLE ('',( #1419 ) ) ;
#4311 = CARTESIAN_POINT ( 'NONE',  ( -1.183581129629361683, -0.5335811296293614392, 0.2137258300203045969 ) ) ;
#4312 = ORIENTED_EDGE ( 'NONE', *, *, #2132, .T. ) ;
#4313 = CARTESIAN_POINT ( 'NONE',  ( 1.169999999999999707, -1.259999999999999343, -0.2295753528268036636 ) ) ;
#4314 = EDGE_CURVE ( 'NONE', #3662, #2444, #3443, .T. ) ;
#4315 = VECTOR ( 'NONE', #2220, 1000.000000000000000 ) ;
#4316 = CARTESIAN_POINT ( 'NONE',  ( 1.169999999999999707, 1.399999999999999911, -0.5000000000000000000 ) ) ;
#4317 = DIRECTION ( 'NONE',  ( 0.000000000000000000, 0.000000000000000000, 1.000000000000000000 ) ) ;
#4318 =( NAMED_UNIT ( * ) PLANE_ANGLE_UNIT ( ) SI_UNIT ( $, .RADIAN. ) );
#4319 = CARTESIAN_POINT ( 'NONE',  ( 0.2199999999999996125, 0.7999999999999998224, -0.08000000000000000167 ) ) ;
#4320 = COLOUR_RGB ( '',0.8039215686274510109, 0.8039215686274510109, 0.8039215686274510109 ) ;
#4321 = CARTESIAN_POINT ( 'NONE',  ( -1.418170271781982184, -0.6935811296293614703, -0.3828396347450740422 ) ) ;
#4322 = DIRECTION ( 'NONE',  ( -0.000000000000000000, -1.000000000000000000, -0.000000000000000000 ) ) ;
#4323 = PRESENTATION_STYLE_ASSIGNMENT (( #3673 ) ) ;
#4324 = ORIENTED_EDGE ( 'NONE', *, *, #1141, .T. ) ;
#4325 = DIRECTION ( 'NONE',  ( 0.000000000000000000, 0.000000000000000000, -1.000000000000000000 ) ) ;
#4326 = DIRECTION ( 'NONE',  ( 0.000000000000000000, -0.06975647374412440038, -0.9975640502598243087 ) ) ;
#4327 = AXIS2_PLACEMENT_3D ( 'NONE', #4206, #212, #608 ) ;
#4328 = DIRECTION ( 'NONE',  ( 0.000000000000000000, -1.000000000000000000, 3.957832284416029391E-15 ) ) ;
#4329 = ORIENTED_EDGE ( 'NONE', *, *, #3793, .T. ) ;
#4330 = ORIENTED_EDGE ( 'NONE', *, *, #770, .T. ) ;
#4331 = SURFACE_STYLE_FILL_AREA ( #2795 ) ;
#4332 = CYLINDRICAL_SURFACE ( 'NONE', #166, 0.1999999999999998723 ) ;
#4333 = AXIS2_PLACEMENT_3D ( 'NONE', #909, #4153, #4585 ) ;
#4334 = SURFACE_SIDE_STYLE ('',( #3807 ) ) ;
#4335 = EDGE_CURVE ( 'NONE', #4014, #644, #245, .T. ) ;
#4336 = EDGE_CURVE ( 'NONE', #3169, #4230, #5164, .T. ) ;
#4337 = ORIENTED_EDGE ( 'NONE', *, *, #3685, .F. ) ;
#4338 = VECTOR ( 'NONE', #885, 1000.000000000000000 ) ;
#4339 = CARTESIAN_POINT ( 'NONE',  ( -1.103581129629361612, -0.5335811296293614392, 0.4500000000000000111 ) ) ;
#4340 = SURFACE_STYLE_FILL_AREA ( #3521 ) ;
#4341 = AXIS2_PLACEMENT_3D ( 'NONE', #4251, #541, #598 ) ;
#4342 = VERTEX_POINT ( 'NONE', #1038 ) ;
#4343 = PLANE ( 'NONE',  #2634 ) ;
#4344 = ORIENTED_EDGE ( 'NONE', *, *, #3217, .F. ) ;
#4345 = STYLED_ITEM ( 'NONE', ( #866 ), #3448 ) ;
#4346 =( GEOMETRIC_REPRESENTATION_CONTEXT ( 3 ) GLOBAL_UNCERTAINTY_ASSIGNED_CONTEXT ( ( #950 ) ) GLOBAL_UNIT_ASSIGNED_CONTEXT ( ( #3838, #5112, #2694 ) ) REPRESENTATION_CONTEXT ( 'NONE', 'WORKASPACE' ) );
#4347 = CARTESIAN_POINT ( 'NONE',  ( -1.375273160256225147, 0.7999996269169085128, 0.08000354964850761585 ) ) ;
#4348 = VECTOR ( 'NONE', #3354, 1000.000000000000000 ) ;
#4349 = CARTESIAN_POINT ( 'NONE',  ( -1.450000000000000178, -0.7999999999999998224, 0.08000000000000000167 ) ) ;
#4350 =( NAMED_UNIT ( * ) PLANE_ANGLE_UNIT ( ) SI_UNIT ( $, .RADIAN. ) );
#4351 = VERTEX_POINT ( 'NONE', #794 ) ;
#4352 = AXIS2_PLACEMENT_3D ( 'NONE', #5109, #4772, #3865 ) ;
#4353 = SURFACE_STYLE_USAGE ( .BOTH. , #2713 ) ;
#4354 = CARTESIAN_POINT ( 'NONE',  ( -1.170000000000000373, -0.9599999999999994094, 0.07999999999999998779 ) ) ;
#4355 = UNCERTAINTY_MEASURE_WITH_UNIT (LENGTH_MEASURE( 1.000000000000000082E-05 ), #852, 'distance_accuracy_value', 'NONE');
#4356 = AXIS2_PLACEMENT_3D ( 'NONE', #4279, #627, #3702 ) ;
#4357 = EDGE_LOOP ( 'NONE', ( #520, #1227, #1593, #4498, #1820, #96 ) ) ;
#4358 = VECTOR ( 'NONE', #3904, 1000.000000000000000 ) ;
#4359 =( GEOMETRIC_REPRESENTATION_CONTEXT ( 3 ) GLOBAL_UNCERTAINTY_ASSIGNED_CONTEXT ( ( #4737 ) ) GLOBAL_UNIT_ASSIGNED_CONTEXT ( ( #3001, #190, #3099 ) ) REPRESENTATION_CONTEXT ( 'NONE', 'WORKASPACE' ) );
#4360 = ORIENTED_EDGE ( 'NONE', *, *, #1975, .T. ) ;
#4361 =( NAMED_UNIT ( * ) SI_UNIT ( $, .STERADIAN. ) SOLID_ANGLE_UNIT ( ) );
#4362 = DIRECTION ( 'NONE',  ( 0.9945218953682732899, 0.000000000000000000, 0.1045284632676538178 ) ) ;
#4363 = PRESENTATION_STYLE_ASSIGNMENT (( #4035 ) ) ;
#4364 = MECHANICAL_DESIGN_GEOMETRIC_PRESENTATION_REPRESENTATION (  '', ( #2639 ), #4451 ) ;
#4365 = DIRECTION ( 'NONE',  ( 0.1039620511844979306, 0.1039620511844979306, -0.9891328443778538704 ) ) ;
#4366 = ORIENTED_EDGE ( 'NONE', *, *, #2856, .T. ) ;
#4367 = PLANE ( 'NONE',  #2031 ) ;
#4368 = AXIS2_PLACEMENT_3D ( 'NONE', #2714, #4326, #5190 ) ;
#4369 = CARTESIAN_POINT ( 'NONE',  ( 1.343581129629361159, -0.6935811296293614703, -0.4500000000000000111 ) ) ;
#4370 = ADVANCED_FACE ( 'NONE', ( #817 ), #3594, .T. ) ;
#4371 =( LENGTH_UNIT ( ) NAMED_UNIT ( * ) SI_UNIT ( .MILLI., .METRE. ) );
#4372 = VERTEX_POINT ( 'NONE', #5258 ) ;
#4373 = DIRECTION ( 'NONE',  ( 1.000000000000000000, -0.000000000000000000, 0.000000000000000000 ) ) ;
#4374 = PRESENTATION_STYLE_ASSIGNMENT (( #3621 ) ) ;
#4375 = PRESENTATION_STYLE_ASSIGNMENT (( #1457 ) ) ;
#4376 = CARTESIAN_POINT ( 'NONE',  ( -1.375000000000000222, 0.8000000000000002665, 0.08000000000000000167 ) ) ;
#4377 = AXIS2_PLACEMENT_3D ( 'NONE', #3124, #2395, #4859 ) ;
#4378 = EDGE_CURVE ( 'NONE', #3810, #822, #3675, .T. ) ;
#4379 = LINE ( 'NONE', #3964, #4810 ) ;
#4380 =( NAMED_UNIT ( * ) PLANE_ANGLE_UNIT ( ) SI_UNIT ( $, .RADIAN. ) );
#4381 = DIRECTION ( 'NONE',  ( 0.000000000000000000, -0.9975640502598243087, 0.06975647374412440038 ) ) ;
#4382 = CARTESIAN_POINT ( 'NONE',  ( 1.343581129629361159, -0.7999999999999998224, -0.3750000000000000000 ) ) ;
#4383 = VERTEX_POINT ( 'NONE', #1066 ) ;
#4384 =( NAMED_UNIT ( * ) SI_UNIT ( $, .STERADIAN. ) SOLID_ANGLE_UNIT ( ) );
#4385 = CARTESIAN_POINT ( 'NONE',  ( -1.343581129629361604, -0.6935811296293613593, 0.3750000000000000000 ) ) ;
#4386 = CARTESIAN_POINT ( 'NONE',  ( -0.7300000000000004263, -1.000000000000000000, -0.2855262579950638147 ) ) ;
#4387 = ORIENTED_EDGE ( 'NONE', *, *, #4114, .F. ) ;
#4388 = EDGE_LOOP ( 'NONE', ( #121, #1418, #2151, #3362 ) ) ;
#4389 = CARTESIAN_POINT ( 'NONE',  ( -0.2200000000000004730, -0.9599999999999994094, 0.07999999999999998779 ) ) ;
#4390 = COLOUR_RGB ( '',0.8039215686274510109, 0.8039215686274510109, 0.8039215686274510109 ) ;
#4391 = EDGE_CURVE ( 'NONE', #515, #834, #3476, .T. ) ;
#4392 = FILL_AREA_STYLE_COLOUR ( '', #4218 ) ;
#4393 = AXIS2_PLACEMENT_3D ( 'NONE', #2722, #740, #1598 ) ;
#4394 = ORIENTED_EDGE ( 'NONE', *, *, #3431, .F. ) ;
#4395 = CARTESIAN_POINT ( 'NONE',  ( 1.449999999999999512, 0.7251365803828914158, -0.08000000000000401235 ) ) ;
#4396 =( NAMED_UNIT ( * ) PLANE_ANGLE_UNIT ( ) SI_UNIT ( $, .RADIAN. ) );
#4397 = VERTEX_POINT ( 'NONE', #5124 ) ;
#4398 = CARTESIAN_POINT ( 'NONE',  ( 0.7299999999999995381, 0.9599999999999994094, 0.07999999999999998779 ) ) ;
#4399 =( NAMED_UNIT ( * ) PLANE_ANGLE_UNIT ( ) SI_UNIT ( $, .RADIAN. ) );
#4400 = DIRECTION ( 'NONE',  ( 0.000000000000000000, 0.9945218953682732899, -0.1045284632676538178 ) ) ;
#4401 = AXIS2_PLACEMENT_3D ( 'NONE', #1952, #4288, #2674 ) ;
#4402 = DIRECTION ( 'NONE',  ( -0.1039620511844979306, -0.1039620511844979306, 0.9891328443778538704 ) ) ;
#4403 = FACE_OUTER_BOUND ( 'NONE', #33, .T. ) ;
#4404 =( NAMED_UNIT ( * ) PLANE_ANGLE_UNIT ( ) SI_UNIT ( $, .RADIAN. ) );
#4405 = ADVANCED_FACE ( 'NONE', ( #2388 ), #3192, .T. ) ;
#4406 = DIRECTION ( 'NONE',  ( 0.000000000000000000, 0.000000000000000000, -1.000000000000000000 ) ) ;
#4407 = EDGE_CURVE ( 'NONE', #4121, #515, #3956, .T. ) ;
#4408 = ORIENTED_EDGE ( 'NONE', *, *, #1311, .F. ) ;
#4409 = SURFACE_SIDE_STYLE ('',( #707 ) ) ;
#4410 = AXIS2_PLACEMENT_3D ( 'NONE', #3281, #4934, #1267 ) ;
#4411 = AXIS2_PLACEMENT_3D ( 'NONE', #804, #2398, #2015 ) ;
#4412 = DIRECTION ( 'NONE',  ( -1.000000000000000000, -0.000000000000000000, -0.000000000000000000 ) ) ;
#4413 = ORIENTED_EDGE ( 'NONE', *, *, #1913, .F. ) ;
#4414 = ORIENTED_EDGE ( 'NONE', *, *, #4770, .F. ) ;
#4415 = FILL_AREA_STYLE_COLOUR ( '', #524 ) ;
#4416 = CARTESIAN_POINT ( 'NONE',  ( 1.169999999999999707, -1.000000000000000000, -0.2855262579950638147 ) ) ;
#4417 = CARTESIAN_POINT ( 'NONE',  ( 1.449999626916908202, -0.7252731602562245694, -0.08000354964850762973 ) ) ;
#4418 = EDGE_CURVE ( 'NONE', #1468, #5086, #4825, .T. ) ;
#4419 = VERTEX_POINT ( 'NONE', #4369 ) ;
#4420 = FILL_AREA_STYLE ('',( #2366 ) ) ;
#4421 = LINE ( 'NONE', #3741, #5207 ) ;
#4422 = FILL_AREA_STYLE ('',( #2776 ) ) ;
#4423 = LINE ( 'NONE', #1162, #2766 ) ;
#4424 = ORIENTED_EDGE ( 'NONE', *, *, #248, .T. ) ;
#4425 = DIRECTION ( 'NONE',  ( 0.000000000000000000, 0.000000000000000000, -1.000000000000000000 ) ) ;
#4426 = CARTESIAN_POINT ( 'NONE',  ( -1.170000000000000373, 0.7999999999999998224, 0.08000000000000000167 ) ) ;
#4427 =( NAMED_UNIT ( * ) PLANE_ANGLE_UNIT ( ) SI_UNIT ( $, .RADIAN. ) );
#4428 =( GEOMETRIC_REPRESENTATION_CONTEXT ( 3 ) GLOBAL_UNCERTAINTY_ASSIGNED_CONTEXT ( ( #153 ) ) GLOBAL_UNIT_ASSIGNED_CONTEXT ( ( #3736, #4568, #2848 ) ) REPRESENTATION_CONTEXT ( 'NONE', 'WORKASPACE' ) );
#4429 = SURFACE_STYLE_FILL_AREA ( #5184 ) ;
#4430 = FACE_OUTER_BOUND ( 'NONE', #3592, .T. ) ;
#4431 = AXIS2_PLACEMENT_3D ( 'NONE', #4191, #2632, #4277 ) ;
#4432 =( GEOMETRIC_REPRESENTATION_CONTEXT ( 3 ) GLOBAL_UNCERTAINTY_ASSIGNED_CONTEXT ( ( #5001 ) ) GLOBAL_UNIT_ASSIGNED_CONTEXT ( ( #924, #1709, #1373 ) ) REPRESENTATION_CONTEXT ( 'NONE', 'WORKASPACE' ) );
#4433 =( LENGTH_UNIT ( ) NAMED_UNIT ( * ) SI_UNIT ( .MILLI., .METRE. ) );
#4434 = VECTOR ( 'NONE', #1929, 1000.000000000000000 ) ;
#4435 = ADVANCED_FACE ( 'NONE', ( #4447 ), #3141, .T. ) ;
#4436 = ADVANCED_FACE ( 'NONE', ( #3220 ), #716, .T. ) ;
#4437 =( GEOMETRIC_REPRESENTATION_CONTEXT ( 3 ) GLOBAL_UNCERTAINTY_ASSIGNED_CONTEXT ( ( #1739 ) ) GLOBAL_UNIT_ASSIGNED_CONTEXT ( ( #5093, #2733, #1425 ) ) REPRESENTATION_CONTEXT ( 'NONE', 'WORKASPACE' ) );
#4438 = VERTEX_POINT ( 'NONE', #3191 ) ;
#4439 = PRESENTATION_LAYER_ASSIGNMENT (  '', '', ( #3915 ) ) ;
#4440 = ORIENTED_EDGE ( 'NONE', *, *, #1228, .F. ) ;
#4441 = SPHERICAL_SURFACE ( 'NONE', #765, 0.07499999999999999722 ) ;
#4442 = CARTESIAN_POINT ( 'NONE',  ( 1.375409738600887444, 0.7999988807535084456, 0.08001064891903697518 ) ) ;
#4443 = AXIS2_PLACEMENT_3D ( 'NONE', #2318, #4869, #2091 ) ;
#4444 = EDGE_CURVE ( 'NONE', #4680, #116, #4999, .T. ) ;
#4445 = VECTOR ( 'NONE', #1342, 1000.000000000000114 ) ;
#4446 = EDGE_LOOP ( 'NONE', ( #3338, #3887, #1548, #887, #460, #2233, #5082, #935 ) ) ;
#4447 = FACE_OUTER_BOUND ( 'NONE', #1276, .T. ) ;
#4448 = VECTOR ( 'NONE', #4833, 1000.000000000000000 ) ;
#4449 = ORIENTED_EDGE ( 'NONE', *, *, #619, .T. ) ;
#4450 =( NAMED_UNIT ( * ) SI_UNIT ( $, .STERADIAN. ) SOLID_ANGLE_UNIT ( ) );
#4451 =( GEOMETRIC_REPRESENTATION_CONTEXT ( 3 ) GLOBAL_UNCERTAINTY_ASSIGNED_CONTEXT ( ( #3345 ) ) GLOBAL_UNIT_ASSIGNED_CONTEXT ( ( #4846, #1470, #3515 ) ) REPRESENTATION_CONTEXT ( 'NONE', 'WORKASPACE' ) );
#4452 = SURFACE_STYLE_USAGE ( .BOTH. , #3547 ) ;
#4453 = CARTESIAN_POINT ( 'NONE',  ( -0.2200000000000004730, 0.9999999999999995559, -0.1799999999999999378 ) ) ;
#4454 = ORIENTED_EDGE ( 'NONE', *, *, #652, .T. ) ;
#4455 = DIRECTION ( 'NONE',  ( 1.000000000000000000, 0.000000000000000000, 0.000000000000000000 ) ) ;
#4456 = UNCERTAINTY_MEASURE_WITH_UNIT (LENGTH_MEASURE( 1.000000000000000082E-05 ), #2894, 'distance_accuracy_value', 'NONE');
#4457 = CARTESIAN_POINT ( 'NONE',  ( 0.7299999999999995381, -0.9999999999999997780, -0.2855262579950638147 ) ) ;
#4458 = DIRECTION ( 'NONE',  ( 0.000000000000000000, 0.000000000000000000, -1.000000000000000000 ) ) ;
#4459 = DIRECTION ( 'NONE',  ( 0.000000000000000000, 0.06975647374412440038, -0.9975640502598243087 ) ) ;
#4460 = CARTESIAN_POINT ( 'NONE',  ( 1.449999999999999956, -0.7251365803828910828, 0.07999999999999990452 ) ) ;
#4461 = CARTESIAN_POINT ( 'NONE',  ( -0.2200000000000004730, 1.399999999999999689, -0.3396092963070124204 ) ) ;
#4462 = CYLINDRICAL_SURFACE ( 'NONE', #1784, 0.09999999999999993616 ) ;
#4463 = ORIENTED_EDGE ( 'NONE', *, *, #5091, .F. ) ;
#4464 = ORIENTED_EDGE ( 'NONE', *, *, #4537, .T. ) ;
#4465 = EDGE_CURVE ( 'NONE', #2098, #1309, #3669, .T. ) ;
#4466 = CARTESIAN_POINT ( 'NONE',  ( 0.7299999999999995381, -0.9599999999999994094, 0.07999999999999998779 ) ) ;
#4467 =( LENGTH_UNIT ( ) NAMED_UNIT ( * ) SI_UNIT ( .MILLI., .METRE. ) );
#4468 = ORIENTED_EDGE ( 'NONE', *, *, #2041, .F. ) ;
#4469 = EDGE_CURVE ( 'NONE', #465, #579, #1480, .T. ) ;
#4470 = CARTESIAN_POINT ( 'NONE',  ( 1.169999999999999707, -1.399999999999999689, -0.3396092963070124204 ) ) ;
#4471 = CIRCLE ( 'NONE', #638, 0.07499999999999998335 ) ;
#4472 = CARTESIAN_POINT ( 'NONE',  ( 1.169999999999999707, -1.159999999999999032, -0.1199999999999997735 ) ) ;
#4473 =( LENGTH_UNIT ( ) NAMED_UNIT ( * ) SI_UNIT ( .MILLI., .METRE. ) );
#4474 = ORIENTED_EDGE ( 'NONE', *, *, #1293, .T. ) ;
#4475 = CIRCLE ( 'NONE', #3601, 0.09999999999999985290 ) ;
#4476 = SURFACE_STYLE_USAGE ( .BOTH. , #2860 ) ;
#4477 = PRESENTATION_STYLE_ASSIGNMENT (( #778 ) ) ;
#4478 = VECTOR ( 'NONE', #3665, 1000.000000000000114 ) ;
#4479 =( NAMED_UNIT ( * ) SI_UNIT ( $, .STERADIAN. ) SOLID_ANGLE_UNIT ( ) );
#4480 = CARTESIAN_POINT ( 'NONE',  ( 0.7299999999999995381, 0.9999999999999995559, -0.1799999999999999378 ) ) ;
#4481 = EDGE_CURVE ( 'NONE', #4351, #713, #4471, .T. ) ;
#4482 = CARTESIAN_POINT ( 'NONE',  ( -0.2200000000000004730, -0.7999999999999998224, -0.08000000000000000167 ) ) ;
#4483 = CARTESIAN_POINT ( 'NONE',  ( -0.2200000000000004730, -0.7999999999999998224, 0.08000000000000000167 ) ) ;
#4484 = ORIENTED_EDGE ( 'NONE', *, *, #2900, .T. ) ;
#4485 = EDGE_LOOP ( 'NONE', ( #1028, #567, #4136, #808, #3302, #2286, #1411, #566, #223, #1501, #3752, #1863 ) ) ;
#4486 = CIRCLE ( 'NONE', #322, 0.09999999999999985290 ) ;
#4487 = FACE_OUTER_BOUND ( 'NONE', #1782, .T. ) ;
#4488 = SURFACE_STYLE_FILL_AREA ( #4133 ) ;
#4489 = PRESENTATION_LAYER_ASSIGNMENT (  '', '', ( #1925 ) ) ;
#4490 = EDGE_LOOP ( 'NONE', ( #1578, #414, #1148, #4805 ) ) ;
#4491 =( LENGTH_UNIT ( ) NAMED_UNIT ( * ) SI_UNIT ( .MILLI., .METRE. ) );
#4492 = CARTESIAN_POINT ( 'NONE',  ( -0.2200000000000004730, -0.9599999999999994094, -0.1199999999999999956 ) ) ;
#4493 = PLANE ( 'NONE',  #3678 ) ;
#4494 = EDGE_CURVE ( 'NONE', #2923, #4161, #1313, .T. ) ;
#4495 = EDGE_CURVE ( 'NONE', #4222, #671, #4907, .T. ) ;
#4496 = VECTOR ( 'NONE', #2219, 1000.000000000000000 ) ;
#4497 = DIRECTION ( 'NONE',  ( 1.000000000000000000, 0.000000000000000000, 0.000000000000000000 ) ) ;
#4498 = ORIENTED_EDGE ( 'NONE', *, *, #2329, .T. ) ;
#4499 =( BOUNDED_CURVE ( )  B_SPLINE_CURVE ( 3, ( #2605, #2725, #684, #4254 ),
 .UNSPECIFIED., .F., .T. ) 
 B_SPLINE_CURVE_WITH_KNOTS ( ( 4, 4 ),
 ( 5.503250352303677317, 7.063120262055496035 ),
 .UNSPECIFIED. ) 
 CURVE ( )  GEOMETRIC_REPRESENTATION_ITEM ( )  RATIONAL_B_SPLINE_CURVE ( ( 1.000000000000000000, 0.8073061876036310425, 0.8073061876036310425, 1.000000000000000000 ) ) 
 REPRESENTATION_ITEM ( '' )  );
#4500 =( LENGTH_UNIT ( ) NAMED_UNIT ( * ) SI_UNIT ( .MILLI., .METRE. ) );
#4501 = MECHANICAL_DESIGN_GEOMETRIC_PRESENTATION_REPRESENTATION (  '', ( #1936 ), #78 ) ;
#4502 = SURFACE_STYLE_FILL_AREA ( #2861 ) ;
#4503 =( NAMED_UNIT ( * ) SI_UNIT ( $, .STERADIAN. ) SOLID_ANGLE_UNIT ( ) );
#4504 = STYLED_ITEM ( 'NONE', ( #3444 ), #4984 ) ;
#4505 = CARTESIAN_POINT ( 'NONE',  ( -0.2200000000000004730, -0.9999999999999997780, -0.2855262579950638147 ) ) ;
#4506 = PRESENTATION_LAYER_ASSIGNMENT (  '', '', ( #4858 ) ) ;
#4507 =( NAMED_UNIT ( * ) SI_UNIT ( $, .STERADIAN. ) SOLID_ANGLE_UNIT ( ) );
#4508 =( LENGTH_UNIT ( ) NAMED_UNIT ( * ) SI_UNIT ( .MILLI., .METRE. ) );
#4509 = ORIENTED_EDGE ( 'NONE', *, *, #1620, .F. ) ;
#4510 = ORIENTED_EDGE ( 'NONE', *, *, #2805, .F. ) ;
#4511 = MECHANICAL_DESIGN_GEOMETRIC_PRESENTATION_REPRESENTATION (  '', ( #1185 ), #3638 ) ;
#4512 = CARTESIAN_POINT ( 'NONE',  ( 0.7299999999999995381, 0.7999999999999998224, 0.08000000000000000167 ) ) ;
#4513 = VECTOR ( 'NONE', #3998, 1000.000000000000000 ) ;
#4514 = DIRECTION ( 'NONE',  ( 0.000000000000000000, -1.351951388106425141E-15, -1.000000000000000000 ) ) ;
#4515 =( NAMED_UNIT ( * ) SI_UNIT ( $, .STERADIAN. ) SOLID_ANGLE_UNIT ( ) );
#4516 = CIRCLE ( 'NONE', #3297, 0.1999999999999998723 ) ;
#4517 = ORIENTED_EDGE ( 'NONE', *, *, #1326, .F. ) ;
#4518 = MECHANICAL_DESIGN_GEOMETRIC_PRESENTATION_REPRESENTATION (  '', ( #268 ), #3567 ) ;
#4519 = FACE_OUTER_BOUND ( 'NONE', #1332, .T. ) ;
#4520 = CARTESIAN_POINT ( 'NONE',  ( 1.343581129629361159, -0.6935811296293615813, 0.3750000000000000000 ) ) ;
#4521 = CARTESIAN_POINT ( 'NONE',  ( 1.169999999999999707, 0.7999999999999998224, 0.08000000000000000167 ) ) ;
#4522 =( GEOMETRIC_REPRESENTATION_CONTEXT ( 3 ) GLOBAL_UNCERTAINTY_ASSIGNED_CONTEXT ( ( #4549 ) ) GLOBAL_UNIT_ASSIGNED_CONTEXT ( ( #4500, #1557, #4857 ) ) REPRESENTATION_CONTEXT ( 'NONE', 'WORKASPACE' ) );
#4523 = LINE ( 'NONE', #126, #2534 ) ;
#4524 = FACE_OUTER_BOUND ( 'NONE', #1443, .T. ) ;
#4525 = VERTEX_POINT ( 'NONE', #867 ) ;
#4526 = DIRECTION ( 'NONE',  ( 0.000000000000000000, 0.06975647374412512203, 0.9975640502598243087 ) ) ;
#4527 = PRESENTATION_LAYER_ASSIGNMENT (  '', '', ( #4795 ) ) ;
#4528 = EDGE_CURVE ( 'NONE', #3169, #4342, #3688, .T. ) ;
#4529 =( LENGTH_UNIT ( ) NAMED_UNIT ( * ) SI_UNIT ( .MILLI., .METRE. ) );
#4530 = AXIS2_PLACEMENT_3D ( 'NONE', #4033, #2770, #3978 ) ;
#4531 = STYLED_ITEM ( 'NONE', ( #824 ), #2306 ) ;
#4532 = DIRECTION ( 'NONE',  ( 0.000000000000000000, -4.109696271182928860E-15, 1.000000000000000000 ) ) ;
#4533 = CARTESIAN_POINT ( 'NONE',  ( -1.263581129629361754, -0.5335811296293614392, 0.4399999999999999467 ) ) ;
#4534 = PLANE ( 'NONE',  #158 ) ;
#4535 =( NAMED_UNIT ( * ) SI_UNIT ( $, .STERADIAN. ) SOLID_ANGLE_UNIT ( ) );
#4536 =( BOUNDED_CURVE ( )  B_SPLINE_CURVE ( 3, ( #1476, #3042, #630, #2609 ),
 .UNSPECIFIED., .F., .T. ) 
 B_SPLINE_CURVE_WITH_KNOTS ( ( 4, 4 ),
 ( 5.503250352303671100, 7.063120262055495147 ),
 .UNSPECIFIED. ) 
 CURVE ( )  GEOMETRIC_REPRESENTATION_ITEM ( )  RATIONAL_B_SPLINE_CURVE ( ( 1.000000000000000000, 0.8073061876036297102, 0.8073061876036297102, 1.000000000000000000 ) ) 
 REPRESENTATION_ITEM ( '' )  );
#4537 = EDGE_CURVE ( 'NONE', #4931, #1226, #1284, .T. ) ;
#4538 = STYLED_ITEM ( 'NONE', ( #1887 ), #2586 ) ;
#4539 = SURFACE_SIDE_STYLE ('',( #1246 ) ) ;
#4540 =( NAMED_UNIT ( * ) SI_UNIT ( $, .STERADIAN. ) SOLID_ANGLE_UNIT ( ) );
#4541 = ORIENTED_EDGE ( 'NONE', *, *, #4219, .F. ) ;
#4542 = VECTOR ( 'NONE', #32, 1000.000000000000000 ) ;
#4543 = PRESENTATION_STYLE_ASSIGNMENT (( #1596 ) ) ;
#4544 = DIRECTION ( 'NONE',  ( 0.000000000000000000, -3.957832284416030179E-15, -1.000000000000000000 ) ) ;
#4545 = CARTESIAN_POINT ( 'NONE',  ( -0.2200000000000004730, 0.7999999999999998224, 0.08000000000000000167 ) ) ;
#4546 = AXIS2_PLACEMENT_3D ( 'NONE', #3724, #2038, #1662 ) ;
#4547 = ORIENTED_EDGE ( 'NONE', *, *, #553, .T. ) ;
#4548 = ORIENTED_EDGE ( 'NONE', *, *, #3252, .T. ) ;
#4549 = UNCERTAINTY_MEASURE_WITH_UNIT (LENGTH_MEASURE( 1.000000000000000082E-05 ), #4500, 'distance_accuracy_value', 'NONE');
#4550 = EDGE_LOOP ( 'NONE', ( #1864, #4408, #4424, #3543 ) ) ;
#4551 = ADVANCED_FACE ( 'NONE', ( #4117 ), #123, .T. ) ;
#4552 = CARTESIAN_POINT ( 'NONE',  ( -1.343581129629361604, -0.7611114329516994736, 0.4500000000000000111 ) ) ;
#4553 = LINE ( 'NONE', #2105, #812 ) ;
#4554 = SURFACE_STYLE_USAGE ( .BOTH. , #2910 ) ;
#4555 = ORIENTED_EDGE ( 'NONE', *, *, #4114, .T. ) ;
#4556 = DIRECTION ( 'NONE',  ( 0.000000000000000000, 0.9975640502598243087, -0.06975647374412512203 ) ) ;
#4557 = LINE ( 'NONE', #1294, #429 ) ;
#4558 = AXIS2_PLACEMENT_3D ( 'NONE', #4731, #1552, #743 ) ;
#4559 =( LENGTH_UNIT ( ) NAMED_UNIT ( * ) SI_UNIT ( .MILLI., .METRE. ) );
#4560 = DIRECTION ( 'NONE',  ( 1.000000000000000000, 0.000000000000000000, 0.000000000000000000 ) ) ;
#4561 = PRESENTATION_LAYER_ASSIGNMENT (  '', '', ( #4653 ) ) ;
#4562 = PLANE ( 'NONE',  #3682 ) ;
#4563 = VECTOR ( 'NONE', #4180, 1000.000000000000114 ) ;
#4564 = ADVANCED_FACE ( 'NONE', ( #3713 ), #4089, .T. ) ;
#4565 = EDGE_CURVE ( 'NONE', #64, #1495, #4933, .T. ) ;
#4566 = SURFACE_STYLE_FILL_AREA ( #3358 ) ;
#4567 = ORIENTED_EDGE ( 'NONE', *, *, #4064, .T. ) ;
#4568 =( NAMED_UNIT ( * ) PLANE_ANGLE_UNIT ( ) SI_UNIT ( $, .RADIAN. ) );
#4569 = ORIENTED_EDGE ( 'NONE', *, *, #4249, .T. ) ;
#4570 = ORIENTED_EDGE ( 'NONE', *, *, #38, .T. ) ;
#4571 = ORIENTED_EDGE ( 'NONE', *, *, #3167, .F. ) ;
#4572 = MECHANICAL_DESIGN_GEOMETRIC_PRESENTATION_REPRESENTATION (  '', ( #2172 ), #2594 ) ;
#4573 = PRESENTATION_STYLE_ASSIGNMENT (( #2055 ) ) ;
#4574 = DIRECTION ( 'NONE',  ( 0.000000000000000000, 0.9975640502598243087, -0.06975647374412512203 ) ) ;
#4575 = EDGE_CURVE ( 'NONE', #1060, #616, #1031, .T. ) ;
#4576 =( GEOMETRIC_REPRESENTATION_CONTEXT ( 3 ) GLOBAL_UNCERTAINTY_ASSIGNED_CONTEXT ( ( #2394 ) ) GLOBAL_UNIT_ASSIGNED_CONTEXT ( ( #910, #2118, #141 ) ) REPRESENTATION_CONTEXT ( 'NONE', 'WORKASPACE' ) );
#4577 = VERTEX_POINT ( 'NONE', #1078 ) ;
#4578 = CARTESIAN_POINT ( 'NONE',  ( 0.2199999999999996125, -1.186048705251175006, -0.4850390680470285654 ) ) ;
#4579 = CLOSED_SHELL ( 'NONE', ( #2085, #4984, #5277, #100, #3974, #1492, #2140, #1233, #653, #2658, #2724, #3448, #3503, #4564 ) ) ;
#4580 = DIRECTION ( 'NONE',  ( 0.9945218953682732899, 0.000000000000000000, -0.1045284632676538178 ) ) ;
#4581 =( LENGTH_UNIT ( ) NAMED_UNIT ( * ) SI_UNIT ( .MILLI., .METRE. ) );
#4582 =( NAMED_UNIT ( * ) SI_UNIT ( $, .STERADIAN. ) SOLID_ANGLE_UNIT ( ) );
#4583 = VECTOR ( 'NONE', #782, 1000.000000000000114 ) ;
#4584 = STYLED_ITEM ( 'NONE', ( #1050 ), #31 ) ;
#4585 = DIRECTION ( 'NONE',  ( 0.000000000000000000, 0.000000000000000000, -1.000000000000000000 ) ) ;
#4586 = SURFACE_STYLE_USAGE ( .BOTH. , #4270 ) ;
#4587 = COLOUR_RGB ( '',0.8039215686274510109, 0.8039215686274510109, 0.8039215686274510109 ) ;
#4588 = UNCERTAINTY_MEASURE_WITH_UNIT (LENGTH_MEASURE( 1.000000000000000082E-05 ), #5079, 'distance_accuracy_value', 'NONE');
#4589 = VERTEX_POINT ( 'NONE', #2690 ) ;
#4590 = ADVANCED_FACE ( 'NONE', ( #570 ), #2209, .T. ) ;
#4591 = EDGE_CURVE ( 'NONE', #1389, #4156, #3288, .T. ) ;
#4592 = CARTESIAN_POINT ( 'NONE',  ( -1.170000000000000373, 0.9599999999999994094, -0.1199999999999999956 ) ) ;
#4593 = VERTEX_POINT ( 'NONE', #231 ) ;
#4594 = VERTEX_POINT ( 'NONE', #2633 ) ;
#4595 = AXIS2_PLACEMENT_3D ( 'NONE', #4492, #4088, #2874 ) ;
#4596 = VERTEX_POINT ( 'NONE', #4687 ) ;
#4597 = MECHANICAL_DESIGN_GEOMETRIC_PRESENTATION_REPRESENTATION (  '', ( #500 ), #4346 ) ;
#4598 = DIRECTION ( 'NONE',  ( 0.000000000000000000, -1.000000000000000000, -8.470329472543026810E-17 ) ) ;
#4599 =( NAMED_UNIT ( * ) SI_UNIT ( $, .STERADIAN. ) SOLID_ANGLE_UNIT ( ) );
#4600 = ADVANCED_FACE ( 'NONE', ( #2988 ), #4332, .T. ) ;
#4601 = SURFACE_STYLE_FILL_AREA ( #894 ) ;
#4602 = STYLED_ITEM ( 'NONE', ( #2883 ), #3020 ) ;
#4603 = UNCERTAINTY_MEASURE_WITH_UNIT (LENGTH_MEASURE( 1.000000000000000082E-05 ), #1221, 'distance_accuracy_value', 'NONE');
#4604 = FILL_AREA_STYLE_COLOUR ( '', #3913 ) ;
#4605 = ORIENTED_EDGE ( 'NONE', *, *, #3357, .F. ) ;
#4606 = MECHANICAL_DESIGN_GEOMETRIC_PRESENTATION_REPRESENTATION (  '', ( #692 ), #353 ) ;
#4607 = DIRECTION ( 'NONE',  ( 0.000000000000000000, 3.957832284416029391E-15, -1.000000000000000000 ) ) ;
#4608 = VECTOR ( 'NONE', #2138, 1000.000000000000000 ) ;
#4609 = CARTESIAN_POINT ( 'NONE',  ( -0.2200000000000004730, -0.7999999999999998224, -0.08000000000000000167 ) ) ;
#4610 = PRODUCT_DEFINITION ( 'UNKNOWN', '', #2557, #4090 ) ;
#4611 = STYLED_ITEM ( 'NONE', ( #404 ), #1553 ) ;
#4612 = ORIENTED_EDGE ( 'NONE', *, *, #4481, .T. ) ;
#4613 = DIRECTION ( 'NONE',  ( 0.000000000000000000, -1.000000000000000000, -4.109696271182928860E-15 ) ) ;
#4614 = AXIS2_PLACEMENT_3D ( 'NONE', #1657, #413, #1580 ) ;
#4615 = AXIS2_PLACEMENT_3D ( 'NONE', #3450, #164, #3909 ) ;
#4616 = FACE_OUTER_BOUND ( 'NONE', #678, .T. ) ;
#4617 = FACE_OUTER_BOUND ( 'NONE', #1543, .T. ) ;
#4618 =( LENGTH_UNIT ( ) NAMED_UNIT ( * ) SI_UNIT ( .MILLI., .METRE. ) );
#4619 = SURFACE_STYLE_FILL_AREA ( #2619 ) ;
#4620 = DIRECTION ( 'NONE',  ( 0.000000000000000000, 3.957832284416030179E-15, -1.000000000000000000 ) ) ;
#4621 = CARTESIAN_POINT ( 'NONE',  ( -1.449998880753508468, -0.7254097386008875326, -0.08001064891903696130 ) ) ;
#4622 = CARTESIAN_POINT ( 'NONE',  ( -0.7300000000000004263, -1.253024352625586868, -0.3293317578527860667 ) ) ;
#4623 = COLOUR_RGB ( '',0.8039215686274510109, 0.8039215686274510109, 0.8039215686274510109 ) ;
#4624 = EDGE_LOOP ( 'NONE', ( #2926, #999, #2806, #1181 ) ) ;
#4625 = CARTESIAN_POINT ( 'NONE',  ( -0.2200000000000004730, -1.159999999999999476, -0.2295753528268036636 ) ) ;
#4626 = LINE ( 'NONE', #2149, #1655 ) ;
#4627 = ORIENTED_EDGE ( 'NONE', *, *, #2585, .T. ) ;
#4628 = ORIENTED_EDGE ( 'NONE', *, *, #3032, .T. ) ;
#4629 = EDGE_CURVE ( 'NONE', #2753, #4828, #288, .T. ) ;
#4630 = ORIENTED_EDGE ( 'NONE', *, *, #1422, .T. ) ;
#4631 = CARTESIAN_POINT ( 'NONE',  ( -0.2200000000000004730, 1.159999999999999032, -0.1199999999999997735 ) ) ;
#4632 = AXIS2_PLACEMENT_3D ( 'NONE', #2012, #3199, #3528 ) ;
#4633 =( NAMED_UNIT ( * ) SI_UNIT ( $, .STERADIAN. ) SOLID_ANGLE_UNIT ( ) );
#4634 =( NAMED_UNIT ( * ) PLANE_ANGLE_UNIT ( ) SI_UNIT ( $, .RADIAN. ) );
#4635 = UNCERTAINTY_MEASURE_WITH_UNIT (LENGTH_MEASURE( 1.000000000000000082E-05 ), #2710, 'distance_accuracy_value', 'NONE');
#4636 = CARTESIAN_POINT ( 'NONE',  ( -1.170000000000000373, 1.159999999999999032, -0.1199999999999997735 ) ) ;
#4637 = EDGE_CURVE ( 'NONE', #5137, #4902, #3541, .T. ) ;
#4638 = EDGE_CURVE ( 'NONE', #1494, #4247, #1971, .T. ) ;
#4639 = ORIENTED_EDGE ( 'NONE', *, *, #2162, .F. ) ;
#4640 = CARTESIAN_POINT ( 'NONE',  ( -0.2200000000000004730, 1.399999999999999689, -0.3396092963070124204 ) ) ;
#4641 = LINE ( 'NONE', #2698, #3900 ) ;
#4642 = EDGE_LOOP ( 'NONE', ( #3066, #4895, #1113, #1734 ) ) ;
#4643 = PLANE ( 'NONE',  #5089 ) ;
#4644 = STYLED_ITEM ( 'NONE', ( #81 ), #508 ) ;
#4645 = DIRECTION ( 'NONE',  ( 0.000000000000000000, -0.000000000000000000, -1.000000000000000000 ) ) ;
#4646 = PLANE ( 'NONE',  #3349 ) ;
#4647 = UNCERTAINTY_MEASURE_WITH_UNIT (LENGTH_MEASURE( 1.000000000000000082E-05 ), #4508, 'distance_accuracy_value', 'NONE');
#4648 = COLOUR_RGB ( '',0.8039215686274510109, 0.8039215686274510109, 0.8039215686274510109 ) ;
#4649 = PRESENTATION_STYLE_ASSIGNMENT (( #3787 ) ) ;
#4650 = CARTESIAN_POINT ( 'NONE',  ( -1.343581129629361604, 0.7681702717819823834, 0.3828396347450740422 ) ) ;
#4651 = SURFACE_SIDE_STYLE ('',( #1431 ) ) ;
#4652 =( LENGTH_UNIT ( ) NAMED_UNIT ( * ) SI_UNIT ( .MILLI., .METRE. ) );
#4653 = STYLED_ITEM ( 'NONE', ( #4363 ), #3938 ) ;
#4654 = EDGE_CURVE ( 'NONE', #2050, #1538, #1599, .T. ) ;
#4655 = LINE ( 'NONE', #1484, #2295 ) ;
#4656 = CARTESIAN_POINT ( 'NONE',  ( 1.343581129629361159, 0.6935811296293619144, -0.4500000000000000111 ) ) ;
#4657 = ORIENTED_EDGE ( 'NONE', *, *, #1156, .F. ) ;
#4658 = CYLINDRICAL_SURFACE ( 'NONE', #4105, 0.07499999999999998335 ) ;
#4659 = MECHANICAL_DESIGN_GEOMETRIC_PRESENTATION_REPRESENTATION (  '', ( #3259 ), #1320 ) ;
#4660 = DIRECTION ( 'NONE',  ( -1.000000000000000000, -0.000000000000000000, -0.000000000000000000 ) ) ;
#4661 = ORIENTED_EDGE ( 'NONE', *, *, #2053, .F. ) ;
#4662 = ORIENTED_EDGE ( 'NONE', *, *, #5138, .F. ) ;
#4663 = FACE_OUTER_BOUND ( 'NONE', #4357, .T. ) ;
#4664 = DIRECTION ( 'NONE',  ( 0.000000000000000000, 0.000000000000000000, -1.000000000000000000 ) ) ;
#4665 =( LENGTH_UNIT ( ) NAMED_UNIT ( * ) SI_UNIT ( .MILLI., .METRE. ) );
#4666 = ORIENTED_EDGE ( 'NONE', *, *, #1738, .F. ) ;
#4667 = DIRECTION ( 'NONE',  ( 0.000000000000000000, 0.000000000000000000, -1.000000000000000000 ) ) ;
#4668 = CARTESIAN_POINT ( 'NONE',  ( -0.2200000000000004730, 1.253024352625586868, -0.3293317578527861222 ) ) ;
#4669 = MECHANICAL_DESIGN_GEOMETRIC_PRESENTATION_REPRESENTATION (  '', ( #1836 ), #857 ) ;
#4670 = ADVANCED_FACE ( 'NONE', ( #3614 ), #4441, .T. ) ;
#4671 = EDGE_CURVE ( 'NONE', #95, #4156, #4874, .T. ) ;
#4672 = ORIENTED_EDGE ( 'NONE', *, *, #975, .F. ) ;
#4673 = PRESENTATION_STYLE_ASSIGNMENT (( #3816 ) ) ;
#4674 = DIRECTION ( 'NONE',  ( 1.000000000000000000, 0.000000000000000000, -0.000000000000000000 ) ) ;
#4675 = DIRECTION ( 'NONE',  ( 0.000000000000000000, 0.000000000000000000, 1.000000000000000000 ) ) ;
#4676 = SURFACE_STYLE_USAGE ( .BOTH. , #4651 ) ;
#4677 = LINE ( 'NONE', #2564, #450 ) ;
#4678 = CARTESIAN_POINT ( 'NONE',  ( 0.7299999999999995381, -1.186048705251175006, -0.4850390680470285654 ) ) ;
#4679 = VECTOR ( 'NONE', #1378, 1000.000000000000000 ) ;
#4680 = VERTEX_POINT ( 'NONE', #4007 ) ;
#4681 = FACE_OUTER_BOUND ( 'NONE', #1026, .T. ) ;
#4682 =( BOUNDED_CURVE ( )  B_SPLINE_CURVE ( 3, ( #1375, #4802, #4395, #1950 ),
 .UNSPECIFIED., .F., .T. ) 
 B_SPLINE_CURVE_WITH_KNOTS ( ( 4, 4 ),
 ( 3.136129445068259969, 3.141592653589793116 ),
 .UNSPECIFIED. ) 
 CURVE ( )  GEOMETRIC_REPRESENTATION_ITEM ( )  RATIONAL_B_SPLINE_CURVE ( ( 1.000000000000000000, 0.9999975127809339615, 0.9999975127809339615, 1.000000000000000000 ) ) 
 REPRESENTATION_ITEM ( '' )  );
#4683 = SURFACE_STYLE_USAGE ( .BOTH. , #226 ) ;
#4684 = EDGE_LOOP ( 'NONE', ( #2456, #2150, #2601, #2301 ) ) ;
#4685 = ORIENTED_EDGE ( 'NONE', *, *, #2635, .F. ) ;
#4686 = SURFACE_STYLE_FILL_AREA ( #2154 ) ;
#4687 = CARTESIAN_POINT ( 'NONE',  ( -1.375409738600888110, 0.7999988807535084456, 0.08001064891903693355 ) ) ;
#4688 = CIRCLE ( 'NONE', #1601, 0.09999999999999993616 ) ;
#4689 = FACE_OUTER_BOUND ( 'NONE', #3976, .T. ) ;
#4690 = STYLED_ITEM ( 'NONE', ( #3366 ), #3564 ) ;
#4691 = COLOUR_RGB ( '',0.8039215686274510109, 0.8039215686274510109, 0.8039215686274510109 ) ;
#4692 = ORIENTED_EDGE ( 'NONE', *, *, #1338, .T. ) ;
#4693 = FILL_AREA_STYLE ('',( #4724 ) ) ;
#4694 = SPHERICAL_SURFACE ( 'NONE', #4706, 0.07499999999999999722 ) ;
#4695 = FACE_OUTER_BOUND ( 'NONE', #3129, .T. ) ;
#4696 = CYLINDRICAL_SURFACE ( 'NONE', #931, 0.07499999999999998335 ) ;
#4697 = VECTOR ( 'NONE', #2940, 1000.000000000000114 ) ;
#4698 = VERTEX_POINT ( 'NONE', #1545 ) ;
#4699 = CARTESIAN_POINT ( 'NONE',  ( -0.7300000000000004263, -0.7999999999999998224, -0.08000000000000000167 ) ) ;
#4700 = CARTESIAN_POINT ( 'NONE',  ( 1.169999999999999707, -1.253024352625586868, -0.3293317578527861222 ) ) ;
#4701 = SURFACE_SIDE_STYLE ('',( #1119 ) ) ;
#4702 = EDGE_CURVE ( 'NONE', #2098, #4594, #3590, .T. ) ;
#4703 = DIRECTION ( 'NONE',  ( 0.000000000000000000, -0.9975640502598243087, 0.06975647374412440038 ) ) ;
#4704 = VECTOR ( 'NONE', #1417, 1000.000000000000000 ) ;
#4705 = DIRECTION ( 'NONE',  ( -0.000000000000000000, 1.000000000000000000, -0.000000000000000000 ) ) ;
#4706 = AXIS2_PLACEMENT_3D ( 'NONE', #1816, #181, #4257 ) ;
#4707 = CARTESIAN_POINT ( 'NONE',  ( -1.170000000000000373, -1.159999999999999032, -0.1199999999999997735 ) ) ;
#4708 = LINE ( 'NONE', #1044, #241 ) ;
#4709 = ADVANCED_FACE ( 'NONE', ( #711 ), #5195, .T. ) ;
#4710 = ORIENTED_EDGE ( 'NONE', *, *, #907, .F. ) ;
#4711 = DIRECTION ( 'NONE',  ( 0.000000000000000000, 0.000000000000000000, -1.000000000000000000 ) ) ;
#4712 = CARTESIAN_POINT ( 'NONE',  ( 0.7299999999999995381, 1.159999999999999032, -0.1199999999999997735 ) ) ;
#4713 = VECTOR ( 'NONE', #4824, 1000.000000000000000 ) ;
#4714 = ORIENTED_EDGE ( 'NONE', *, *, #5232, .T. ) ;
#4715 = ORIENTED_EDGE ( 'NONE', *, *, #3477, .T. ) ;
#4716 = EDGE_LOOP ( 'NONE', ( #1891, #3799, #2421 ) ) ;
#4717 = LINE ( 'NONE', #1053, #2617 ) ;
#4718 =( LENGTH_UNIT ( ) NAMED_UNIT ( * ) SI_UNIT ( .MILLI., .METRE. ) );
#4719 = AXIS2_PLACEMENT_3D ( 'NONE', #5102, #1439, #4217 ) ;
#4720 = CARTESIAN_POINT ( 'NONE',  ( 1.449760935694445863, -0.7689633922518404052, 0.08227454493103544819 ) ) ;
#4721 = CARTESIAN_POINT ( 'NONE',  ( 1.375409738600887444, 0.7999988807535084456, 0.08001064891903697518 ) ) ;
#4722 = ADVANCED_FACE ( 'NONE', ( #3516 ), #4826, .T. ) ;
#4723 = ORIENTED_EDGE ( 'NONE', *, *, #1174, .F. ) ;
#4724 = FILL_AREA_STYLE_COLOUR ( '', #5025 ) ;
#4725 = LINE ( 'NONE', #157, #2794 ) ;
#4726 = CARTESIAN_POINT ( 'NONE',  ( -0.2200000000000004730, 0.7999999999999998224, -0.08000000000000000167 ) ) ;
#4727 = ORIENTED_EDGE ( 'NONE', *, *, #1429, .T. ) ;
#4728 = DIRECTION ( 'NONE',  ( 0.000000000000000000, 0.000000000000000000, -1.000000000000000000 ) ) ;
#4729 = CARTESIAN_POINT ( 'NONE',  ( 0.7299999999999995381, -0.9999999999999995559, -0.1799999999999999378 ) ) ;
#4730 = CARTESIAN_POINT ( 'NONE',  ( 0.7299999999999995381, -1.399999999999999689, -0.3396092963070124204 ) ) ;
#4731 = CARTESIAN_POINT ( 'NONE',  ( -1.450000000000000178, 0.8000000000000002665, 0.08000000000000000167 ) ) ;
#4732 = CARTESIAN_POINT ( 'NONE',  ( 1.418170271781981739, -0.6935811296293613593, -0.3828396347450740422 ) ) ;
#4733 = DIRECTION ( 'NONE',  ( 0.000000000000000000, 1.000000000000000000, 0.000000000000000000 ) ) ;
#4734 = SURFACE_STYLE_USAGE ( .BOTH. , #4291 ) ;
#4735 = FACE_OUTER_BOUND ( 'NONE', #511, .T. ) ;
#4736 = EDGE_LOOP ( 'NONE', ( #2778, #5116, #486, #4440 ) ) ;
#4737 = UNCERTAINTY_MEASURE_WITH_UNIT (LENGTH_MEASURE( 1.000000000000000082E-05 ), #3001, 'distance_accuracy_value', 'NONE');
#4738 = DIRECTION ( 'NONE',  ( 0.000000000000000000, 0.000000000000000000, 1.000000000000000000 ) ) ;
#4739 = AXIS2_PLACEMENT_3D ( 'NONE', #3544, #1979, #4062 ) ;
#4740 = EDGE_CURVE ( 'NONE', #4222, #334, #5169, .T. ) ;
#4741 = ADVANCED_FACE ( 'NONE', ( #4487 ), #2094, .T. ) ;
#4742 = ORIENTED_EDGE ( 'NONE', *, *, #1893, .F. ) ;
#4743 = VERTEX_POINT ( 'NONE', #1669 ) ;
#4744 = VECTOR ( 'NONE', #3645, 1000.000000000000114 ) ;
#4745 = DIRECTION ( 'NONE',  ( -0.1039620511844979306, 0.1039620511844979306, 0.9891328443778538704 ) ) ;
#4746 = FILL_AREA_STYLE ('',( #3430 ) ) ;
#4747 = PRESENTATION_LAYER_ASSIGNMENT (  '', '', ( #3526 ) ) ;
#4748 = LINE ( 'NONE', #3407, #2450 ) ;
#4749 = ORIENTED_EDGE ( 'NONE', *, *, #944, .T. ) ;
#4750 = DIRECTION ( 'NONE',  ( -1.000000000000000000, -0.000000000000000000, -0.000000000000000000 ) ) ;
#4751 = CYLINDRICAL_SURFACE ( 'NONE', #1182, 0.07999999999999998779 ) ;
#4752 = EDGE_CURVE ( 'NONE', #4852, #1754, #2947, .T. ) ;
#4753 = EDGE_LOOP ( 'NONE', ( #4612, #335, #771, #5193 ) ) ;
#4754 = DIRECTION ( 'NONE',  ( 0.000000000000000000, 1.000000000000000000, 0.000000000000000000 ) ) ;
#4755 = EDGE_LOOP ( 'NONE', ( #3428, #365, #5189, #4464, #1857, #2201, #5035, #1334, #1133, #4185, #2566, #5147 ) ) ;
#4756 = MECHANICAL_DESIGN_GEOMETRIC_PRESENTATION_REPRESENTATION (  '', ( #4141 ), #1919 ) ;
#4757 = VECTOR ( 'NONE', #876, 1000.000000000000000 ) ;
#4758 = DIRECTION ( 'NONE',  ( 1.000000000000000000, 0.000000000000000000, 0.000000000000000000 ) ) ;
#4759 = DIRECTION ( 'NONE',  ( 1.000000000000000000, 0.000000000000000000, 0.000000000000000000 ) ) ;
#4760 = VECTOR ( 'NONE', #4381, 1000.000000000000114 ) ;
#4761 = PLANE ( 'NONE',  #4615 ) ;
#4762 = CARTESIAN_POINT ( 'NONE',  ( -0.7300000000000004263, -1.253024352625586868, -0.3293317578527861222 ) ) ;
#4763 = ORIENTED_EDGE ( 'NONE', *, *, #2585, .F. ) ;
#4764 = DIRECTION ( 'NONE',  ( 1.000000000000000000, 0.000000000000000000, 0.000000000000000000 ) ) ;
#4765 = FILL_AREA_STYLE ('',( #3102 ) ) ;
#4766 = VECTOR ( 'NONE', #2039, 1000.000000000000000 ) ;
#4767 = CARTESIAN_POINT ( 'NONE',  ( 1.343581129629361159, 0.6935811296293619144, 0.4500000000000000111 ) ) ;
#4768 = ORIENTED_EDGE ( 'NONE', *, *, #4638, .F. ) ;
#4769 = ORIENTED_EDGE ( 'NONE', *, *, #4197, .T. ) ;
#4770 = EDGE_CURVE ( 'NONE', #607, #2867, #118, .T. ) ;
#4771 =( LENGTH_UNIT ( ) NAMED_UNIT ( * ) SI_UNIT ( .MILLI., .METRE. ) );
#4772 = DIRECTION ( 'NONE',  ( 1.000000000000000000, 0.000000000000000000, 0.000000000000000000 ) ) ;
#4773 = ORIENTED_EDGE ( 'NONE', *, *, #51, .F. ) ;
#4774 =( NAMED_UNIT ( * ) PLANE_ANGLE_UNIT ( ) SI_UNIT ( $, .RADIAN. ) );
#4775 = ADVANCED_FACE ( 'NONE', ( #4110 ), #457, .T. ) ;
#4776 =( GEOMETRIC_REPRESENTATION_CONTEXT ( 3 ) GLOBAL_UNCERTAINTY_ASSIGNED_CONTEXT ( ( #2975 ) ) GLOBAL_UNIT_ASSIGNED_CONTEXT ( ( #3272, #2955, #1445 ) ) REPRESENTATION_CONTEXT ( 'NONE', 'WORKASPACE' ) );
#4777 = ORIENTED_EDGE ( 'NONE', *, *, #1491, .T. ) ;
#4778 = CARTESIAN_POINT ( 'NONE',  ( -1.450000000000000178, 0.7250000000000003109, 0.08000000000000000167 ) ) ;
#4779 = DIRECTION ( 'NONE',  ( 1.000000000000000000, 0.000000000000000000, 0.000000000000000000 ) ) ;
#4780 = COLOUR_RGB ( '',0.8039215686274510109, 0.8039215686274510109, 0.8039215686274510109 ) ;
#4781 = COLOUR_RGB ( '',0.8039215686274510109, 0.8039215686274510109, 0.8039215686274510109 ) ;
#4782 = STYLED_ITEM ( 'NONE', ( #2968 ), #2757 ) ;
#4783 = CARTESIAN_POINT ( 'NONE',  ( 1.169999999999999707, 1.159999999999999476, -0.2295753528268036636 ) ) ;
#4784 = FILL_AREA_STYLE ('',( #1510 ) ) ;
#4785 = DIRECTION ( 'NONE',  ( 1.000000000000000000, 0.000000000000000000, 0.000000000000000000 ) ) ;
#4786 =( NAMED_UNIT ( * ) PLANE_ANGLE_UNIT ( ) SI_UNIT ( $, .RADIAN. ) );
#4787 = CARTESIAN_POINT ( 'NONE',  ( -0.7300000000000004263, 1.259999999999999343, -0.2295753528268036636 ) ) ;
#4788 = EDGE_CURVE ( 'NONE', #1231, #2319, #3290, .T. ) ;
#4789 = VERTEX_POINT ( 'NONE', #2409 ) ;
#4790 = AXIS2_PLACEMENT_3D ( 'NONE', #1656, #3775, #951 ) ;
#4791 =( LENGTH_UNIT ( ) NAMED_UNIT ( * ) SI_UNIT ( .MILLI., .METRE. ) );
#4792 = MECHANICAL_DESIGN_GEOMETRIC_PRESENTATION_REPRESENTATION (  '', ( #2447 ), #2535 ) ;
#4793 = COLOUR_RGB ( '',0.8039215686274510109, 0.8039215686274510109, 0.8039215686274510109 ) ;
#4794 = VERTEX_POINT ( 'NONE', #2123 ) ;
#4795 = STYLED_ITEM ( 'NONE', ( #3551 ), #2230 ) ;
#4796 = ORIENTED_EDGE ( 'NONE', *, *, #2236, .F. ) ;
#4797 = DIRECTION ( 'NONE',  ( 0.9945218953682732899, 0.000000000000000000, 0.1045284632676538178 ) ) ;
#4798 = DIRECTION ( 'NONE',  ( 1.000000000000000000, 0.000000000000000000, 0.000000000000000000 ) ) ;
#4799 = AXIS2_PLACEMENT_3D ( 'NONE', #3177, #1615, #5243 ) ;
#4800 = EDGE_LOOP ( 'NONE', ( #2239, #2793, #3617, #280 ) ) ;
#4801 = PRESENTATION_LAYER_ASSIGNMENT (  '', '', ( #3657 ) ) ;
#4802 = CARTESIAN_POINT ( 'NONE',  ( 1.449999626916907758, 0.7252731602562247915, -0.08000354964851165429 ) ) ;
#4803 = ADVANCED_FACE ( 'NONE', ( #2486 ), #4132, .T. ) ;
#4804 = EDGE_CURVE ( 'NONE', #4121, #2587, #1420, .T. ) ;
#4805 = ORIENTED_EDGE ( 'NONE', *, *, #2264, .T. ) ;
#4806 = FACE_OUTER_BOUND ( 'NONE', #3800, .T. ) ;
#4807 = DIRECTION ( 'NONE',  ( 0.000000000000000000, 0.000000000000000000, -1.000000000000000000 ) ) ;
#4808 = LINE ( 'NONE', #271, #2374 ) ;
#4809 = LINE ( 'NONE', #273, #2202 ) ;
#4810 = VECTOR ( 'NONE', #324, 1000.000000000000000 ) ;
#4811 = ADVANCED_BREP_SHAPE_REPRESENTATION ( 'BD9E201FP4-ZTL', ( #2306, #2408, #4051, #2396, #508, #2413, #648, #2349, #198 ), #349 ) ;
#4812 = FACE_OUTER_BOUND ( 'NONE', #4131, .T. ) ;
#4813 = DIRECTION ( 'NONE',  ( 0.000000000000000000, 0.000000000000000000, 1.000000000000000000 ) ) ;
#4814 = DIRECTION ( 'NONE',  ( -0.1039620511844979445, -0.1039620511844979445, -0.9891328443778539814 ) ) ;
#4815 = LINE ( 'NONE', #3944, #908 ) ;
#4816 = FILL_AREA_STYLE_COLOUR ( '', #2873 ) ;
#4817 = ORIENTED_EDGE ( 'NONE', *, *, #751, .F. ) ;
#4818 = DIRECTION ( 'NONE',  ( 0.000000000000000000, 8.470329472543025577E-17, 1.000000000000000000 ) ) ;
#4819 = LINE ( 'NONE', #282, #3317 ) ;
#4820 = LINE ( 'NONE', #4386, #3410 ) ;
#4821 = EDGE_LOOP ( 'NONE', ( #4628, #762 ) ) ;
#4822 = STYLED_ITEM ( 'NONE', ( #2397 ), #436 ) ;
#4823 = ORIENTED_EDGE ( 'NONE', *, *, #4407, .T. ) ;
#4824 = DIRECTION ( 'NONE',  ( 1.000000000000000000, 0.000000000000000000, 0.000000000000000000 ) ) ;
#4825 = CIRCLE ( 'NONE', #4739, 0.2000000000000000389 ) ;
#4826 = PLANE ( 'NONE',  #2104 ) ;
#4827 = VECTOR ( 'NONE', #5084, 1000.000000000000114 ) ;
#4828 = VERTEX_POINT ( 'NONE', #1452 ) ;
#4829 = DIRECTION ( 'NONE',  ( 0.000000000000000000, 0.000000000000000000, 1.000000000000000000 ) ) ;
#4830 = STYLED_ITEM ( 'NONE', ( #2231 ), #4051 ) ;
#4831 = ORIENTED_EDGE ( 'NONE', *, *, #3217, .T. ) ;
#4832 = DIRECTION ( 'NONE',  ( 0.000000000000000000, 0.000000000000000000, 1.000000000000000000 ) ) ;
#4833 = DIRECTION ( 'NONE',  ( 0.000000000000000000, -1.000000000000000000, 0.000000000000000000 ) ) ;
#4834 = ADVANCED_FACE ( 'NONE', ( #631 ), #1898, .F. ) ;
#4835 = ADVANCED_FACE ( 'NONE', ( #2293 ), #265, .T. ) ;
#4836 = DIRECTION ( 'NONE',  ( 1.000000000000000000, 0.000000000000000000, 0.000000000000000000 ) ) ;
#4837 = FACE_OUTER_BOUND ( 'NONE', #956, .T. ) ;
#4838 = CYLINDRICAL_SURFACE ( 'NONE', #5043, 0.1999999999999998723 ) ;
#4839 = CARTESIAN_POINT ( 'NONE',  ( -1.376217025357843626, -0.7262170253578432710, 0.06449019374921866055 ) ) ;
#4840 = EDGE_CURVE ( 'NONE', #1528, #3401, #3869, .T. ) ;
#4841 = CARTESIAN_POINT ( 'NONE',  ( -1.103581129629361612, -0.5335811296293614392, 0.4399999999999999467 ) ) ;
#4842 = STYLED_ITEM ( 'NONE', ( #108 ), #1029 ) ;
#4843 = VECTOR ( 'NONE', #250, 1000.000000000000000 ) ;
#4844 = ORIENTED_EDGE ( 'NONE', *, *, #1692, .T. ) ;
#4845 = ORIENTED_EDGE ( 'NONE', *, *, #3232, .T. ) ;
#4846 =( LENGTH_UNIT ( ) NAMED_UNIT ( * ) SI_UNIT ( .MILLI., .METRE. ) );
#4847 = DIRECTION ( 'NONE',  ( 1.000000000000000000, 0.000000000000000000, 0.000000000000000000 ) ) ;
#4848 = VERTEX_POINT ( 'NONE', #1504 ) ;
#4849 = CARTESIAN_POINT ( 'NONE',  ( -1.170000000000000373, 0.9599999999999994094, 0.07999999999999998779 ) ) ;
#4850 =( BOUNDED_CURVE ( )  B_SPLINE_CURVE ( 3, ( #2647, #5210, #1531, #3876 ),
 .UNSPECIFIED., .F., .T. ) 
 B_SPLINE_CURVE_WITH_KNOTS ( ( 4, 4 ),
 ( 3.141592653589793116, 3.147055862111332036 ),
 .UNSPECIFIED. ) 
 CURVE ( )  GEOMETRIC_REPRESENTATION_ITEM ( )  RATIONAL_B_SPLINE_CURVE ( ( 1.000000000000000000, 0.9999975127809339615, 0.9999975127809339615, 1.000000000000000000 ) ) 
 REPRESENTATION_ITEM ( '' )  );
#4851 = AXIS2_PLACEMENT_3D ( 'NONE', #4989, #2973, #856 ) ;
#4852 = VERTEX_POINT ( 'NONE', #4726 ) ;
#4853 = FACE_OUTER_BOUND ( 'NONE', #1803, .T. ) ;
#4854 = AXIS2_PLACEMENT_3D ( 'NONE', #1867, #655, #3492 ) ;
#4855 = DIRECTION ( 'NONE',  ( 1.000000000000000000, 0.000000000000000000, 0.000000000000000000 ) ) ;
#4856 = ORIENTED_EDGE ( 'NONE', *, *, #1673, .F. ) ;
#4857 =( NAMED_UNIT ( * ) SI_UNIT ( $, .STERADIAN. ) SOLID_ANGLE_UNIT ( ) );
#4858 = STYLED_ITEM ( 'NONE', ( #4227 ), #4835 ) ;
#4859 = DIRECTION ( 'NONE',  ( 0.000000000000000000, 0.000000000000000000, 1.000000000000000000 ) ) ;
#4860 = LINE ( 'NONE', #1197, #18 ) ;
#4861 = EDGE_CURVE ( 'NONE', #4743, #575, #4641, .T. ) ;
#4862 = SURFACE_SIDE_STYLE ('',( #1560 ) ) ;
#4863 = PRESENTATION_LAYER_ASSIGNMENT (  '', '', ( #4690 ) ) ;
#4864 = FILL_AREA_STYLE_COLOUR ( '', #3568 ) ;
#4865 = CARTESIAN_POINT ( 'NONE',  ( 1.418963392251840760, -0.7997609356944456183, -0.08227454493103901478 ) ) ;
#4866 = AXIS2_PLACEMENT_3D ( 'NONE', #3633, #424, #8 ) ;
#4867 = EDGE_CURVE ( 'NONE', #3324, #3514, #2194, .T. ) ;
#4868 = FACE_OUTER_BOUND ( 'NONE', #1409, .T. ) ;
#4869 = DIRECTION ( 'NONE',  ( -0.1039620511844979445, -0.1039620511844979445, 0.9891328443778539814 ) ) ;
#4870 = MECHANICAL_DESIGN_GEOMETRIC_PRESENTATION_REPRESENTATION (  '', ( #2036 ), #4437 ) ;
#4871 = ORIENTED_EDGE ( 'NONE', *, *, #4104, .F. ) ;
#4872 = ORIENTED_EDGE ( 'NONE', *, *, #1946, .F. ) ;
#4873 = SURFACE_STYLE_USAGE ( .BOTH. , #836 ) ;
#4874 = LINE ( 'NONE', #2750, #2868 ) ;
#4875 = ORIENTED_EDGE ( 'NONE', *, *, #2316, .T. ) ;
#4876 = SURFACE_SIDE_STYLE ('',( #3618 ) ) ;
#4877 = AXIS2_PLACEMENT_3D ( 'NONE', #4290, #1433, #2707 ) ;
#4878 = ADVANCED_FACE ( 'NONE', ( #1794 ), #4751, .T. ) ;
#4879 = VERTEX_POINT ( 'NONE', #5088 ) ;
#4880 = LINE ( 'NONE', #347, #2969 ) ;
#4881 = LINE ( 'NONE', #4472, #3742 ) ;
#4882 =( NAMED_UNIT ( * ) SI_UNIT ( $, .STERADIAN. ) SOLID_ANGLE_UNIT ( ) );
#4883 = EDGE_LOOP ( 'NONE', ( #3958, #4945, #2514, #477 ) ) ;
#4884 = DIRECTION ( 'NONE',  ( 1.000000000000000000, 0.000000000000000000, 0.000000000000000000 ) ) ;
#4885 = UNCERTAINTY_MEASURE_WITH_UNIT (LENGTH_MEASURE( 1.000000000000000082E-05 ), #4581, 'distance_accuracy_value', 'NONE');
#4886 = CARTESIAN_POINT ( 'NONE',  ( -0.2200000000000004730, 0.9599999999999994094, -0.1199999999999999956 ) ) ;
#4887 =( GEOMETRIC_REPRESENTATION_CONTEXT ( 3 ) GLOBAL_UNCERTAINTY_ASSIGNED_CONTEXT ( ( #4906 ) ) GLOBAL_UNIT_ASSIGNED_CONTEXT ( ( #4491, #1923, #1549 ) ) REPRESENTATION_CONTEXT ( 'NONE', 'WORKASPACE' ) );
#4888 = DIRECTION ( 'NONE',  ( -1.000000000000000000, -0.000000000000000000, -0.000000000000000000 ) ) ;
#4889 = SURFACE_SIDE_STYLE ('',( #449 ) ) ;
#4890 = STYLED_ITEM ( 'NONE', ( #5126 ), #790 ) ;
#4891 = FILL_AREA_STYLE ('',( #4864 ) ) ;
#4892 = CARTESIAN_POINT ( 'NONE',  ( 1.449999999999999734, -0.7249999999999998668, 0.08000000000000000167 ) ) ;
#4893 = SURFACE_SIDE_STYLE ('',( #5247 ) ) ;
#4894 = SURFACE_STYLE_USAGE ( .BOTH. , #427 ) ;
#4895 = ORIENTED_EDGE ( 'NONE', *, *, #1141, .F. ) ;
#4896 = VERTEX_POINT ( 'NONE', #3043 ) ;
#4897 = FILL_AREA_STYLE_COLOUR ( '', #5134 ) ;
#4898 = ADVANCED_FACE ( 'NONE', ( #4695 ), #1786, .T. ) ;
#4899 = EDGE_CURVE ( 'NONE', #4095, #1875, #5026, .T. ) ;
#4900 = PRESENTATION_STYLE_ASSIGNMENT (( #2871 ) ) ;
#4901 = VECTOR ( 'NONE', #903, 1000.000000000000000 ) ;
#4902 = VERTEX_POINT ( 'NONE', #3011 ) ;
#4903 = PRESENTATION_STYLE_ASSIGNMENT (( #840 ) ) ;
#4904 = CARTESIAN_POINT ( 'NONE',  ( -1.376217025357843626, -0.8008061675104637400, 0.07232982849429266115 ) ) ;
#4905 = CARTESIAN_POINT ( 'NONE',  ( 0.2199999999999996125, 1.253024352625586868, -0.3293317578527861222 ) ) ;
#4906 = UNCERTAINTY_MEASURE_WITH_UNIT (LENGTH_MEASURE( 1.000000000000000082E-05 ), #4491, 'distance_accuracy_value', 'NONE');
#4907 = CIRCLE ( 'NONE', #4212, 0.1999999999999998723 ) ;
#4908 = CARTESIAN_POINT ( 'NONE',  ( 1.343581129629361159, 0.6935811296293619144, 0.3750000000000000000 ) ) ;
#4909 = ORIENTED_EDGE ( 'NONE', *, *, #944, .F. ) ;
#4910 = AXIS2_PLACEMENT_3D ( 'NONE', #3165, #2772, #5198 ) ;
#4911 = ADVANCED_FACE ( 'NONE', ( #2603 ), #3771, .T. ) ;
#4912 = FILL_AREA_STYLE ('',( #444 ) ) ;
#4913 = SURFACE_SIDE_STYLE ('',( #25 ) ) ;
#4914 = MECHANICAL_DESIGN_GEOMETRIC_PRESENTATION_REPRESENTATION (  '', ( #736 ), #3176 ) ;
#4915 = SURFACE_STYLE_USAGE ( .BOTH. , #4125 ) ;
#4916 = LINE ( 'NONE', #854, #4757 ) ;
#4917 = DIRECTION ( 'NONE',  ( 0.000000000000000000, 0.000000000000000000, 1.000000000000000000 ) ) ;
#4918 = ORIENTED_EDGE ( 'NONE', *, *, #601, .F. ) ;
#4919 = ORIENTED_EDGE ( 'NONE', *, *, #4391, .T. ) ;
#4920 =( NAMED_UNIT ( * ) SI_UNIT ( $, .STERADIAN. ) SOLID_ANGLE_UNIT ( ) );
#4921 = MECHANICAL_DESIGN_GEOMETRIC_PRESENTATION_REPRESENTATION (  '', ( #1743 ), #2417 ) ;
#4922 = EDGE_CURVE ( 'NONE', #2612, #4095, #151, .T. ) ;
#4923 =( GEOMETRIC_REPRESENTATION_CONTEXT ( 3 ) GLOBAL_UNCERTAINTY_ASSIGNED_CONTEXT ( ( #394 ) ) GLOBAL_UNIT_ASSIGNED_CONTEXT ( ( #2709, #4786, #643 ) ) REPRESENTATION_CONTEXT ( 'NONE', 'WORKASPACE' ) );
#4924 = VERTEX_POINT ( 'NONE', #1597 ) ;
#4925 = FILL_AREA_STYLE_COLOUR ( '', #2284 ) ;
#4926 = CYLINDRICAL_SURFACE ( 'NONE', #3859, 0.07999999999999998779 ) ;
#4927 = VECTOR ( 'NONE', #160, 1000.000000000000000 ) ;
#4928 = CARTESIAN_POINT ( 'NONE',  ( -1.418170271781982184, 0.6935811296293618033, -0.3828396347450740422 ) ) ;
#4929 = EDGE_CURVE ( 'NONE', #3611, #4789, #5020, .T. ) ;
#4930 = FILL_AREA_STYLE_COLOUR ( '', #2892 ) ;
#4931 = VERTEX_POINT ( 'NONE', #1209 ) ;
#4932 = CARTESIAN_POINT ( 'NONE',  ( -0.7300000000000004263, -0.7999999999999998224, -0.08000000000000000167 ) ) ;
#4933 = CIRCLE ( 'NONE', #5199, 0.09999999999999985290 ) ;
#4934 = DIRECTION ( 'NONE',  ( -1.000000000000000000, -0.000000000000000000, -0.000000000000000000 ) ) ;
#4935 = LINE ( 'NONE', #4100, #3830 ) ;
#4936 = CARTESIAN_POINT ( 'NONE',  ( -1.170000000000000373, -1.399999999999999689, -0.3396092963070124204 ) ) ;
#4937 = CARTESIAN_POINT ( 'NONE',  ( 1.449760935694445863, -0.7689633922518405162, -0.08227454493103901478 ) ) ;
#4938 = EDGE_CURVE ( 'NONE', #4789, #1389, #2458, .T. ) ;
#4939 = DIRECTION ( 'NONE',  ( 0.000000000000000000, 0.000000000000000000, 1.000000000000000000 ) ) ;
#4940 =( NAMED_UNIT ( * ) PLANE_ANGLE_UNIT ( ) SI_UNIT ( $, .RADIAN. ) );
#4941 = ORIENTED_EDGE ( 'NONE', *, *, #927, .T. ) ;
#4942 = VECTOR ( 'NONE', #5106, 1000.000000000000114 ) ;
#4943 = FILL_AREA_STYLE ('',( #36 ) ) ;
#4944 = COLOUR_RGB ( '',0.8039215686274510109, 0.8039215686274510109, 0.8039215686274510109 ) ;
#4945 = ORIENTED_EDGE ( 'NONE', *, *, #4306, .F. ) ;
#4946 = ORIENTED_EDGE ( 'NONE', *, *, #1112, .F. ) ;
#4947 = VECTOR ( 'NONE', #977, 1000.000000000000000 ) ;
#4948 = DIRECTION ( 'NONE',  ( 0.000000000000000000, -4.109696271182928860E-15, 1.000000000000000000 ) ) ;
#4949 = MECHANICAL_DESIGN_GEOMETRIC_PRESENTATION_REPRESENTATION (  '', ( #2116 ), #2804 ) ;
#4950 = FILL_AREA_STYLE_COLOUR ( '', #2886 ) ;
#4951 = LINE ( 'NONE', #1681, #522 ) ;
#4952 = ORIENTED_EDGE ( 'NONE', *, *, #1537, .T. ) ;
#4953 = FACE_OUTER_BOUND ( 'NONE', #2392, .T. ) ;
#4954 = DIRECTION ( 'NONE',  ( 0.000000000000000000, 0.000000000000000000, 1.000000000000000000 ) ) ;
#4955 = EDGE_CURVE ( 'NONE', #1309, #4577, #3721, .T. ) ;
#4956 = EDGE_CURVE ( 'NONE', #286, #783, #2362, .T. ) ;
#4957 = CIRCLE ( 'NONE', #4530, 0.2000000000000000389 ) ;
#4958 =( GEOMETRIC_REPRESENTATION_CONTEXT ( 3 ) GLOBAL_UNCERTAINTY_ASSIGNED_CONTEXT ( ( #1757 ) ) GLOBAL_UNIT_ASSIGNED_CONTEXT ( ( #3282, #26, #1639 ) ) REPRESENTATION_CONTEXT ( 'NONE', 'WORKASPACE' ) );
#4959 =( NAMED_UNIT ( * ) PLANE_ANGLE_UNIT ( ) SI_UNIT ( $, .RADIAN. ) );
#4960 = FILL_AREA_STYLE_COLOUR ( '', #5068 ) ;
#4961 = CIRCLE ( 'NONE', #192, 0.07500000000000002498 ) ;
#4962 = CARTESIAN_POINT ( 'NONE',  ( -0.2200000000000004730, -0.7999999999999998224, -0.08000000000000000167 ) ) ;
#4963 = DIRECTION ( 'NONE',  ( 0.1039620511844980416, 0.1039620511844980416, 0.9891328443778539814 ) ) ;
#4964 = LINE ( 'NONE', #2505, #925 ) ;
#4965 = ORIENTED_EDGE ( 'NONE', *, *, #1881, .T. ) ;
#4966 = PRESENTATION_LAYER_ASSIGNMENT (  '', '', ( #1974 ) ) ;
#4967 = FACE_OUTER_BOUND ( 'NONE', #2152, .T. ) ;
#4968 = SURFACE_STYLE_USAGE ( .BOTH. , #3315 ) ;
#4969 = EDGE_CURVE ( 'NONE', #119, #3364, #587, .T. ) ;
#4970 = FILL_AREA_STYLE_COLOUR ( '', #899 ) ;
#4971 = ORIENTED_EDGE ( 'NONE', *, *, #788, .T. ) ;
#4972 = VERTEX_POINT ( 'NONE', #4056 ) ;
#4973 = UNCERTAINTY_MEASURE_WITH_UNIT (LENGTH_MEASURE( 1.000000000000000082E-05 ), #1312, 'distance_accuracy_value', 'NONE');
#4974 = ORIENTED_EDGE ( 'NONE', *, *, #415, .T. ) ;
#4975 = DIRECTION ( 'NONE',  ( 0.000000000000000000, 0.9975640502598243087, -0.06975647374412512203 ) ) ;
#4976 = DIRECTION ( 'NONE',  ( 0.000000000000000000, 1.351951388106425141E-15, -1.000000000000000000 ) ) ;
#4977 = UNCERTAINTY_MEASURE_WITH_UNIT (LENGTH_MEASURE( 1.000000000000000082E-05 ), #2254, 'distance_accuracy_value', 'NONE');
#4978 = LINE ( 'NONE', #2579, #2369 ) ;
#4979 = VERTEX_POINT ( 'NONE', #14 ) ;
#4980 = PRESENTATION_LAYER_ASSIGNMENT (  '', '', ( #4822 ) ) ;
#4981 = SURFACE_SIDE_STYLE ('',( #580 ) ) ;
#4982 = CARTESIAN_POINT ( 'NONE',  ( -0.2200000000000004730, -1.253024352625586868, -0.3293317578527860667 ) ) ;
#4983 = SURFACE_STYLE_USAGE ( .BOTH. , #528 ) ;
#4984 = ADVANCED_FACE ( 'NONE', ( #1626 ), #4238, .T. ) ;
#4985 = ADVANCED_FACE ( 'NONE', ( #1818 ), #4696, .T. ) ;
#4986 = CARTESIAN_POINT ( 'NONE',  ( -1.450000000000000400, -0.7251365803828910828, 0.07999999999999990452 ) ) ;
#4987 = DIRECTION ( 'NONE',  ( 0.000000000000000000, 0.9975640502598243087, -0.06975647374412512203 ) ) ;
#4988 = AXIS2_PLACEMENT_3D ( 'NONE', #2487, #3827, #2627 ) ;
#4989 = CARTESIAN_POINT ( 'NONE',  ( -1.343581129629361604, -0.6935811296293614703, 0.3750000000000000000 ) ) ;
#4990 = DIRECTION ( 'NONE',  ( 0.000000000000000000, -1.000000000000000000, 0.000000000000000000 ) ) ;
#4991 = EDGE_CURVE ( 'NONE', #3262, #3194, #4688, .T. ) ;
#4992 = ORIENTED_EDGE ( 'NONE', *, *, #2363, .T. ) ;
#4993 = DIRECTION ( 'NONE',  ( 1.000000000000000000, 0.000000000000000000, 0.000000000000000000 ) ) ;
#4994 = ORIENTED_EDGE ( 'NONE', *, *, #3356, .T. ) ;
#4995 = ORIENTED_EDGE ( 'NONE', *, *, #3596, .T. ) ;
#4996 = ORIENTED_EDGE ( 'NONE', *, *, #1462, .T. ) ;
#4997 = VECTOR ( 'NONE', #1686, 1000.000000000000000 ) ;
#4998 = LINE ( 'NONE', #3670, #1604 ) ;
#4999 = LINE ( 'NONE', #2129, #1392 ) ;
#5000 = CARTESIAN_POINT ( 'NONE',  ( 1.433513194572082705, 0.7089240524194626580, -0.2368614755270582739 ) ) ;
#5001 = UNCERTAINTY_MEASURE_WITH_UNIT (LENGTH_MEASURE( 1.000000000000000082E-05 ), #924, 'distance_accuracy_value', 'NONE');
#5002 = DIRECTION ( 'NONE',  ( 0.000000000000000000, 0.000000000000000000, -1.000000000000000000 ) ) ;
#5003 = ORIENTED_EDGE ( 'NONE', *, *, #907, .T. ) ;
#5004 = ORIENTED_EDGE ( 'NONE', *, *, #4637, .T. ) ;
#5005 = SURFACE_STYLE_USAGE ( .BOTH. , #4073 ) ;
#5006 = DIRECTION ( 'NONE',  ( 0.000000000000000000, 0.000000000000000000, -1.000000000000000000 ) ) ;
#5007 = UNCERTAINTY_MEASURE_WITH_UNIT (LENGTH_MEASURE( 1.000000000000000082E-05 ), #2996, 'distance_accuracy_value', 'NONE');
#5008 = DIRECTION ( 'NONE',  ( 0.000000000000000000, 1.000000000000000000, 0.000000000000000000 ) ) ;
#5009 = LINE ( 'NONE', #990, #1404 ) ;
#5010 = EDGE_CURVE ( 'NONE', #3401, #3662, #1008, .T. ) ;
#5011 = CIRCLE ( 'NONE', #5284, 0.2000000000000000389 ) ;
#5012 = CARTESIAN_POINT ( 'NONE',  ( -1.450000000000000178, -0.7249999999999998668, -0.08000000000000000167 ) ) ;
#5013 =( NAMED_UNIT ( * ) SI_UNIT ( $, .STERADIAN. ) SOLID_ANGLE_UNIT ( ) );
#5014 = STYLED_ITEM ( 'NONE', ( #1304 ), #4803 ) ;
#5015 = UNCERTAINTY_MEASURE_WITH_UNIT (LENGTH_MEASURE( 1.000000000000000082E-05 ), #437, 'distance_accuracy_value', 'NONE');
#5016 = ORIENTED_EDGE ( 'NONE', *, *, #1881, .F. ) ;
#5017 = LINE ( 'NONE', #143, #2549 ) ;
#5018 = CARTESIAN_POINT ( 'NONE',  ( 0.7299999999999995381, 0.7999999999999998224, -0.08000000000000000167 ) ) ;
#5019 = EDGE_CURVE ( 'NONE', #1317, #911, #5115, .T. ) ;
#5020 = CIRCLE ( 'NONE', #5201, 0.2000000000000000389 ) ;
#5021 = EDGE_LOOP ( 'NONE', ( #1364, #3921 ) ) ;
#5022 = ORIENTED_EDGE ( 'NONE', *, *, #4314, .T. ) ;
#5023 = MECHANICAL_DESIGN_GEOMETRIC_PRESENTATION_REPRESENTATION (  '', ( #1948 ), #2358 ) ;
#5024 = ORIENTED_EDGE ( 'NONE', *, *, #3079, .F. ) ;
#5025 = COLOUR_RGB ( '',0.8039215686274510109, 0.8039215686274510109, 0.8039215686274510109 ) ;
#5026 = LINE ( 'NONE', #1366, #341 ) ;
#5027 =( NAMED_UNIT ( * ) SI_UNIT ( $, .STERADIAN. ) SOLID_ANGLE_UNIT ( ) );
#5028 = PRESENTATION_LAYER_ASSIGNMENT (  '', '', ( #3304 ) ) ;
#5029 = FACE_OUTER_BOUND ( 'NONE', #3708, .T. ) ;
#5030 = EDGE_LOOP ( 'NONE', ( #4170, #503, #4845, #729 ) ) ;
#5031 = COLOUR_RGB ( '',0.8039215686274510109, 0.8039215686274510109, 0.8039215686274510109 ) ;
#5032 = FILL_AREA_STYLE ('',( #3748 ) ) ;
#5033 = FACE_OUTER_BOUND ( 'NONE', #2335, .T. ) ;
#5034 = ADVANCED_FACE ( 'NONE', ( #2136 ), #3777, .T. ) ;
#5035 = ORIENTED_EDGE ( 'NONE', *, *, #1839, .T. ) ;
#5036 = LINE ( 'NONE', #3329, #2682 ) ;
#5037 = VECTOR ( 'NONE', #1636, 1000.000000000000000 ) ;
#5038 = CIRCLE ( 'NONE', #4177, 0.07500000000000002498 ) ;
#5039 = LINE ( 'NONE', #4700, #72 ) ;
#5040 = DIRECTION ( 'NONE',  ( 0.000000000000000000, 0.000000000000000000, -1.000000000000000000 ) ) ;
#5041 = CARTESIAN_POINT ( 'NONE',  ( 1.169999999999999707, 0.8999999999999999112, -0.1800000000000000211 ) ) ;
#5042 =( GEOMETRIC_REPRESENTATION_CONTEXT ( 3 ) GLOBAL_UNCERTAINTY_ASSIGNED_CONTEXT ( ( #922 ) ) GLOBAL_UNIT_ASSIGNED_CONTEXT ( ( #3264, #3664, #4920 ) ) REPRESENTATION_CONTEXT ( 'NONE', 'WORKASPACE' ) );
#5043 = AXIS2_PLACEMENT_3D ( 'NONE', #4886, #418, #54 ) ;
#5044 = FILL_AREA_STYLE ('',( #218 ) ) ;
#5045 = FILL_AREA_STYLE ('',( #5099 ) ) ;
#5046 = FACE_OUTER_BOUND ( 'NONE', #4388, .T. ) ;
#5047 = PRESENTATION_LAYER_ASSIGNMENT (  '', '', ( #4024 ) ) ;
#5048 = VERTEX_POINT ( 'NONE', #953 ) ;
#5049 = DIRECTION ( 'NONE',  ( 0.000000000000000000, 0.000000000000000000, -1.000000000000000000 ) ) ;
#5050 =( BOUNDED_CURVE ( )  B_SPLINE_CURVE ( 3, ( #726, #2651, #1906, #3053 ),
 .UNSPECIFIED., .F., .T. ) 
 B_SPLINE_CURVE_WITH_KNOTS ( ( 4, 4 ),
 ( 0.000000000000000000, 0.005463208521541919674 ),
 .UNSPECIFIED. ) 
 CURVE ( )  GEOMETRIC_REPRESENTATION_ITEM ( )  RATIONAL_B_SPLINE_CURVE ( ( 1.000000000000000000, 0.9999975127809339615, 0.9999975127809339615, 1.000000000000000000 ) ) 
 REPRESENTATION_ITEM ( '' )  );
#5051 = SURFACE_SIDE_STYLE ('',( #1048 ) ) ;
#5052 = VERTEX_POINT ( 'NONE', #2555 ) ;
#5053 = ORIENTED_EDGE ( 'NONE', *, *, #4314, .F. ) ;
#5054 = VERTEX_POINT ( 'NONE', #548 ) ;
#5055 = EDGE_CURVE ( 'NONE', #1875, #1594, #2977, .T. ) ;
#5056 = EDGE_CURVE ( 'NONE', #2180, #3538, #2568, .T. ) ;
#5057 = DIRECTION ( 'NONE',  ( 0.000000000000000000, -0.1045284632676537068, 0.9945218953682734009 ) ) ;
#5059 = PRESENTATION_LAYER_ASSIGNMENT (  '', '', ( #4890 ) ) ;
#5058 = DIRECTION ( 'NONE',  ( 1.000000000000000000, 0.000000000000000000, 0.000000000000000000 ) ) ;
#5060 = CARTESIAN_POINT ( 'NONE',  ( 1.375273160256224703, -0.7999996269169080687, -0.08000354964850761585 ) ) ;
#5061 = DIRECTION ( 'NONE',  ( 0.000000000000000000, -1.351951388106425141E-15, -1.000000000000000000 ) ) ;
#5062 = CARTESIAN_POINT ( 'NONE',  ( -0.7300000000000004263, -0.7999999999999998224, 0.08000000000000000167 ) ) ;
#5063 = ORIENTED_EDGE ( 'NONE', *, *, #5157, .F. ) ;
#5064 = CARTESIAN_POINT ( 'NONE',  ( 1.449999999999999734, 0.7250000000000003109, 0.08000000000000000167 ) ) ;
#5065 = LINE ( 'NONE', #208, #99 ) ;
#5066 = VERTEX_POINT ( 'NONE', #966 ) ;
#5067 = CARTESIAN_POINT ( 'NONE',  ( -1.170000000000000373, -1.186048705251175006, -0.4850390680470285654 ) ) ;
#5068 = COLOUR_RGB ( '',0.2862745098039215508, 0.2862745098039215508, 0.2862745098039215508 ) ;
#5069 = LINE ( 'NONE', #3094, #4927 ) ;
#5070 = FILL_AREA_STYLE_COLOUR ( '', #235 ) ;
#5071 = ADVANCED_FACE ( 'NONE', ( #4216 ), #1069, .F. ) ;
#5072 = VECTOR ( 'NONE', #948, 1000.000000000000000 ) ;
#5073 =( NAMED_UNIT ( * ) PLANE_ANGLE_UNIT ( ) SI_UNIT ( $, .RADIAN. ) );
#5074 = CARTESIAN_POINT ( 'NONE',  ( -1.375136580382891882, 0.8000000000000002665, -0.07999999999999990452 ) ) ;
#5075 = FILL_AREA_STYLE_COLOUR ( '', #573 ) ;
#5076 = EDGE_LOOP ( 'NONE', ( #5204, #4723, #1388, #263 ) ) ;
#5077 = CARTESIAN_POINT ( 'NONE',  ( -0.2200000000000004730, 1.399999999999999911, -0.5000000000000000000 ) ) ;
#5078 = PRESENTATION_LAYER_ASSIGNMENT (  '', '', ( #736 ) ) ;
#5079 =( LENGTH_UNIT ( ) NAMED_UNIT ( * ) SI_UNIT ( .MILLI., .METRE. ) );
#5080 = VECTOR ( 'NONE', #343, 1000.000000000000000 ) ;
#5081 = ORIENTED_EDGE ( 'NONE', *, *, #5055, .T. ) ;
#5082 = ORIENTED_EDGE ( 'NONE', *, *, #849, .T. ) ;
#5083 = DIRECTION ( 'NONE',  ( 0.000000000000000000, 0.000000000000000000, -1.000000000000000000 ) ) ;
#5084 = DIRECTION ( 'NONE',  ( 0.000000000000000000, -0.9975640502598243087, 0.06975647374412440038 ) ) ;
#5085 = ADVANCED_FACE ( 'NONE', ( #3127 ), #3581, .T. ) ;
#5086 = VERTEX_POINT ( 'NONE', #3532 ) ;
#5087 = FACE_OUTER_BOUND ( 'NONE', #1696, .T. ) ;
#5088 = CARTESIAN_POINT ( 'NONE',  ( 0.2199999999999996125, -0.7999999999999998224, 0.08000000000000000167 ) ) ;
#5089 = AXIS2_PLACEMENT_3D ( 'NONE', #470, #4613, #1713 ) ;
#5090 = STYLED_ITEM ( 'NONE', ( #3179 ), #1810 ) ;
#5091 = EDGE_CURVE ( 'NONE', #4577, #392, #5216, .T. ) ;
#5092 = ORIENTED_EDGE ( 'NONE', *, *, #2731, .T. ) ;
#5093 =( LENGTH_UNIT ( ) NAMED_UNIT ( * ) SI_UNIT ( .MILLI., .METRE. ) );
#5094 = SURFACE_SIDE_STYLE ('',( #1036 ) ) ;
#5095 = LINE ( 'NONE', #4316, #1609 ) ;
#5096 = CARTESIAN_POINT ( 'NONE',  ( 0.7299999999999995381, -1.159999999999999032, -0.1199999999999997735 ) ) ;
#5097 = DIRECTION ( 'NONE',  ( 1.000000000000000000, 0.000000000000000000, 0.000000000000000000 ) ) ;
#5098 = SURFACE_STYLE_USAGE ( .BOTH. , #3478 ) ;
#5099 = FILL_AREA_STYLE_COLOUR ( '', #2978 ) ;
#5100 = DIRECTION ( 'NONE',  ( 0.000000000000000000, 0.000000000000000000, 1.000000000000000000 ) ) ;
#5101 = ORIENTED_EDGE ( 'NONE', *, *, #4335, .F. ) ;
#5102 = CARTESIAN_POINT ( 'NONE',  ( 1.343581129629361159, 0.6935811296293619144, -0.3750000000000000000 ) ) ;
#5103 = EDGE_CURVE ( 'NONE', #4188, #2991, #2361, .T. ) ;
#5104 = EDGE_LOOP ( 'NONE', ( #1346, #3882, #1372, #184 ) ) ;
#5105 = ORIENTED_EDGE ( 'NONE', *, *, #5232, .F. ) ;
#5106 = DIRECTION ( 'NONE',  ( 0.000000000000000000, 0.9975640502598243087, 0.06975647374412440038 ) ) ;
#5107 = CARTESIAN_POINT ( 'NONE',  ( 1.374999999999999778, -0.7999999999999998224, -0.08000000000000000167 ) ) ;
#5108 =( NAMED_UNIT ( * ) SI_UNIT ( $, .STERADIAN. ) SOLID_ANGLE_UNIT ( ) );
#5109 = CARTESIAN_POINT ( 'NONE',  ( 0.7299999999999995381, -1.199999999999999956, -0.2855262579950635371 ) ) ;
#5110 = MECHANICAL_DESIGN_GEOMETRIC_PRESENTATION_REPRESENTATION (  '', ( #1861 ), #1441 ) ;
#5111 = ORIENTED_EDGE ( 'NONE', *, *, #5103, .T. ) ;
#5112 =( NAMED_UNIT ( * ) PLANE_ANGLE_UNIT ( ) SI_UNIT ( $, .RADIAN. ) );
#5113 =( NAMED_UNIT ( * ) SI_UNIT ( $, .STERADIAN. ) SOLID_ANGLE_UNIT ( ) );
#5114 = CARTESIAN_POINT ( 'NONE',  ( -1.170000000000000373, -0.7999999999999998224, -0.08000000000000000167 ) ) ;
#5115 = LINE ( 'NONE', #1760, #1766 ) ;
#5116 = ORIENTED_EDGE ( 'NONE', *, *, #519, .F. ) ;
#5117 = LINE ( 'NONE', #3902, #3972 ) ;
#5118 = SURFACE_STYLE_FILL_AREA ( #1822 ) ;
#5119 = PRESENTATION_LAYER_ASSIGNMENT (  '', '', ( #1362 ) ) ;
#5120 = ADVANCED_FACE ( 'NONE', ( #4735 ), #2061, .T. ) ;
#5121 = ADVANCED_FACE ( 'NONE', ( #1659 ), #2678, .F. ) ;
#5122 = CARTESIAN_POINT ( 'NONE',  ( -1.449999626916908646, 0.7252731602562250135, -0.08000354964850762973 ) ) ;
#5123 =( GEOMETRIC_REPRESENTATION_CONTEXT ( 3 ) GLOBAL_UNCERTAINTY_ASSIGNED_CONTEXT ( ( #2590 ) ) GLOBAL_UNIT_ASSIGNED_CONTEXT ( ( #4665, #1814, #3039 ) ) REPRESENTATION_CONTEXT ( 'NONE', 'WORKASPACE' ) );
#5124 = CARTESIAN_POINT ( 'NONE',  ( -1.375409738600888110, 0.7999988807535084456, -0.08001064891903698906 ) ) ;
#5125 = CIRCLE ( 'NONE', #781, 0.1999999999999998723 ) ;
#5126 = PRESENTATION_STYLE_ASSIGNMENT (( #1019 ) ) ;
#5127 = PRESENTATION_STYLE_ASSIGNMENT (( #5098 ) ) ;
#5128 = CARTESIAN_POINT ( 'NONE',  ( 1.169999999999999707, 1.000000000000000000, -0.2855262579950638147 ) ) ;
#5129 = DIRECTION ( 'NONE',  ( 1.000000000000000000, 0.000000000000000000, 0.000000000000000000 ) ) ;
#5130 = ORIENTED_EDGE ( 'NONE', *, *, #2963, .T. ) ;
#5131 = SURFACE_STYLE_USAGE ( .BOTH. , #3305 ) ;
#5132 = STYLED_ITEM ( 'NONE', ( #3671 ), #2140 ) ;
#5133 = FACE_OUTER_BOUND ( 'NONE', #2774, .T. ) ;
#5134 = COLOUR_RGB ( '',0.9607843137254902244, 0.9607843137254902244, 0.9607843137254902244 ) ;
#5135 = DIRECTION ( 'NONE',  ( 0.000000000000000000, 0.000000000000000000, -1.000000000000000000 ) ) ;
#5136 = ORIENTED_EDGE ( 'NONE', *, *, #4044, .T. ) ;
#5137 = VERTEX_POINT ( 'NONE', #2741 ) ;
#5138 = EDGE_CURVE ( 'NONE', #3194, #4220, #5160, .T. ) ;
#5139 = FILL_AREA_STYLE_COLOUR ( '', #2980 ) ;
#5140 = FILL_AREA_STYLE_COLOUR ( '', #2519 ) ;
#5141 =( NAMED_UNIT ( * ) SI_UNIT ( $, .STERADIAN. ) SOLID_ANGLE_UNIT ( ) );
#5142 = VERTEX_POINT ( 'NONE', #2330 ) ;
#5143 = LINE ( 'NONE', #1475, #2527 ) ;
#5144 = STYLED_ITEM ( 'NONE', ( #2759 ), #863 ) ;
#5145 = PRESENTATION_STYLE_ASSIGNMENT (( #3435 ) ) ;
#5146 = SURFACE_SIDE_STYLE ('',( #4340 ) ) ;
#5147 = ORIENTED_EDGE ( 'NONE', *, *, #2296, .T. ) ;
#5148 = CARTESIAN_POINT ( 'NONE',  ( -1.170000000000000373, -0.9999999999999997780, -0.2855262579950638147 ) ) ;
#5149 = CARTESIAN_POINT ( 'NONE',  ( 1.374999999999999778, -0.7999999999999998224, -0.08000000000000000167 ) ) ;
#5150 = LINE ( 'NONE', #4729, #699 ) ;
#5151 = VERTEX_POINT ( 'NONE', #1933 ) ;
#5152 = CARTESIAN_POINT ( 'NONE',  ( 1.433513194572082705, 0.7089240524194624360, 0.2368614755270582184 ) ) ;
#5153 = MECHANICAL_DESIGN_GEOMETRIC_PRESENTATION_REPRESENTATION (  '', ( #4293 ), #3885 ) ;
#5154 = DIRECTION ( 'NONE',  ( 1.000000000000000000, 0.000000000000000000, 0.000000000000000000 ) ) ;
#5155 = CARTESIAN_POINT ( 'NONE',  ( -0.2200000000000004730, 0.9599999999999994094, 0.07999999999999998779 ) ) ;
#5156 = ADVANCED_FACE ( 'NONE', ( #3554 ), #3155, .F. ) ;
#5157 = EDGE_CURVE ( 'NONE', #4156, #911, #1341, .T. ) ;
#5158 = SURFACE_STYLE_FILL_AREA ( #5045 ) ;
#5159 = FILL_AREA_STYLE ('',( #669 ) ) ;
#5160 = LINE ( 'NONE', #728, #4513 ) ;
#5161 = ORIENTED_EDGE ( 'NONE', *, *, #519, .T. ) ;
#5162 = SPHERICAL_SURFACE ( 'NONE', #2037, 0.07499999999999999722 ) ;
#5163 = UNCERTAINTY_MEASURE_WITH_UNIT (LENGTH_MEASURE( 1.000000000000000082E-05 ), #3579, 'distance_accuracy_value', 'NONE');
#5164 = CIRCLE ( 'NONE', #2664, 0.07499999999999998335 ) ;
#5165 = ADVANCED_FACE ( 'NONE', ( #4953 ), #2992, .T. ) ;
#5166 = ORIENTED_EDGE ( 'NONE', *, *, #5019, .F. ) ;
#5167 = ORIENTED_EDGE ( 'NONE', *, *, #2167, .F. ) ;
#5168 = COLOUR_RGB ( '',0.8039215686274510109, 0.8039215686274510109, 0.8039215686274510109 ) ;
#5169 = LINE ( 'NONE', #4466, #2789 ) ;
#5170 = LINE ( 'NONE', #4011, #3173 ) ;
#5171 = VECTOR ( 'NONE', #2513, 1000.000000000000000 ) ;
#5172 = DIRECTION ( 'NONE',  ( 0.000000000000000000, 0.000000000000000000, -1.000000000000000000 ) ) ;
#5173 = VERTEX_POINT ( 'NONE', #1761 ) ;
#5174 = CARTESIAN_POINT ( 'NONE',  ( -1.170000000000000373, 1.159999999999999032, -0.1199999999999997735 ) ) ;
#5175 = EDGE_CURVE ( 'NONE', #3087, #713, #5208, .T. ) ;
#5176 = ORIENTED_EDGE ( 'NONE', *, *, #4336, .F. ) ;
#5177 = SURFACE_SIDE_STYLE ('',( #3524 ) ) ;
#5178 = CARTESIAN_POINT ( 'NONE',  ( 0.7299999999999995381, -1.159999999999999032, -0.1199999999999997735 ) ) ;
#5179 = CYLINDRICAL_SURFACE ( 'NONE', #281, 0.07499999999999998335 ) ;
#5180 = ORIENTED_EDGE ( 'NONE', *, *, #3793, .F. ) ;
#5181 = COLOUR_RGB ( '',0.8039215686274510109, 0.8039215686274510109, 0.8039215686274510109 ) ;
#5182 = PRESENTATION_LAYER_ASSIGNMENT (  '', '', ( #2172 ) ) ;
#5183 = LINE ( 'NONE', #2673, #1526 ) ;
#5184 = FILL_AREA_STYLE ('',( #2782 ) ) ;
#5185 = LINE ( 'NONE', #4319, #4181 ) ;
#5186 = DIRECTION ( 'NONE',  ( 0.1039620511844980416, -0.1039620511844981943, 0.9891328443778539814 ) ) ;
#5187 = PLANE ( 'NONE',  #912 ) ;
#5188 = DIRECTION ( 'NONE',  ( 0.000000000000000000, 0.000000000000000000, 1.000000000000000000 ) ) ;
#5189 = ORIENTED_EDGE ( 'NONE', *, *, #2236, .T. ) ;
#5190 = DIRECTION ( 'NONE',  ( 0.000000000000000000, -0.9975640502598243087, 0.06975647374412440038 ) ) ;
#5191 = CARTESIAN_POINT ( 'NONE',  ( 1.375409738600887666, -0.7999988807535080015, 0.08001064891903693355 ) ) ;
#5192 = ORIENTED_EDGE ( 'NONE', *, *, #2553, .T. ) ;
#5193 = ORIENTED_EDGE ( 'NONE', *, *, #2744, .F. ) ;
#5194 = FILL_AREA_STYLE ('',( #4415 ) ) ;
#5195 = SPHERICAL_SURFACE ( 'NONE', #584, 0.07499999999999999722 ) ;
#5196 = EDGE_CURVE ( 'NONE', #303, #5048, #2878, .T. ) ;
#5197 = ADVANCED_FACE ( 'NONE', ( #898 ), #2498, .T. ) ;
#5198 = DIRECTION ( 'NONE',  ( 0.000000000000000000, 0.000000000000000000, -1.000000000000000000 ) ) ;
#5199 = AXIS2_PLACEMENT_3D ( 'NONE', #1391, #3461, #5083 ) ;
#5200 = ORIENTED_EDGE ( 'NONE', *, *, #234, .T. ) ;
#5201 = AXIS2_PLACEMENT_3D ( 'NONE', #3266, #862, #384 ) ;
#5202 = DIRECTION ( 'NONE',  ( 0.000000000000000000, 3.957832284416030179E-15, -1.000000000000000000 ) ) ;
#5203 = AXIS2_PLACEMENT_3D ( 'NONE', #2935, #521, #3279 ) ;
#5204 = ORIENTED_EDGE ( 'NONE', *, *, #4418, .T. ) ;
#5205 = CARTESIAN_POINT ( 'NONE',  ( -0.2200000000000004730, -1.159999999999999032, -0.1199999999999997735 ) ) ;
#5206 = DIRECTION ( 'NONE',  ( 0.000000000000000000, -1.351951388106425141E-15, -1.000000000000000000 ) ) ;
#5207 = VECTOR ( 'NONE', #1727, 1000.000000000000000 ) ;
#5208 = CIRCLE ( 'NONE', #3999, 0.07499999999999998335 ) ;
#5209 = EDGE_CURVE ( 'NONE', #3163, #4302, #2556, .T. ) ;
#5210 = CARTESIAN_POINT ( 'NONE',  ( -1.375136580382891660, -0.7999999999999998224, -0.07999999999999990452 ) ) ;
#5211 = VECTOR ( 'NONE', #4758, 1000.000000000000000 ) ;
#5212 =( LENGTH_UNIT ( ) NAMED_UNIT ( * ) SI_UNIT ( .MILLI., .METRE. ) );
#5213 = SURFACE_SIDE_STYLE ('',( #3942 ) ) ;
#5214 = DIRECTION ( 'NONE',  ( 0.000000000000000000, 0.000000000000000000, -1.000000000000000000 ) ) ;
#5215 = LINE ( 'NONE', #4349, #4142 ) ;
#5216 = LINE ( 'NONE', #1513, #4255 ) ;
#5217 = VERTEX_POINT ( 'NONE', #4578 ) ;
#5218 = CIRCLE ( 'NONE', #1612, 0.07499999999999998335 ) ;
#5219 = SURFACE_STYLE_FILL_AREA ( #756 ) ;
#5220 = AXIS2_PLACEMENT_3D ( 'NONE', #1488, #4294, #252 ) ;
#5221 = DIRECTION ( 'NONE',  ( 0.9945218953682732899, 0.000000000000000000, -0.1045284632676538178 ) ) ;
#5222 = CARTESIAN_POINT ( 'NONE',  ( -1.343581129629361604, 0.000000000000000000, 0.3750000000000000000 ) ) ;
#5223 = VERTEX_POINT ( 'NONE', #4932 ) ;
#5224 = VECTOR ( 'NONE', #1928, 1000.000000000000000 ) ;
#5225 = VERTEX_POINT ( 'NONE', #1264 ) ;
#5226 = DIRECTION ( 'NONE',  ( -0.1039620511844979445, 0.1039620511844979445, 0.9891328443778539814 ) ) ;
#5227 = DIRECTION ( 'NONE',  ( 0.000000000000000000, 0.000000000000000000, -1.000000000000000000 ) ) ;
#5228 = PLANE ( 'NONE',  #4393 ) ;
#5229 = MECHANICAL_DESIGN_GEOMETRIC_PRESENTATION_REPRESENTATION (  '', ( #1628 ), #1964 ) ;
#5230 = PRESENTATION_LAYER_ASSIGNMENT (  '', '', ( #1286 ) ) ;
#5231 = EDGE_CURVE ( 'NONE', #3457, #2314, #1772, .T. ) ;
#5232 = EDGE_CURVE ( 'NONE', #4419, #2135, #2213, .T. ) ;
#5233 = ORIENTED_EDGE ( 'NONE', *, *, #5209, .F. ) ;
#5234 = DIRECTION ( 'NONE',  ( 0.000000000000000000, 0.000000000000000000, 1.000000000000000000 ) ) ;
#5235 = AXIS2_PLACEMENT_3D ( 'NONE', #3057, #224, #4711 ) ;
#5236 = LINE ( 'NONE', #2367, #3436 ) ;
#5237 =( BOUNDED_CURVE ( )  B_SPLINE_CURVE ( 3, ( #1503, #2292, #3931, #4015 ),
 .UNSPECIFIED., .F., .T. ) 
 B_SPLINE_CURVE_WITH_KNOTS ( ( 4, 4 ),
 ( 0.000000000000000000, 0.005463208521530355140 ),
 .UNSPECIFIED. ) 
 CURVE ( )  GEOMETRIC_REPRESENTATION_ITEM ( )  RATIONAL_B_SPLINE_CURVE ( ( 1.000000000000000000, 0.9999975127809339615, 0.9999975127809339615, 1.000000000000000000 ) ) 
 REPRESENTATION_ITEM ( '' )  );
#5238 = ORIENTED_EDGE ( 'NONE', *, *, #2331, .F. ) ;
#5239 = VECTOR ( 'NONE', #1493, 1000.000000000000114 ) ;
#5240 = DIRECTION ( 'NONE',  ( 0.000000000000000000, 0.000000000000000000, -1.000000000000000000 ) ) ;
#5241 = PRESENTATION_LAYER_ASSIGNMENT (  '', '', ( #2745 ) ) ;
#5242 = DIRECTION ( 'NONE',  ( 1.000000000000000000, 0.000000000000000000, 0.000000000000000000 ) ) ;
#5243 = DIRECTION ( 'NONE',  ( -1.000000000000000000, 0.000000000000000000, -0.000000000000000000 ) ) ;
#5244 = CARTESIAN_POINT ( 'NONE',  ( -0.7300000000000004263, 1.399999999999999911, -0.5000000000000000000 ) ) ;
#5245 = SURFACE_STYLE_FILL_AREA ( #4891 ) ;
#5246 = CARTESIAN_POINT ( 'NONE',  ( -1.170000000000000373, -1.253024352625586868, -0.3293317578527860667 ) ) ;
#5247 = SURFACE_STYLE_FILL_AREA ( #2403 ) ;
#5248 = VERTEX_POINT ( 'NONE', #207 ) ;
#5249 = VECTOR ( 'NONE', #1735, 1000.000000000000000 ) ;
#5250 = ORIENTED_EDGE ( 'NONE', *, *, #620, .T. ) ;
#5251 = SURFACE_SIDE_STYLE ('',( #3589 ) ) ;
#5252 = VECTOR ( 'NONE', #1851, 1000.000000000000000 ) ;
#5253 = SURFACE_STYLE_FILL_AREA ( #739 ) ;
#5254 = CARTESIAN_POINT ( 'NONE',  ( -1.183581129629361683, -0.5335811296293614392, 0.4500000000000000111 ) ) ;
#5255 = PRESENTATION_LAYER_ASSIGNMENT (  '', '', ( #1400 ) ) ;
#5256 = ORIENTED_EDGE ( 'NONE', *, *, #1582, .T. ) ;
#5257 = DIRECTION ( 'NONE',  ( 0.000000000000000000, 0.000000000000000000, -1.000000000000000000 ) ) ;
#5258 = CARTESIAN_POINT ( 'NONE',  ( 1.449998880753508024, -0.7254097386008874215, -0.08001064891903697518 ) ) ;
#5259 = CIRCLE ( 'NONE', #1071, 0.2000000000000000389 ) ;
#5260 = EDGE_CURVE ( 'NONE', #4276, #2389, #5143, .T. ) ;
#5261 = ORIENTED_EDGE ( 'NONE', *, *, #1049, .F. ) ;
#5262 = SURFACE_STYLE_USAGE ( .BOTH. , #2831 ) ;
#5263 = CYLINDRICAL_SURFACE ( 'NONE', #2945, 0.1999999999999998723 ) ;
#5264 =( NAMED_UNIT ( * ) PLANE_ANGLE_UNIT ( ) SI_UNIT ( $, .RADIAN. ) );
#5265 = UNCERTAINTY_MEASURE_WITH_UNIT (LENGTH_MEASURE( 1.000000000000000082E-05 ), #3677, 'distance_accuracy_value', 'NONE');
#5266 = ADVANCED_FACE ( 'NONE', ( #2666 ), #4367, .F. ) ;
#5267 = LINE ( 'NONE', #28, #2504 ) ;
#5268 = AXIS2_PLACEMENT_3D ( 'NONE', #134, #1403, #5040 ) ;
#5269 = DIRECTION ( 'NONE',  ( 0.000000000000000000, 1.000000000000000000, 0.000000000000000000 ) ) ;
#5270 = VECTOR ( 'NONE', #191, 1000.000000000000000 ) ;
#5271 = DIRECTION ( 'NONE',  ( 1.000000000000000000, 0.000000000000000000, 0.000000000000000000 ) ) ;
#5272 = CARTESIAN_POINT ( 'NONE',  ( 0.7299999999999995381, -0.8999999999999999112, -0.08000000000000000167 ) ) ;
#5273 = ORIENTED_EDGE ( 'NONE', *, *, #582, .T. ) ;
#5274 = VERTEX_POINT ( 'NONE', #5064 ) ;
#5275 = SURFACE_STYLE_FILL_AREA ( #3613 ) ;
#5276 =( NAMED_UNIT ( * ) PLANE_ANGLE_UNIT ( ) SI_UNIT ( $, .RADIAN. ) );
#5277 = ADVANCED_FACE ( 'NONE', ( #5087 ), #1873, .T. ) ;
#5278 =( NAMED_UNIT ( * ) SI_UNIT ( $, .STERADIAN. ) SOLID_ANGLE_UNIT ( ) );
#5279 = CLOSED_SHELL ( 'NONE', ( #3631, #4878, #1880, #266 ) ) ;
#5280 = MECHANICAL_DESIGN_GEOMETRIC_PRESENTATION_REPRESENTATION (  '', ( #332 ), #2695 ) ;
#5281 = VERTEX_POINT ( 'NONE', #3929 ) ;
#5282 =( NAMED_UNIT ( * ) SI_UNIT ( $, .STERADIAN. ) SOLID_ANGLE_UNIT ( ) );
#5283 =( NAMED_UNIT ( * ) SI_UNIT ( $, .STERADIAN. ) SOLID_ANGLE_UNIT ( ) );
#5284 = AXIS2_PLACEMENT_3D ( 'NONE', #2767, #4412, #3560 ) ;
#5285 = VERTEX_POINT ( 'NONE', #292 ) ;
#5286 = DIRECTION ( 'NONE',  ( 0.000000000000000000, -1.000000000000000000, 3.957832284416029391E-15 ) ) ;
#5287 = VECTOR ( 'NONE', #4798, 1000.000000000000000 ) ;
ENDSEC;
END-ISO-10303-21;
